DateTime,Open,High,Low,Close,Volume
2024-01-01 09:00:00,9995.234384362613,10045.234384362613,9985.234384362613,9982.234384362613,1936
2024-01-01 09:01:00,19933.5024714023,19989.5024714023,19911.5024714023,19933.5024714023,4106
2024-01-01 09:02:00,29866.463456596954,29893.463456596954,29810.463456596954,29911.463456596954,4412
2024-01-01 09:03:00,39871.7268515757,39952.7268515757,39806.7268515757,39907.7268515757,446
2024-01-01 09:04:00,49979.17156814788,50057.17156814788,49950.17156814788,50021.17156814788,9874
2024-01-01 09:05:00,59973.01630950261,59986.01630950261,59941.01630950261,60012.01630950261,3140
2024-01-01 09:06:00,70043.01754871946,70130.01754871946,69953.01754871946,70088.01754871946,6037
2024-01-01 09:07:00,80068.42217546857,80083.42217546857,79981.42217546857,80105.42217546857,1791
2024-01-01 09:08:00,90031.89569536659,90121.89569536659,89973.89569536659,90043.89569536659,8509
2024-01-01 09:09:00,100051.32364248025,100100.32364248025,99955.32364248025,100089.32364248025,5326
2024-01-01 09:10:00,110052.79798418406,110147.79798418406,109976.79798418406,110107.79798418406,784
2024-01-01 09:11:00,120162.37533609083,120222.37533609083,120081.37533609083,120229.37533609083,470
2024-01-01 09:12:00,130210.14889020778,130262.14889020778,130134.14889020778,130264.14889020778,9485
2024-01-01 09:13:00,140170.03252911387,140220.03252911387,140101.03252911387,140217.03252911387,1170
2024-01-01 09:14:00,150099.28795265255,150159.28795265255,150048.28795265255,150154.28795265255,9159
2024-01-01 09:15:00,160149.33685564937,160232.33685564937,160084.33685564937,160168.33685564937,917
2024-01-01 09:16:00,170116.59348875604,170184.59348875604,170082.59348875604,170173.59348875604,7413
2024-01-01 09:17:00,180074.93538776325,180170.93538776325,180020.93538776325,180133.93538776325,4261
2024-01-01 09:18:00,190130.27199940715,190192.27199940715,190063.27199940715,190204.27199940715,1174
2024-01-01 09:19:00,200124.7992527851,200182.7992527851,200112.7992527851,200133.7992527851,2863
2024-01-01 09:20:00,210187.55803463384,210208.55803463384,210125.55803463384,210222.55803463384,3302
2024-01-01 09:21:00,220117.72376220278,220150.72376220278,220068.72376220278,220205.72376220278,2140
2024-01-01 09:22:00,230161.80882255343,230243.80882255343,230080.80882255343,230167.80882255343,9840
2024-01-01 09:23:00,240217.1868136171,240281.1868136171,240148.1868136171,240262.1868136171,5665
2024-01-01 09:24:00,250225.09412335063,250298.09412335063,250199.09412335063,250268.09412335063,847
2024-01-01 09:25:00,260208.75722905045,260290.75722905045,260116.75722905045,260279.75722905045,7733
2024-01-01 09:26:00,270235.062562746,270259.062562746,270161.062562746,270245.062562746,2286
2024-01-01 09:27:00,280171.55716374173,280256.55716374173,280095.55716374173,280252.55716374173,4004
2024-01-01 09:28:00,290221.10707694513,290253.10707694513,290135.10707694513,290243.10707694513,1573
2024-01-01 09:29:00,300250.6079462238,300291.6079462238,300187.6079462238,300350.6079462238,4919
2024-01-01 09:30:00,310304.59260843444,310318.59260843444,310237.59260843444,310371.59260843444,4204
2024-01-01 09:31:00,320362.44665749674,320426.44665749674,320317.44665749674,320401.44665749674,3390
2024-01-01 09:32:00,330410.08487205254,330495.08487205254,330354.08487205254,330444.08487205254,7010
2024-01-01 09:33:00,340423.2024554169,340491.2024554169,340331.2024554169,340519.2024554169,2062
2024-01-01 09:34:00,350470.8352126171,350565.8352126171,350412.8352126171,350510.8352126171,1508
2024-01-01 09:35:00,360568.09040097287,360597.09040097287,360511.09040097287,360650.09040097287,5552
2024-01-01 09:36:00,370576.4935220821,370671.4935220821,370520.4935220821,370621.4935220821,8381
2024-01-01 09:37:00,380654.78375385713,380686.78375385713,380605.78375385713,380764.78375385713,7065
2024-01-01 09:38:00,390731.83192849945,390765.83192849945,390691.83192849945,390773.83192849945,3826
2024-01-01 09:39:00,400642.1604592132,400693.1604592132,400566.1604592132,400686.1604592132,3246
2024-01-01 09:40:00,410626.1873800766,410645.1873800766,410600.1873800766,410705.1873800766,980
2024-01-01 09:41:00,420673.8448144136,420693.8448144136,420622.8448144136,420780.8448144136,8264
2024-01-01 09:42:00,430683.99973382056,430724.99973382056,430642.99973382056,430722.99973382056,7258
2024-01-01 09:43:00,440663.26169497514,440703.26169497514,440642.26169497514,440744.26169497514,7079
2024-01-01 09:44:00,450696.52325420367,450771.52325420367,450675.52325420367,450761.52325420367,4805
2024-01-01 09:45:00,460709.36342028936,460806.36342028936,460634.36342028936,460783.36342028936,5562
2024-01-01 09:46:00,470786.3685013528,470814.3685013528,470729.3685013528,470917.3685013528,4185
2024-01-01 09:47:00,480798.49817742326,480835.49817742326,480706.49817742326,480875.49817742326,495
2024-01-01 09:48:00,490819.42437102646,490851.42437102646,490750.42437102646,490950.42437102646,4193
2024-01-01 09:49:00,500782.943887,500815.943887,500761.943887,500833.943887,4560
2024-01-01 09:50:00,510701.6738423515,510774.6738423515,510640.6738423515,510772.6738423515,3938
2024-01-01 09:51:00,520596.576480021,520653.576480021,520562.576480021,520743.576480021,1537
2024-01-01 09:52:00,530507.0131834971,530582.0131834971,530461.0131834971,530561.0131834971,2792
2024-01-01 09:53:00,540467.7064613997,540489.7064613997,540386.7064613997,540583.7064613997,4622
2024-01-01 09:54:00,550423.8048902866,550484.8048902866,550357.8048902866,550579.8048902866,4439
2024-01-01 09:55:00,560400.7113492573,560476.7113492573,560305.7113492573,560504.7113492573,1744
2024-01-01 09:56:00,570395.0312944226,570491.0312944226,570359.0312944226,570553.0312944226,2090
2024-01-01 09:57:00,580336.6189127686,580350.6189127686,580288.6189127686,580462.6189127686,2722
2024-01-01 09:58:00,590290.7005249095,590317.7005249095,590234.7005249095,590378.7005249095,2395
2024-01-01 09:59:00,600358.7970063334,600399.7970063334,600281.7970063334,600483.7970063334,3300
2024-01-01 10:00:00,610449.3083060867,610470.3083060867,610411.3083060867,610521.3083060867,4188
2024-01-01 10:01:00,620490.7968079987,620551.7968079987,620403.7968079987,620591.7968079987,3555
2024-01-01 10:02:00,630409.3550948392,630482.3550948392,630375.3550948392,630526.3550948392,7096
2024-01-01 10:03:00,640444.5355136167,640530.5355136167,640375.5355136167,640556.5355136167,9554
2024-01-01 10:04:00,650348.6815918355,650389.6815918355,650249.6815918355,650519.6815918355,1463
2024-01-01 10:05:00,660289.5502588287,660387.5502588287,660223.5502588287,660403.5502588287,3100
2024-01-01 10:06:00,670287.2239087226,670375.2239087226,670223.2239087226,670402.2239087226,4197
2024-01-01 10:07:00,680293.7525940809,680380.7525940809,680280.7525940809,680404.7525940809,3738
2024-01-01 10:08:00,690212.3473692493,690258.3473692493,690187.3473692493,690314.3473692493,3124
2024-01-01 10:09:00,700194.3676401203,700279.3676401203,700176.3676401203,700306.3676401203,7360
2024-01-01 10:10:00,710224.2390173208,710254.2390173208,710203.2390173208,710365.2390173208,5618
2024-01-01 10:11:00,720308.6785630824,720346.6785630824,720248.6785630824,720462.6785630824,6968
2024-01-01 10:12:00,730389.8501302331,730453.8501302331,730312.8501302331,730576.8501302331,1216
2024-01-01 10:13:00,740312.4083690867,740355.4083690867,740274.4083690867,740422.4083690867,9140
2024-01-01 10:14:00,750277.6047545819,750325.6047545819,750225.6047545819,750414.6047545819,2345
2024-01-01 10:15:00,760191.5655317907,760268.5655317907,760163.5655317907,760370.5655317907,9453
2024-01-01 10:16:00,770143.9464591861,770223.9464591861,770108.9464591861,770306.9464591861,7668
2024-01-01 10:17:00,780009.7544631513,780107.7544631513,779915.7544631513,780155.7544631513,6438
2024-01-01 10:18:00,790002.9368142384,790074.9368142384,789952.9368142384,790206.9368142384,8639
2024-01-01 10:19:00,799984.494150419,800008.494150419,799923.494150419,800110.494150419,5171
2024-01-01 10:20:00,809965.1796760472,809993.1796760472,809897.1796760472,810081.1796760472,7544
2024-01-01 10:21:00,819927.8039427154,819989.8039427154,819867.8039427154,820092.8039427154,5670
2024-01-01 10:22:00,829936.3212011625,829982.3212011625,829914.3212011625,830095.3212011625,1469
2024-01-01 10:23:00,839944.6782711251,840022.6782711251,839912.6782711251,840132.6782711251,318
2024-01-01 10:24:00,849872.667893778,849891.667893778,849795.667893778,850054.667893778,7425
2024-01-01 10:25:00,859788.530953468,859807.530953468,859751.530953468,859931.530953468,5857
2024-01-01 10:26:00,869719.6907711093,869793.6907711093,869701.6907711093,869895.6907711093,6225
2024-01-01 10:27:00,879769.1462113004,879845.1462113004,879718.1462113004,879912.1462113004,7870
2024-01-01 10:28:00,889796.3813913874,889873.3813913874,889771.3813913874,889965.3813913874,4933
2024-01-01 10:29:00,899736.7091794779,899755.7091794779,899704.7091794779,899928.7091794779,1088
2024-01-01 10:30:00,909789.7699250119,909820.7699250119,909734.7699250119,909932.7699250119,6863
2024-01-01 10:31:00,919777.3627782206,919807.3627782206,919705.3627782206,919970.3627782206,7456
2024-01-01 10:32:00,929769.672238564,929814.672238564,929725.672238564,929960.672238564,2713
2024-01-01 10:33:00,939766.1922645676,939792.1922645676,939671.1922645676,939987.1922645676,1792
2024-01-01 10:34:00,949749.9195310918,949838.9195310918,949669.9195310918,949904.9195310918,4880
2024-01-01 10:35:00,959840.4067992528,959858.4067992528,959767.4067992528,960069.4067992528,8512
2024-01-01 10:36:00,969811.7321332399,969827.7321332399,969741.7321332399,970031.7321332399,6679
2024-01-01 10:37:00,979766.7849948797,979836.7849948797,979735.7849948797,979956.7849948797,9819
2024-01-01 10:38:00,989824.9574648422,989855.9574648422,989783.9574648422,990001.9574648422,284
2024-01-01 10:39:00,999812.7617463438,999824.7617463438,999735.7617463438,1000050.7617463438,6760
2024-01-01 10:40:00,1009749.7146591794,1009821.7146591794,1009687.7146591794,1009994.7146591794,9192
2024-01-01 10:41:00,1019797.1997549318,1019874.1997549318,1019786.1997549318,1019963.1997549318,1075
2024-01-01 10:42:00,1029862.9556427532,1029881.9556427532,1029796.9556427532,1030024.9556427532,4933
2024-01-01 10:43:00,1039789.3780371357,1039850.3780371357,1039729.3780371357,1039955.3780371357,5992
2024-01-01 10:44:00,1049824.311558585,1049896.311558585,1049796.311558585,1050006.311558585,8272
2024-01-01 10:45:00,1059785.4152747637,1059824.4152747637,1059734.4152747637,1060015.4152747637,7701
2024-01-01 10:46:00,1069754.9866009406,1069853.9866009406,1069659.9866009406,1069950.9866009406,8077
2024-01-01 10:47:00,1079773.6489520697,1079846.6489520697,1079729.6489520697,1079980.6489520697,7297
2024-01-01 10:48:00,1089863.4870884882,1089926.4870884882,1089780.4870884882,1090083.4870884882,3364
2024-01-01 10:49:00,1099856.3368989152,1099890.3368989152,1099816.3368989152,1100078.3368989152,375
2024-01-01 10:50:00,1109921.629526766,1109943.629526766,1109849.629526766,1110140.629526766,746
2024-01-01 10:51:00,1119804.4572341973,1119832.4572341973,1119749.4572341973,1120059.4572341973,5004
2024-01-01 10:52:00,1129803.3091553582,1129827.3091553582,1129762.3091553582,1129997.3091553582,1046
2024-01-01 10:53:00,1139747.237590894,1139844.237590894,1139723.237590894,1140007.237590894,9685
2024-01-01 10:54:00,1149691.2199133902,1149759.2199133902,1149647.2199133902,1149948.2199133902,4973
2024-01-01 10:55:00,1159656.0709388503,1159688.0709388503,1159563.0709388503,1159863.0709388503,4582
2024-01-01 10:56:00,1169675.809392672,1169755.809392672,1169642.809392672,1169894.809392672,3207
2024-01-01 10:57:00,1179695.8696998958,1179746.8696998958,1179606.8696998958,1179929.8696998958,6964
2024-01-01 10:58:00,1189673.5215043225,1189752.5215043225,1189578.5215043225,1189889.5215043225,5773
2024-01-01 10:59:00,1199723.4090157552,1199742.4090157552,1199694.4090157552,1199982.4090157552,3328
2024-01-01 11:00:00,1209697.61897134,1209774.61897134,1209670.61897134,1209967.61897134,2405
2024-01-01 11:01:00,1219747.764066395,1219819.764066395,1219676.764066395,1219943.764066395,7871
2024-01-01 11:02:00,1229720.2010538676,1229759.2010538676,1229659.2010538676,1229930.2010538676,5168
2024-01-01 11:03:00,1239732.0690861247,1239771.0690861247,1239668.0690861247,1239971.0690861247,1707
2024-01-01 11:04:00,1249610.9002653162,1249646.9002653162,1249596.9002653162,1249819.9002653162,9958
2024-01-01 11:05:00,1259628.2294349945,1259690.2294349945,1259532.2294349945,1259910.2294349945,160
2024-01-01 11:06:00,1269649.63236039,1269724.63236039,1269609.63236039,1269884.63236039,6472
2024-01-01 11:07:00,1279602.2028200107,1279654.2028200107,1279542.2028200107,1279838.2028200107,4659
2024-01-01 11:08:00,1289703.0027050062,1289765.0027050062,1289679.0027050062,1289946.0027050062,4321
2024-01-01 11:09:00,1299761.835317519,1299793.835317519,1299709.835317519,1300038.835317519,1988
2024-01-01 11:10:00,1309709.4065704257,1309742.4065704257,1309658.4065704257,1309965.4065704257,5771
2024-01-01 11:11:00,1319643.7100325953,1319682.7100325953,1319585.7100325953,1319932.7100325953,8779
2024-01-01 11:12:00,1329623.8217738692,1329644.8217738692,1329574.8217738692,1329882.8217738692,5174
2024-01-01 11:13:00,1339599.435113025,1339644.435113025,1339517.435113025,1339879.435113025,4560
2024-01-01 11:14:00,1349544.2507540265,1349555.2507540265,1349453.2507540265,1349792.2507540265,5452
2024-01-01 11:15:00,1359522.9366240762,1359559.9366240762,1359467.9366240762,1359748.9366240762,3499
2024-01-01 11:16:00,1369564.438755642,1369637.438755642,1369469.438755642,1369794.438755642,5460
2024-01-01 11:17:00,1379573.304433327,1379627.304433327,1379484.304433327,1379839.304433327,3906
2024-01-01 11:18:00,1389475.8279651818,1389574.8279651818,1389446.8279651818,1389799.8279651818,5999
2024-01-01 11:19:00,1399491.9837590982,1399534.9837590982,1399443.9837590982,1399723.9837590982,1763
2024-01-01 11:20:00,1409528.001371381,1409607.001371381,1409487.001371381,1409825.001371381,9279
2024-01-01 11:21:00,1419478.5772802145,1419567.5772802145,1419430.5772802145,1419732.5772802145,7505
2024-01-01 11:22:00,1429441.4457625747,1429523.4457625747,1429343.4457625747,1429714.4457625747,4114
2024-01-01 11:23:00,1439476.44608844,1439513.44608844,1439434.44608844,1439777.44608844,5698
2024-01-01 11:24:00,1449484.285312186,1449581.285312186,1449458.285312186,1449734.285312186,1483
2024-01-01 11:25:00,1459507.9884986924,1459544.9884986924,1459443.9884986924,1459774.9884986924,1539
2024-01-01 11:26:00,1469516.4189094084,1469597.4189094084,1469449.4189094084,1469839.4189094084,9162
2024-01-01 11:27:00,1479512.7617979227,1479537.7617979227,1479434.7617979227,1479835.7617979227,9173
2024-01-01 11:28:00,1489515.036838531,1489593.036838531,1489470.036838531,1489831.036838531,701
2024-01-01 11:29:00,1499394.9669046344,1499436.9669046344,1499311.9669046344,1499671.9669046344,521
2024-01-01 11:30:00,1509382.3056766863,1509427.3056766863,1509300.3056766863,1509710.3056766863,5579
2024-01-01 11:31:00,1519318.7963780302,1519347.7963780302,1519228.7963780302,1519597.7963780302,8039
2024-01-01 11:32:00,1529253.2249083475,1529283.2249083475,1529202.2249083475,1529582.2249083475,5467
2024-01-01 11:33:00,1539239.997761425,1539291.997761425,1539198.997761425,1539567.997761425,2614
2024-01-01 11:34:00,1549185.009304317,1549256.009304317,1549140.009304317,1549513.009304317,3613
2024-01-01 11:35:00,1559248.9134490488,1559341.9134490488,1559224.9134490488,1559579.9134490488,1467
2024-01-01 11:36:00,1569227.101724117,1569300.101724117,1569169.101724117,1569537.101724117,1770
2024-01-01 11:37:00,1579218.7605667198,1579273.7605667198,1579171.7605667198,1579558.7605667198,5926
2024-01-01 11:38:00,1589285.7551353835,1589323.7551353835,1589187.7551353835,1589555.7551353835,8534
2024-01-01 11:39:00,1599280.790541416,1599359.790541416,1599210.790541416,1599551.790541416,6405
2024-01-01 11:40:00,1609274.7379751746,1609338.7379751746,1609201.7379751746,1609614.7379751746,9890
2024-01-01 11:41:00,1619244.8716328335,1619275.8716328335,1619148.8716328335,1619613.8716328335,9920
2024-01-01 11:42:00,1629107.2234287977,1629137.2234287977,1629078.2234287977,1629458.2234287977,5300
2024-01-01 11:43:00,1639086.7388851235,1639169.7388851235,1639020.7388851235,1639415.7388851235,3884
2024-01-01 11:44:00,1649095.7001023646,1649166.7001023646,1649064.7001023646,1649378.7001023646,1138
2024-01-01 11:45:00,1659063.8718590892,1659141.8718590892,1659010.8718590892,1659439.8718590892,3065
2024-01-01 11:46:00,1669118.413966643,1669187.413966643,1669062.413966643,1669432.413966643,7967
2024-01-01 11:47:00,1679163.2437512574,1679242.2437512574,1679066.2437512574,1679520.2437512574,9490
2024-01-01 11:48:00,1689152.769581369,1689220.769581369,1689089.769581369,1689535.769581369,5142
2024-01-01 11:49:00,1699252.2428327985,1699298.2428327985,1699153.2428327985,1699612.2428327985,7505
2024-01-01 11:50:00,1709333.6090563003,1709432.6090563003,1709238.6090563003,1709670.6090563003,4959
2024-01-01 11:51:00,1719325.0187291144,1719349.0187291144,1719258.0187291144,1719694.0187291144,1664
2024-01-01 11:52:00,1729381.0770844321,1729449.0770844321,1729283.0770844321,1729722.0770844321,8608
2024-01-01 11:53:00,1739370.9969192953,1739393.9969192953,1739309.9969192953,1739708.9969192953,4931
2024-01-01 11:54:00,1749356.2850837144,1749383.2850837144,1749323.2850837144,1749719.2850837144,1111
2024-01-01 11:55:00,1759424.9890515658,1759498.9890515658,1759364.9890515658,1759758.9890515658,6125
2024-01-01 11:56:00,1769419.985003714,1769451.985003714,1769408.985003714,1769743.985003714,2110
2024-01-01 11:57:00,1779388.411993787,1779408.411993787,1779289.411993787,1779782.411993787,1270
2024-01-01 11:58:00,1789425.770982018,1789512.770982018,1789388.770982018,1789808.770982018,2592
2024-01-01 11:59:00,1799405.0539322682,1799477.0539322682,1799364.0539322682,1799806.0539322682,3657
2024-01-01 12:00:00,1809397.3181291402,1809424.3181291402,1809384.3181291402,1809721.3181291402,4557
2024-01-01 12:01:00,1819373.2271584547,1819400.2271584547,1819325.2271584547,1819754.2271584547,3571
2024-01-01 12:02:00,1829437.0294192298,1829492.0294192298,1829425.0294192298,1829850.0294192298,7073
2024-01-01 12:03:00,1839504.790745184,1839550.790745184,1839407.790745184,1839856.790745184,3454
2024-01-01 12:04:00,1849463.0722162982,1849493.0722162982,1849365.0722162982,1849804.0722162982,7751
2024-01-01 12:05:00,1859508.542077639,1859581.542077639,1859414.542077639,1859866.542077639,4762
2024-01-01 12:06:00,1869516.4666209386,1869561.4666209386,1869437.4666209386,1869932.4666209386,1154
2024-01-01 12:07:00,1879521.416979316,1879581.416979316,1879424.416979316,1879879.416979316,7066
2024-01-01 12:08:00,1889532.4687776328,1889547.4687776328,1889500.4687776328,1889890.4687776328,3281
2024-01-01 12:09:00,1899621.0296496209,1899691.0296496209,1899524.0296496209,1899981.0296496209,5582
2024-01-01 12:10:00,1909646.4538188186,1909664.4538188186,1909633.4538188186,1910060.4538188186,9181
2024-01-01 12:11:00,1919684.919083361,1919740.919083361,1919646.919083361,1920040.919083361,2770
2024-01-01 12:12:00,1929635.7375062583,1929722.7375062583,1929613.7375062583,1930034.7375062583,9531
2024-01-01 12:13:00,1939680.36503726,1939695.36503726,1939606.36503726,1940093.36503726,1724
2024-01-01 12:14:00,1949628.8347017,1949694.8347017,1949612.8347017,1950051.8347017,4290
2024-01-01 12:15:00,1959667.917010725,1959697.917010725,1959574.917010725,1960013.917010725,9266
2024-01-01 12:16:00,1969797.4629162112,1969837.4629162112,1969778.4629162112,1970178.4629162112,9373
2024-01-01 12:17:00,1979869.0334508545,1979935.0334508545,1979826.0334508545,1980229.0334508545,5329
2024-01-01 12:18:00,1989860.6793843242,1989955.6793843242,1989840.6793843242,1990305.6793843242,1782
2024-01-01 12:19:00,1999892.8863471008,1999934.8863471008,1999825.8863471008,2000273.8863471008,8772
2024-01-01 12:20:00,2009927.8803004206,2009991.8803004206,2009882.8803004206,2010323.8803004206,2989
2024-01-01 12:21:00,2019989.9352512367,2020019.9352512367,2019940.9352512367,2020435.9352512367,5632
2024-01-01 12:22:00,2030002.3364293561,2030026.3364293561,2029978.3364293561,2030428.3364293561,9890
2024-01-01 12:23:00,2040066.7725290675,2040094.7725290675,2040052.7725290675,2040475.7725290675,4932
2024-01-01 12:24:00,2050028.1202104467,2050057.1202104467,2049964.1202104467,2050404.1202104467,1909
2024-01-01 12:25:00,2059984.1260682957,2060033.1260682957,2059903.1260682957,2060367.1260682957,5630
2024-01-01 12:26:00,2069943.3036707605,2069998.3036707605,2069849.3036707605,2070378.3036707605,9593
2024-01-01 12:27:00,2079806.565464267,2079888.565464267,2079763.565464267,2080174.565464267,9514
2024-01-01 12:28:00,2089795.6193077455,2089813.6193077455,2089712.6193077455,2090168.6193077455,4004
2024-01-01 12:29:00,2099865.9406988425,2099902.9406988425,2099817.9406988425,2100282.9406988425,1469
2024-01-01 12:30:00,2109783.36735272,2109802.36735272,2109753.36735272,2110179.36735272,1342
2024-01-01 12:31:00,2119791.6239296775,2119838.6239296775,2119738.6239296775,2120188.6239296775,791
2024-01-01 12:32:00,2129879.1422473327,2129956.1422473327,2129855.1422473327,2130329.1422473327,4482
2024-01-01 12:33:00,2139784.2235669577,2139864.2235669577,2139722.2235669577,2140252.2235669577,5291
2024-01-01 12:34:00,2149865.864943678,2149920.864943678,2149847.864943678,2150253.864943678,9032
2024-01-01 12:35:00,2159856.9288849654,2159879.9288849654,2159800.9288849654,2160265.9288849654,6978
2024-01-01 12:36:00,2169872.2459379463,2169927.2459379463,2169850.2459379463,2170279.2459379463,1481
2024-01-01 12:37:00,2179887.355676798,2179902.355676798,2179809.355676798,2180323.355676798,5370
2024-01-01 12:38:00,2189893.484491737,2189959.484491737,2189860.484491737,2190324.484491737,4126
2024-01-01 12:39:00,2199924.7394494116,2199943.7394494116,2199866.7394494116,2200377.7394494116,9237
2024-01-01 12:40:00,2209948.3754766556,2210016.3754766556,2209929.3754766556,2210346.3754766556,5801
2024-01-01 12:41:00,2219944.7130725593,2220011.7130725593,2219911.7130725593,2220391.7130725593,6365
2024-01-01 12:42:00,2230024.056571665,2230112.056571665,2229991.056571665,2230422.056571665,4353
2024-01-01 12:43:00,2240052.994260048,2240069.994260048,2240031.994260048,2240503.994260048,4225
2024-01-01 12:44:00,2250083.4645501645,2250151.4645501645,2250010.4645501645,2250511.4645501645,9202
2024-01-01 12:45:00,2260097.1959973234,2260143.1959973234,2260062.1959973234,2260568.1959973234,304
2024-01-01 12:46:00,2270105.1121537806,2270163.1121537806,2270066.1121537806,2270536.1121537806,7864
2024-01-01 12:47:00,2280111.638863781,2280193.638863781,2280022.638863781,2280588.638863781,3720
2024-01-01 12:48:00,2290154.8343360694,2290214.8343360694,2290128.8343360694,2290588.8343360694,4498
2024-01-01 12:49:00,2300118.73653593,2300149.73653593,2300085.73653593,2300554.73653593,972
2024-01-01 12:50:00,2310099.497642267,2310126.497642267,2310010.497642267,2310522.497642267,9419
2024-01-01 12:51:00,2320063.108247524,2320157.108247524,2320029.108247524,2320501.108247524,4741
2024-01-01 12:52:00,2330021.816895773,2330066.816895773,2330004.816895773,2330510.816895773,5578
2024-01-01 12:53:00,2340026.1568266302,2340037.1568266302,2339963.1568266302,2340461.1568266302,1089
2024-01-01 12:54:00,2350015.8921637665,2350059.8921637665,2349975.8921637665,2350510.8921637665,4599
2024-01-01 12:55:00,2360043.4497714546,2360118.4497714546,2360007.4497714546,2360547.4497714546,8345
2024-01-01 12:56:00,2370123.020081526,2370198.020081526,2370069.020081526,2370606.020081526,469
2024-01-01 12:57:00,2380213.37210393,2380241.37210393,2380153.37210393,2380647.37210393,2132
2024-01-01 12:58:00,2390156.613793684,2390224.613793684,2390098.613793684,2390627.613793684,8956
2024-01-01 12:59:00,2400160.4363022656,2400256.4363022656,2400077.4363022656,2400655.4363022656,3449
2024-01-01 13:00:00,2410156.5420085653,2410200.5420085653,2410095.5420085653,2410662.5420085653,4938
2024-01-01 13:01:00,2420133.778722406,2420157.778722406,2420097.778722406,2420567.778722406,7854
2024-01-01 13:02:00,2430161.2666699486,2430205.2666699486,2430088.2666699486,2430667.2666699486,5977
2024-01-01 13:03:00,2440088.4652133966,2440110.4652133966,2440013.4652133966,2440544.4652133966,2662
2024-01-01 13:04:00,2450030.976108934,2450066.976108934,2449962.976108934,2450505.976108934,4505
2024-01-01 13:05:00,2460037.1789061185,2460090.1789061185,2460014.1789061185,2460535.1789061185,8796
2024-01-01 13:06:00,2469977.760810566,2469990.760810566,2469930.760810566,2470424.760810566,1356
2024-01-01 13:07:00,2479885.3897485593,2479900.3897485593,2479875.3897485593,2480396.3897485593,9808
2024-01-01 13:08:00,2489886.978290529,2489899.978290529,2489840.978290529,2490383.978290529,6658
2024-01-01 13:09:00,2499864.384433385,2499893.384433385,2499782.384433385,2500343.384433385,7174
2024-01-01 13:10:00,2509994.607252229,2510080.607252229,2509925.607252229,2510464.607252229,2671
2024-01-01 13:11:00,2519996.6483731265,2520041.6483731265,2519965.6483731265,2520452.6483731265,8593
2024-01-01 13:12:00,2530024.7255751602,2530038.7255751602,2529990.7255751602,2530553.7255751602,7579
2024-01-01 13:13:00,2540048.884706338,2540093.884706338,2539996.884706338,2540547.884706338,5464
2024-01-01 13:14:00,2550068.0351690836,2550115.0351690836,2550022.0351690836,2550538.0351690836,7983
2024-01-01 13:15:00,2559946.433460207,2560005.433460207,2559927.433460207,2560503.433460207,8396
2024-01-01 13:16:00,2569936.8618536554,2569955.8618536554,2569878.8618536554,2570495.8618536554,173
2024-01-01 13:17:00,2579968.924006611,2580064.924006611,2579939.924006611,2580449.924006611,2708
2024-01-01 13:18:00,2589910.8057923443,2589952.8057923443,2589868.8057923443,2590465.8057923443,5655
2024-01-01 13:19:00,2599909.9587892536,2599966.9587892536,2599820.9587892536,2600458.9587892536,7469
2024-01-01 13:20:00,2609872.4545203606,2609968.4545203606,2609836.4545203606,2610374.4545203606,5330
2024-01-01 13:21:00,2619851.1709385808,2619916.1709385808,2619833.1709385808,2620326.1709385808,7238
2024-01-01 13:22:00,2629773.9635182642,2629807.9635182642,2629687.9635182642,2630287.9635182642,1556
2024-01-01 13:23:00,2639857.02824422,2639933.02824422,2639759.02824422,2640375.02824422,6317
2024-01-01 13:24:00,2649859.4158428446,2649886.4158428446,2649837.4158428446,2650368.4158428446,9951
2024-01-01 13:25:00,2659846.87422379,2659908.87422379,2659816.87422379,2660413.87422379,7378
2024-01-01 13:26:00,2669867.7338114465,2669946.7338114465,2669813.7338114465,2670386.7338114465,5316
2024-01-01 13:27:00,2679871.433333783,2679888.433333783,2679805.433333783,2680395.433333783,810
2024-01-01 13:28:00,2689880.769765671,2689892.769765671,2689833.769765671,2690427.769765671,6068
2024-01-01 13:29:00,2699933.6187679805,2699995.6187679805,2699865.6187679805,2700513.6187679805,4414
2024-01-01 13:30:00,2709986.505105875,2710026.505105875,2709950.505105875,2710517.505105875,2501
2024-01-01 13:31:00,2720022.134259429,2720114.134259429,2719994.134259429,2720519.134259429,3474
2024-01-01 13:32:00,2730036.636924059,2730051.636924059,2730025.636924059,2730598.636924059,8423
2024-01-01 13:33:00,2740005.2491837754,2740055.2491837754,2739956.2491837754,2740541.2491837754,8901
2024-01-01 13:34:00,2750003.6917851646,2750099.6917851646,2749941.6917851646,2750507.6917851646,9683
2024-01-01 13:35:00,2760099.274029641,2760170.274029641,2760067.274029641,2760636.274029641,6040
2024-01-01 13:36:00,2770094.4577310327,2770109.4577310327,2769997.4577310327,2770685.4577310327,4749
2024-01-01 13:37:00,2780123.2955696895,2780150.2955696895,2780027.2955696895,2780717.2955696895,5666
2024-01-01 13:38:00,2790130.284295608,2790204.284295608,2790056.284295608,2790664.284295608,5471
2024-01-01 13:39:00,2800094.5836022943,2800148.5836022943,2800040.5836022943,2800679.5836022943,3579
2024-01-01 13:40:00,2810003.886009006,2810078.886009006,2809943.886009006,2810592.886009006,5314
2024-01-01 13:41:00,2820017.491738471,2820074.491738471,2819996.491738471,2820592.491738471,8652
2024-01-01 13:42:00,2829974.78263027,2830070.78263027,2829932.78263027,2830492.78263027,9651
2024-01-01 13:43:00,2839986.6227147304,2840027.6227147304,2839950.6227147304,2840548.6227147304,1436
2024-01-01 13:44:00,2849976.7819636725,2850023.7819636725,2849911.7819636725,2850518.7819636725,8606
2024-01-01 13:45:00,2859852.0695508644,2859913.0695508644,2859779.0695508644,2860462.0695508644,5619
2024-01-01 13:46:00,2869866.9198502363,2869955.9198502363,2869852.9198502363,2870426.9198502363,2732
2024-01-01 13:47:00,2879903.086648706,2879995.086648706,2879882.086648706,2880462.086648706,7477
2024-01-01 13:48:00,2889965.854146716,2890012.854146716,2889912.854146716,2890585.854146716,3916
2024-01-01 13:49:00,2899991.71621329,2900035.71621329,2899898.71621329,2900566.71621329,8458
2024-01-01 13:50:00,2910001.1412369832,2910094.1412369832,2909936.1412369832,2910592.1412369832,3451
2024-01-01 13:51:00,2919955.493885023,2920011.493885023,2919892.493885023,2920497.493885023,2980
2024-01-01 13:52:00,2929900.9453968154,2929974.9453968154,2929879.9453968154,2930518.9453968154,2880
2024-01-01 13:53:00,2939883.302055178,2939977.302055178,2939868.302055178,2940500.302055178,6551
2024-01-01 13:54:00,2949847.9517910387,2949896.9517910387,2949795.9517910387,2950465.9517910387,3650
2024-01-01 13:55:00,2959766.6338806096,2959851.6338806096,2959734.6338806096,2960338.6338806096,7930
2024-01-01 13:56:00,2969798.828728363,2969813.828728363,2969775.828728363,2970406.828728363,3420
2024-01-01 13:57:00,2979769.9132757816,2979807.9132757816,2979704.9132757816,2980335.9132757816,4753
2024-01-01 13:58:00,2989864.4014259344,2989894.4014259344,2989765.4014259344,2990427.4014259344,3169
2024-01-01 13:59:00,2999915.3658025586,2999961.3658025586,2999845.3658025586,3000536.3658025586,8659
2024-01-01 14:00:00,3009894.0607770393,3009955.0607770393,3009816.0607770393,3010536.0607770393,9831
2024-01-01 14:01:00,3020017.1414427883,3020050.1414427883,3020004.1414427883,3020641.1414427883,7530
2024-01-01 14:02:00,3030055.766834339,3030106.766834339,3029957.766834339,3030612.766834339,7386
2024-01-01 14:03:00,3040084.8741393765,3040153.8741393765,3040015.8741393765,3040658.8741393765,6270
2024-01-01 14:04:00,3050042.505398646,3050102.505398646,3049946.505398646,3050674.505398646,9547
2024-01-01 14:05:00,3060051.9492588243,3060065.9492588243,3060031.9492588243,3060617.9492588243,6847
2024-01-01 14:06:00,3070000.3390429146,3070057.3390429146,3069973.3390429146,3070632.3390429146,7448
2024-01-01 14:07:00,3079986.2290438088,3080000.2290438088,3079936.2290438088,3080565.2290438088,3687
2024-01-01 14:08:00,3090002.9902071436,3090032.9902071436,3089935.9902071436,3090617.9902071436,4945
2024-01-01 14:09:00,3099969.303793318,3100001.303793318,3099950.303793318,3100616.303793318,5439
2024-01-01 14:10:00,3110000.413908468,3110079.413908468,3109933.413908468,3110635.413908468,5519
2024-01-01 14:11:00,3120023.547687935,3120118.547687935,3119945.547687935,3120683.547687935,7890
2024-01-01 14:12:00,3129995.574900512,3130079.574900512,3129924.574900512,3130659.574900512,9875
2024-01-01 14:13:00,3139958.499774002,3140012.499774002,3139929.499774002,3140578.499774002,1285
2024-01-01 14:14:00,3149990.010533393,3150087.010533393,3149910.010533393,3150592.010533393,8131
2024-01-01 14:15:00,3160069.6159373,3160143.6159373,3159995.6159373,3160653.6159373,1497
2024-01-01 14:16:00,3170095.933174743,3170183.933174743,3170071.933174743,3170771.933174743,5769
2024-01-01 14:17:00,3180141.8371602637,3180229.8371602637,3180071.8371602637,3180762.8371602637,6542
2024-01-01 14:18:00,3190242.2576045357,3190300.2576045357,3190188.2576045357,3190848.2576045357,3016
2024-01-01 14:19:00,3200186.4967613136,3200262.4967613136,3200124.4967613136,3200854.4967613136,3583
2024-01-01 14:20:00,3210175.7234812635,3210240.7234812635,3210140.7234812635,3210796.7234812635,1358
2024-01-01 14:21:00,3220183.861892181,3220259.861892181,3220144.861892181,3220790.861892181,9490
2024-01-01 14:22:00,3230183.8490180452,3230235.8490180452,3230116.8490180452,3230819.8490180452,7626
2024-01-01 14:23:00,3240237.83352774,3240315.83352774,3240178.83352774,3240927.83352774,3132
2024-01-01 14:24:00,3250199.4317384763,3250212.4317384763,3250157.4317384763,3250880.4317384763,3858
2024-01-01 14:25:00,3260210.005092695,3260239.005092695,3260112.005092695,3260889.005092695,7941
2024-01-01 14:26:00,3270251.8760308954,3270284.8760308954,3270174.8760308954,3270853.8760308954,5635
2024-01-01 14:27:00,3280184.0426352997,3280278.0426352997,3280153.0426352997,3280844.0426352997,2879
2024-01-01 14:28:00,3290226.7069666455,3290298.7069666455,3290159.7069666455,3290835.7069666455,8035
2024-01-01 14:29:00,3300219.1740188375,3300240.1740188375,3300172.1740188375,3300832.1740188375,9212
2024-01-01 14:30:00,3310211.4172741077,3310285.4172741077,3310177.4172741077,3310845.4172741077,4943
2024-01-01 14:31:00,3320278.7641829075,3320370.7641829075,3320266.7641829075,3320919.7641829075,1091
2024-01-01 14:32:00,3330335.733412136,3330419.733412136,3330247.733412136,3331030.733412136,4771
2024-01-01 14:33:00,3340353.260926172,3340427.260926172,3340255.260926172,3341024.260926172,7574
2024-01-01 14:34:00,3350392.208693567,3350419.208693567,3350312.208693567,3351100.208693567,1590
2024-01-01 14:35:00,3360310.886970079,3360340.886970079,3360241.886970079,3360976.886970079,5210
2024-01-01 14:36:00,3370216.372624728,3370308.372624728,3370143.372624728,3370901.372624728,5599
2024-01-01 14:37:00,3380208.5459080855,3380266.5459080855,3380165.5459080855,3380858.5459080855,1554
2024-01-01 14:38:00,3390281.729111525,3390321.729111525,3390216.729111525,3390941.729111525,9547
2024-01-01 14:39:00,3400291.364349479,3400348.364349479,3400238.364349479,3400962.364349479,3739
2024-01-01 14:40:00,3410273.9244088316,3410306.9244088316,3410225.9244088316,3410964.9244088316,9526
2024-01-01 14:41:00,3420235.168181977,3420264.168181977,3420147.168181977,3420960.168181977,7852
2024-01-01 14:42:00,3430281.1787654036,3430374.1787654036,3430266.1787654036,3430976.1787654036,1896
2024-01-01 14:43:00,3440309.3046825104,3440389.3046825104,3440252.3046825104,3441012.3046825104,2646
2024-01-01 14:44:00,3450369.4567205138,3450397.4567205138,3450270.4567205138,3451068.4567205138,2989
2024-01-01 14:45:00,3460404.2189243697,3460463.2189243697,3460308.2189243697,3461115.2189243697,2839
2024-01-01 14:46:00,3470493.7473211368,3470570.7473211368,3470473.7473211368,3471136.7473211368,3391
2024-01-01 14:47:00,3480538.832832049,3480569.832832049,3480487.832832049,3481205.832832049,3263
2024-01-01 14:48:00,3490547.9720789464,3490577.9720789464,3490488.9720789464,3491269.9720789464,7041
2024-01-01 14:49:00,3500505.9207406347,3500571.9207406347,3500446.9207406347,3501155.9207406347,213
2024-01-01 14:50:00,3510572.0738792904,3510663.0738792904,3510552.0738792904,3511225.0738792904,8433
2024-01-01 14:51:00,3520509.5581468525,3520536.5581468525,3520423.5581468525,3521258.5581468525,9016
2024-01-01 14:52:00,3530555.3275794275,3530604.3275794275,3530511.3275794275,3531300.3275794275,7245
2024-01-01 14:53:00,3540544.036598664,3540627.036598664,3540523.036598664,3541203.036598664,6893
2024-01-01 14:54:00,3550521.4301122664,3550538.4301122664,3550478.4301122664,3551270.4301122664,8868
2024-01-01 14:55:00,3560451.399895583,3560527.399895583,3560410.399895583,3561117.399895583,7991
2024-01-01 14:56:00,3570492.995653558,3570544.995653558,3570438.995653558,3571180.995653558,7246
2024-01-01 14:57:00,3580448.4416576056,3580469.4416576056,3580397.4416576056,3581196.4416576056,8966
2024-01-01 14:58:00,3590399.0261854567,3590425.0261854567,3590350.0261854567,3591128.0261854567,9182
2024-01-01 14:59:00,3600362.0604343596,3600391.0604343596,3600328.0604343596,3601080.0604343596,7055
2024-01-01 15:00:00,3610369.062337917,3610380.062337917,3610287.062337917,3611051.062337917,3854
2024-01-01 15:01:00,3620436.225435351,3620488.225435351,3620419.225435351,3621167.225435351,4787
2024-01-01 15:02:00,3630424.8080594996,3630500.8080594996,3630334.8080594996,3631187.8080594996,369
2024-01-01 15:03:00,3640400.386709745,3640450.386709745,3640314.386709745,3641084.386709745,9730
2024-01-01 15:04:00,3650293.911799343,3650347.911799343,3650225.911799343,3651062.911799343,8584
2024-01-01 15:05:00,3660283.473096277,3660356.473096277,3660242.473096277,3660981.473096277,8424
2024-01-01 15:06:00,3670223.1578472895,3670262.1578472895,3670160.1578472895,3670993.1578472895,7549
2024-01-01 15:07:00,3680259.566869806,3680354.566869806,3680203.566869806,3680949.566869806,7668
2024-01-01 15:08:00,3690243.6303239283,3690290.6303239283,3690214.6303239283,3690967.6303239283,5914
2024-01-01 15:09:00,3700288.447802909,3700387.447802909,3700242.447802909,3701013.447802909,8861
2024-01-01 15:10:00,3710230.498697018,3710265.498697018,3710160.498697018,3710954.498697018,3773
2024-01-01 15:11:00,3720155.955269677,3720197.955269677,3720085.955269677,3720931.955269677,8758
2024-01-01 15:12:00,3730157.576027098,3730248.576027098,3730086.576027098,3730871.576027098,1149
2024-01-01 15:13:00,3740154.811838932,3740230.811838932,3740073.811838932,3740944.811838932,7372
2024-01-01 15:14:00,3750189.6660443437,3750217.6660443437,3750090.6660443437,3750928.6660443437,4663
2024-01-01 15:15:00,3760258.883901696,3760295.883901696,3760189.883901696,3760967.883901696,5835
2024-01-01 15:16:00,3770318.993831651,3770332.993831651,3770282.993831651,3771079.993831651,6345
2024-01-01 15:17:00,3780264.2137801824,3780305.2137801824,3780169.2137801824,3781005.2137801824,9507
2024-01-01 15:18:00,3790338.6783658178,3790369.6783658178,3790278.6783658178,3791063.6783658178,5431
2024-01-01 15:19:00,3800369.9334384715,3800451.9334384715,3800300.9334384715,3801093.9334384715,5123
2024-01-01 15:20:00,3810381.425781916,3810466.425781916,3810371.425781916,3811180.425781916,7226
2024-01-01 15:21:00,3820344.4023005515,3820376.4023005515,3820324.4023005515,3821066.4023005515,8774
2024-01-01 15:22:00,3830321.8455509343,3830415.8455509343,3830280.8455509343,3831126.8455509343,471
2024-01-01 15:23:00,3840296.8571188473,3840346.8571188473,3840256.8571188473,3841021.8571188473,9817
2024-01-01 15:24:00,3850279.0206099604,3850338.0206099604,3850250.0206099604,3851034.0206099604,2952
2024-01-01 15:25:00,3860274.976262113,3860344.976262113,3860220.976262113,3861060.976262113,1825
2024-01-01 15:26:00,3870253.792276933,3870308.792276933,3870219.792276933,3871043.792276933,578
2024-01-01 15:27:00,3880289.1249653483,3880363.1249653483,3880263.1249653483,3881111.1249653483,5141
2024-01-01 15:28:00,3890310.6311912616,3890404.6311912616,3890299.6311912616,3891054.6311912616,6311
2024-01-01 15:29:00,3900258.052982989,3900322.052982989,3900203.052982989,3901030.052982989,7621
2024-01-01 15:30:00,3910241.3344692057,3910303.3344692057,3910207.3344692057,3911066.3344692057,6740
2024-01-01 15:31:00,3920215.0706715975,3920313.0706715975,3920161.0706715975,3920990.0706715975,6066
2024-01-01 15:32:00,3930225.2903379346,3930254.2903379346,3930167.2903379346,3931037.2903379346,7327
2024-01-01 15:33:00,3940151.6150266137,3940237.6150266137,3940052.6150266137,3940932.6150266137,7543
2024-01-01 15:34:00,3950076.892933457,3950161.892933457,3950053.892933457,3950913.892933457,4170
2024-01-01 15:35:00,3960076.53459386,3960094.53459386,3960034.53459386,3960894.53459386,6995
2024-01-01 15:36:00,3970119.509042663,3970134.509042663,3970029.509042663,3970927.509042663,1989
2024-01-01 15:37:00,3980140.199765823,3980161.199765823,3980073.199765823,3980980.199765823,9616
2024-01-01 15:38:00,3990147.344999235,3990189.344999235,3990114.344999235,3990942.344999235,4086
2024-01-01 15:39:00,4000047.1623776793,4000123.1623776793,4000009.1623776793,4000861.1623776793,6337
2024-01-01 15:40:00,4010081.3614938348,4010123.3614938348,4010060.3614938348,4010861.3614938348,4320
2024-01-01 15:41:00,4020001.367388044,4020096.367388044,4019907.367388044,4020768.367388044,7643
2024-01-01 15:42:00,4029995.354158069,4030005.354158069,4029939.354158069,4030771.354158069,9709
2024-01-01 15:43:00,4040026.2789141624,4040074.2789141624,4039979.2789141624,4040807.2789141624,5950
2024-01-01 15:44:00,4049973.654447507,4050060.654447507,4049952.654447507,4050750.654447507,8007
2024-01-01 15:45:00,4059975.9767398573,4060003.9767398573,4059956.9767398573,4060781.9767398573,2063
2024-01-01 15:46:00,4069807.25881924,4069885.25881924,4069787.25881924,4070578.25881924,9847
2024-01-01 15:47:00,4079829.002496187,4079847.002496187,4079788.002496187,4080629.002496187,6074
2024-01-01 15:48:00,4089805.6033098805,4089857.6033098805,4089707.6033098805,4090660.6033098805,1795
2024-01-01 15:49:00,4099883.5003244,4099920.5003244,4099833.5003244,4100736.5003244,8589
2024-01-01 15:50:00,4109865.019468244,4109962.019468244,4109800.019468244,4110707.019468244,9070
2024-01-01 15:51:00,4119881.3165296023,4119943.3165296023,4119805.3165296023,4120736.3165296023,5634
2024-01-01 15:52:00,4129784.922024347,4129843.922024347,4129694.922024347,4130601.922024347,5647
2024-01-01 15:53:00,4139887.7578622038,4139920.7578622038,4139850.7578622038,4140696.7578622038,3388
2024-01-01 15:54:00,4149851.909946207,4149925.909946207,4149840.909946207,4150714.909946207,9658
2024-01-01 15:55:00,4159836.19397177,4159887.19397177,4159785.19397177,4160647.19397177,4494
2024-01-01 15:56:00,4169851.0426958418,4169944.0426958418,4169839.0426958418,4170732.0426958418,5796
2024-01-01 15:57:00,4179877.1923575653,4179942.1923575653,4179840.1923575653,4180723.1923575653,3165
2024-01-01 15:58:00,4189893.9397272645,4189956.9397272645,4189814.9397272645,4190714.9397272645,5144
2024-01-01 15:59:00,4199911.039701755,4199960.039701755,4199834.039701755,4200703.039701755,8104
2024-01-01 16:00:00,4209849.708807512,4209882.708807512,4209780.708807512,4210669.708807512,1854
2024-01-01 16:01:00,4219817.797612164,4219848.797612164,4219802.797612164,4220657.797612164,8752
2024-01-01 16:02:00,4229833.788342764,4229921.788342764,4229803.788342764,4230649.788342764,516
2024-01-01 16:03:00,4239741.082291309,4239769.082291309,4239656.082291309,4240549.082291309,642
2024-01-01 16:04:00,4249772.259592125,4249867.259592125,4249697.259592125,4250632.259592125,3649
2024-01-01 16:05:00,4259752.552762165,4259784.552762165,4259697.552762165,4260599.552762165,5799
2024-01-01 16:06:00,4269717.721796128,4269753.721796128,4269662.721796128,4270606.721796128,5320
2024-01-01 16:07:00,4279702.534600659,4279718.534600659,4279627.534600659,4280575.534600659,2606
2024-01-01 16:08:00,4289690.230231458,4289782.230231458,4289626.230231458,4290553.230231458,7343
2024-01-01 16:09:00,4299668.766592829,4299686.766592829,4299588.766592829,4300570.766592829,9220
2024-01-01 16:10:00,4309694.534013333,4309743.534013333,4309673.534013333,4310602.534013333,608
2024-01-01 16:11:00,4319722.454685848,4319759.454685848,4319691.454685848,4320580.454685848,4391
2024-01-01 16:12:00,4329687.8389459895,4329711.8389459895,4329592.8389459895,4330569.8389459895,4103
2024-01-01 16:13:00,4339681.611627359,4339767.611627359,4339668.611627359,4340501.611627359,266
2024-01-01 16:14:00,4349657.312964458,4349728.312964458,4349574.312964458,4350568.312964458,2308
2024-01-01 16:15:00,4359596.771600193,4359630.771600193,4359512.771600193,4360507.771600193,8055
2024-01-01 16:16:00,4369564.154271178,4369594.154271178,4369480.154271178,4370436.154271178,5540
2024-01-01 16:17:00,4379621.020728907,4379696.020728907,4379533.020728907,4380453.020728907,2968
2024-01-01 16:18:00,4389616.812133944,4389641.812133944,4389528.812133944,4390487.812133944,9810
2024-01-01 16:19:00,4399620.826592325,4399652.826592325,4399587.826592325,4400475.826592325,1171
2024-01-01 16:20:00,4409544.437803304,4409569.437803304,4409534.437803304,4410434.437803304,925
2024-01-01 16:21:00,4419654.86959473,4419690.86959473,4419561.86959473,4420486.86959473,7219
2024-01-01 16:22:00,4429715.936303796,4429787.936303796,4429636.936303796,4430562.936303796,9135
2024-01-01 16:23:00,4439720.513142646,4439756.513142646,4439667.513142646,4440620.513142646,153
2024-01-01 16:24:00,4449722.38156514,4449736.38156514,4449656.38156514,4450579.38156514,3005
2024-01-01 16:25:00,4459681.289052669,4459750.289052669,4459584.289052669,4460573.289052669,8864
2024-01-01 16:26:00,4469741.742288052,4469800.742288052,4469670.742288052,4470666.742288052,669
2024-01-01 16:27:00,4479711.664742618,4479793.664742618,4479639.664742618,4480560.664742618,4808
2024-01-01 16:28:00,4489721.708734415,4489775.708734415,4489633.708734415,4490642.708734415,4118
2024-01-01 16:29:00,4499756.751347397,4499772.751347397,4499677.751347397,4500692.751347397,2378
2024-01-01 16:30:00,4509791.321020347,4509846.321020347,4509710.321020347,4510675.321020347,1184
2024-01-01 16:31:00,4519881.0867367,4519934.0867367,4519783.0867367,4520776.0867367,6166
2024-01-01 16:32:00,4529884.865351789,4529941.865351789,4529788.865351789,4530809.865351789,9070
2024-01-01 16:33:00,4539872.185737759,4539886.185737759,4539809.185737759,4540735.185737759,2724
2024-01-01 16:34:00,4549957.965891061,4550022.965891061,4549943.965891061,4550869.965891061,1089
2024-01-01 16:35:00,4559938.281809524,4559980.281809524,4559853.281809524,4560871.281809524,2864
2024-01-01 16:36:00,4569953.528044708,4570000.528044708,4569865.528044708,4570842.528044708,6842
2024-01-01 16:37:00,4579953.112207795,4580027.112207795,4579865.112207795,4580848.112207795,9568
2024-01-01 16:38:00,4589949.324884016,4590023.324884016,4589853.324884016,4590817.324884016,5466
2024-01-01 16:39:00,4599965.431576303,4599978.431576303,4599944.431576303,4600894.431576303,5742
2024-01-01 16:40:00,4609971.69609806,4610058.69609806,4609876.69609806,4610931.69609806,2310
2024-01-01 16:41:00,4620059.2575252615,4620155.2575252615,4620049.2575252615,4620953.2575252615,297
2024-01-01 16:42:00,4630037.178721499,4630123.178721499,4629983.178721499,4630957.178721499,9934
2024-01-01 16:43:00,4640081.786347905,4640107.786347905,4640055.786347905,4641054.786347905,9528
2024-01-01 16:44:00,4650007.585785757,4650027.585785757,4649924.585785757,4650957.585785757,3076
2024-01-01 16:45:00,4660044.675341158,4660137.675341158,4659966.675341158,4661021.675341158,4080
2024-01-01 16:46:00,4670023.4247428235,4670104.4247428235,4669979.4247428235,4670916.4247428235,8276
2024-01-01 16:47:00,4680027.408848592,4680062.408848592,4680012.408848592,4680975.408848592,5353
2024-01-01 16:48:00,4689959.793962132,4690041.793962132,4689916.793962132,4690874.793962132,8826
2024-01-01 16:49:00,4699907.1549545685,4699929.1549545685,4699890.1549545685,4700813.1549545685,1566
2024-01-01 16:50:00,4709873.128340273,4709897.128340273,4709807.128340273,4710781.128340273,450
2024-01-01 16:51:00,4719931.610931041,4719979.610931041,4719900.610931041,4720912.610931041,2162
2024-01-01 16:52:00,4729891.995455757,4729963.995455757,4729837.995455757,4730839.995455757,5880
2024-01-01 16:53:00,4739873.882375039,4739971.882375039,4739836.882375039,4740854.882375039,2145
2024-01-01 16:54:00,4749820.88347086,4749887.88347086,4749754.88347086,4750809.88347086,5278
2024-01-01 16:55:00,4759862.528373557,4759942.528373557,4759798.528373557,4760809.528373557,3194
2024-01-01 16:56:00,4769897.34485338,4769977.34485338,4769817.34485338,4770801.34485338,1804
2024-01-01 16:57:00,4779949.074924517,4779985.074924517,4779920.074924517,4780890.074924517,2531
2024-01-01 16:58:00,4789967.418737333,4790012.418737333,4789908.418737333,4790916.418737333,9701
2024-01-01 16:59:00,4799943.854436999,4800040.854436999,4799874.854436999,4800869.854436999,9510
2024-01-01 17:00:00,4809932.626737283,4810025.626737283,4809882.626737283,4810871.626737283,537
2024-01-01 17:01:00,4819946.092830526,4820013.092830526,4819885.092830526,4820900.092830526,4390
2024-01-01 17:02:00,4829913.540847821,4829969.540847821,4829863.540847821,4830922.540847821,8890
2024-01-01 17:03:00,4839901.685456075,4839931.685456075,4839878.685456075,4840901.685456075,6158
2024-01-01 17:04:00,4849964.130488821,4849983.130488821,4849920.130488821,4850905.130488821,6156
2024-01-01 17:05:00,4859862.417768429,4859913.417768429,4859819.417768429,4860841.417768429,1041
2024-01-01 17:06:00,4869840.970225748,4869883.970225748,4869790.970225748,4870837.970225748,8875
2024-01-01 17:07:00,4879834.3347481815,4879881.3347481815,4879738.3347481815,4880772.3347481815,6560
2024-01-01 17:08:00,4889843.224223766,4889853.224223766,4889821.224223766,4890866.224223766,7240
2024-01-01 17:09:00,4899929.473947765,4900009.473947765,4899904.473947765,4900870.473947765,2342
2024-01-01 17:10:00,4909865.16193168,4909946.16193168,4909837.16193168,4910798.16193168,3373
2024-01-01 17:11:00,4919900.728728123,4919944.728728123,4919815.728728123,4920853.728728123,8387
2024-01-01 17:12:00,4930048.361072005,4930070.361072005,4930014.361072005,4931061.361072005,9720
2024-01-01 17:13:00,4940067.588372469,4940138.588372469,4939988.588372469,4941098.588372469,6523
2024-01-01 17:14:00,4950012.857070379,4950037.857070379,4949960.857070379,4951032.857070379,6346
2024-01-01 17:15:00,4960099.559484128,4960138.559484128,4960014.559484128,4961133.559484128,2670
2024-01-01 17:16:00,4970111.1505516935,4970143.1505516935,4970083.1505516935,4971066.1505516935,6603
2024-01-01 17:17:00,4980143.225521253,4980181.225521253,4980104.225521253,4981152.225521253,2510
2024-01-01 17:18:00,4990142.653704622,4990159.653704622,4990115.653704622,4991125.653704622,4021
2024-01-01 17:19:00,5000147.791385778,5000188.791385778,5000090.791385778,5001104.791385778,4468
2024-01-01 17:20:00,5010124.950205726,5010155.950205726,5010082.950205726,5011083.950205726,6345
2024-01-01 17:21:00,5020119.896045524,5020188.896045524,5020092.896045524,5021080.896045524,8082
2024-01-01 17:22:00,5030076.566666471,5030169.566666471,5030026.566666471,5031107.566666471,185
2024-01-01 17:23:00,5040101.771533397,5040191.771533397,5040013.771533397,5041101.771533397,5679
2024-01-01 17:24:00,5050074.61411449,5050128.61411449,5050038.61411449,5051067.61411449,5849
2024-01-01 17:25:00,5060067.622667659,5060103.622667659,5060055.622667659,5061034.622667659,6939
2024-01-01 17:26:00,5070063.155396882,5070119.155396882,5070020.155396882,5071095.155396882,6398
2024-01-01 17:27:00,5079998.237931188,5080047.237931188,5079930.237931188,5081034.237931188,9742
2024-01-01 17:28:00,5090019.8330100225,5090084.8330100225,5089930.8330100225,5091029.8330100225,4689
2024-01-01 17:29:00,5099988.690461773,5100013.690461773,5099972.690461773,5101007.690461773,1602
2024-01-01 17:30:00,5109938.685808708,5110018.685808708,5109904.685808708,5110940.685808708,8416
2024-01-01 17:31:00,5119938.354528836,5119956.354528836,5119900.354528836,5120944.354528836,7761
2024-01-01 17:32:00,5129952.229497033,5129968.229497033,5129933.229497033,5130958.229497033,9390
2024-01-01 17:33:00,5139995.192163708,5140065.192163708,5139934.192163708,5141011.192163708,2913
2024-01-01 17:34:00,5150054.81253193,5150129.81253193,5150013.81253193,5151070.81253193,8635
2024-01-01 17:35:00,5160064.533800561,5160086.533800561,5160022.533800561,5161142.533800561,3642
2024-01-01 17:36:00,5170039.094047983,5170078.094047983,5169955.094047983,5171075.094047983,6530
2024-01-01 17:37:00,5180042.916668091,5180088.916668091,5179951.916668091,5181091.916668091,5136
2024-01-01 17:38:00,5190021.751012014,5190118.751012014,5189961.751012014,5191069.751012014,1616
2024-01-01 17:39:00,5200047.300097774,5200103.300097774,5199955.300097774,5201128.300097774,9640
2024-01-01 17:40:00,5210082.756821381,5210164.756821381,5210003.756821381,5211075.756821381,9822
2024-01-01 17:41:00,5220096.127397241,5220169.127397241,5220047.127397241,5221114.127397241,8880
2024-01-01 17:42:00,5230076.97088864,5230159.97088864,5229983.97088864,5231167.97088864,7683
2024-01-01 17:43:00,5240051.000432296,5240131.000432296,5240031.000432296,5241137.000432296,4103
2024-01-01 17:44:00,5250013.259566213,5250067.259566213,5249981.259566213,5251107.259566213,3372
2024-01-01 17:45:00,5260013.597626722,5260029.597626722,5259974.597626722,5261046.597626722,8715
2024-01-01 17:46:00,5269974.457791659,5269993.457791659,5269954.457791659,5271055.457791659,8725
2024-01-01 17:47:00,5279886.822152936,5279922.822152936,5279859.822152936,5280945.822152936,6727
2024-01-01 17:48:00,5289878.304267394,5289930.304267394,5289825.304267394,5290902.304267394,8336
2024-01-01 17:49:00,5299891.1689675,5299944.1689675,5299794.1689675,5300972.1689675,7295
2024-01-01 17:50:00,5309967.684787304,5309990.684787304,5309930.684787304,5311010.684787304,7966
2024-01-01 17:51:00,5319994.240002069,5320066.240002069,5319974.240002069,5321089.240002069,8309
2024-01-01 17:52:00,5329999.486417126,5330090.486417126,5329903.486417126,5331038.486417126,9128
2024-01-01 17:53:00,5340053.805956532,5340124.805956532,5339985.805956532,5341103.805956532,7564
2024-01-01 17:54:00,5350084.494166477,5350183.494166477,5349987.494166477,5351173.494166477,9320
2024-01-01 17:55:00,5360159.304464382,5360210.304464382,5360120.304464382,5361194.304464382,8643
2024-01-01 17:56:00,5370134.598409142,5370166.598409142,5370112.598409142,5371174.598409142,4322
2024-01-01 17:57:00,5380107.049450996,5380166.049450996,5380042.049450996,5381164.049450996,2950
2024-01-01 17:58:00,5390129.587228441,5390185.587228441,5390070.587228441,5391173.587228441,3705
2024-01-01 17:59:00,5400196.03400629,5400272.03400629,5400180.03400629,5401229.03400629,4523
2024-01-01 18:00:00,5410246.60565631,5410326.60565631,5410219.60565631,5411309.60565631,8235
2024-01-01 18:01:00,5420302.184525407,5420394.184525407,5420224.184525407,5421418.184525407,6010
2024-01-01 18:02:00,5430338.412852756,5430400.412852756,5430311.412852756,5431427.412852756,9907
2024-01-01 18:03:00,5440259.8046610635,5440328.8046610635,5440235.8046610635,5441305.8046610635,8824
2024-01-01 18:04:00,5450241.927844844,5450256.927844844,5450156.927844844,5451346.927844844,5739
2024-01-01 18:05:00,5460265.148163935,5460307.148163935,5460204.148163935,5461324.148163935,9826
2024-01-01 18:06:00,5470223.300159667,5470269.300159667,5470145.300159667,5471273.300159667,3659
2024-01-01 18:07:00,5480260.791916511,5480315.791916511,5480204.791916511,5481327.791916511,6287
2024-01-01 18:08:00,5490283.493222648,5490323.493222648,5490186.493222648,5491425.493222648,5414
2024-01-01 18:09:00,5500241.561553666,5500296.561553666,5500147.561553666,5501343.561553666,457
2024-01-01 18:10:00,5510159.067255861,5510184.067255861,5510119.067255861,5511236.067255861,9744
2024-01-01 18:11:00,5520190.538240633,5520209.538240633,5520106.538240633,5521281.538240633,4437
2024-01-01 18:12:00,5530210.423593639,5530272.423593639,5530197.423593639,5531277.423593639,7704
2024-01-01 18:13:00,5540174.098549264,5540263.098549264,5540105.098549264,5541272.098549264,7386
2024-01-01 18:14:00,5550158.564426345,5550186.564426345,5550133.564426345,5551222.564426345,8995
2024-01-01 18:15:00,5560135.8716138275,5560163.8716138275,5560052.8716138275,5561244.8716138275,331
2024-01-01 18:16:00,5570190.823885401,5570285.823885401,5570097.823885401,5571341.823885401,9329
2024-01-01 18:17:00,5580225.466731826,5580294.466731826,5580135.466731826,5581355.466731826,3584
2024-01-01 18:18:00,5590192.901341436,5590255.901341436,5590134.901341436,5591326.901341436,9125
2024-01-01 18:19:00,5600179.133349942,5600208.133349942,5600110.133349942,5601275.133349942,7612
2024-01-01 18:20:00,5610203.750909666,5610277.750909666,5610126.750909666,5611339.750909666,1315
2024-01-01 18:21:00,5620179.21600212,5620273.21600212,5620125.21600212,5621286.21600212,7442
2024-01-01 18:22:00,5630228.085448522,5630304.085448522,5630176.085448522,5631393.085448522,5490
2024-01-01 18:23:00,5640191.134801841,5640279.134801841,5640134.134801841,5641267.134801841,1904
2024-01-01 18:24:00,5650133.784906539,5650148.784906539,5650044.784906539,5651259.784906539,8567
2024-01-01 18:25:00,5659975.573749579,5660064.573749579,5659880.573749579,5661144.573749579,5765
2024-01-01 18:26:00,5669987.256050465,5670083.256050465,5669951.256050465,5671096.256050465,7169
2024-01-01 18:27:00,5680018.9170853635,5680064.9170853635,5679939.9170853635,5681153.9170853635,7013
2024-01-01 18:28:00,5689983.785865438,5689994.785865438,5689945.785865438,5691137.785865438,4147
2024-01-01 18:29:00,5700028.534096834,5700057.534096834,5700015.534096834,5701160.534096834,6602
2024-01-01 18:30:00,5709992.107972403,5710036.107972403,5709914.107972403,5711177.107972403,5975
2024-01-01 18:31:00,5719958.201983091,5720016.201983091,5719916.201983091,5721132.201983091,1374
2024-01-01 18:32:00,5729885.882441696,5729972.882441696,5729837.882441696,5731012.882441696,8679
2024-01-01 18:33:00,5739933.5806648955,5740015.5806648955,5739919.5806648955,5741064.5806648955,5081
2024-01-01 18:34:00,5749973.041725156,5750046.041725156,5749908.041725156,5751129.041725156,4750
2024-01-01 18:35:00,5759986.48252336,5759996.48252336,5759932.48252336,5761169.48252336,6080
2024-01-01 18:36:00,5769884.1107144365,5769927.1107144365,5769792.1107144365,5771065.1107144365,8502
2024-01-01 18:37:00,5779972.392662554,5780005.392662554,5779913.392662554,5781093.392662554,1999
2024-01-01 18:38:00,5789974.865544964,5790059.865544964,5789891.865544964,5791148.865544964,982
2024-01-01 18:39:00,5799983.036331592,5800050.036331592,5799929.036331592,5801117.036331592,6886
2024-01-01 18:40:00,5809887.470417988,5809949.470417988,5809840.470417988,5811075.470417988,892
2024-01-01 18:41:00,5819980.315942863,5820003.315942863,5819946.315942863,5821148.315942863,4420
2024-01-01 18:42:00,5829832.784657672,5829844.784657672,5829742.784657672,5830972.784657672,2344
2024-01-01 18:43:00,5839805.615981506,5839878.615981506,5839734.615981506,5840988.615981506,703
2024-01-01 18:44:00,5849706.072638068,5849796.072638068,5849626.072638068,5850863.072638068,5920
2024-01-01 18:45:00,5859674.104153032,5859728.104153032,5859631.104153032,5860890.104153032,6952
2024-01-01 18:46:00,5869728.131086651,5869748.131086651,5869664.131086651,5870875.131086651,9580
2024-01-01 18:47:00,5879672.370919768,5879695.370919768,5879590.370919768,5880892.370919768,9593
2024-01-01 18:48:00,5889681.268249474,5889764.268249474,5889598.268249474,5890876.268249474,2046
2024-01-01 18:49:00,5899720.8128949795,5899759.8128949795,5899631.8128949795,5900851.8128949795,7551
2024-01-01 18:50:00,5909697.769627186,5909713.769627186,5909628.769627186,5910846.769627186,5139
2024-01-01 18:51:00,5919650.164566804,5919702.164566804,5919602.164566804,5920881.164566804,5247
2024-01-01 18:52:00,5929698.33809951,5929741.33809951,5929611.33809951,5930906.33809951,9649
2024-01-01 18:53:00,5939621.347117118,5939657.347117118,5939552.347117118,5940810.347117118,2405
2024-01-01 18:54:00,5949625.2564610075,5949644.2564610075,5949588.2564610075,5950835.2564610075,4764
2024-01-01 18:55:00,5959614.389368898,5959702.389368898,5959562.389368898,5960795.389368898,3273
2024-01-01 18:56:00,5969596.995275336,5969618.995275336,5969584.995275336,5970827.995275336,8707
2024-01-01 18:57:00,5979596.018064596,5979621.018064596,5979553.018064596,5980761.018064596,5923
2024-01-01 18:58:00,5989625.896976223,5989702.896976223,5989589.896976223,5990781.896976223,343
2024-01-01 18:59:00,5999613.6648159465,5999675.6648159465,5999544.6648159465,6000837.6648159465,2232
2024-01-01 19:00:00,6009586.454323266,6009673.454323266,6009543.454323266,6010807.454323266,1907
2024-01-01 19:01:00,6019604.517187195,6019690.517187195,6019547.517187195,6020814.517187195,5507
2024-01-01 19:02:00,6029614.568943348,6029640.568943348,6029538.568943348,6030823.568943348,2383
2024-01-01 19:03:00,6039568.739465641,6039583.739465641,6039505.739465641,6040787.739465641,5882
2024-01-01 19:04:00,6049509.072173735,6049531.072173735,6049436.072173735,6050697.072173735,5965
2024-01-01 19:05:00,6059515.099899735,6059545.099899735,6059459.099899735,6060723.099899735,554
2024-01-01 19:06:00,6069560.657909737,6069607.657909737,6069512.657909737,6070752.657909737,2834
2024-01-01 19:07:00,6079652.5180174885,6079687.5180174885,6079585.5180174885,6080878.5180174885,9152
2024-01-01 19:08:00,6089684.05070558,6089739.05070558,6089624.05070558,6090905.05070558,887
2024-01-01 19:09:00,6099647.080371861,6099738.080371861,6099595.080371861,6100827.080371861,6832
2024-01-01 19:10:00,6109658.519190816,6109738.519190816,6109625.519190816,6110891.519190816,5153
2024-01-01 19:11:00,6119625.880413216,6119691.880413216,6119530.880413216,6120892.880413216,3171
2024-01-01 19:12:00,6129565.474094479,6129579.474094479,6129529.474094479,6130755.474094479,1287
2024-01-01 19:13:00,6139520.305035874,6139599.305035874,6139428.305035874,6140732.305035874,9692
2024-01-01 19:14:00,6149549.45301148,6149584.45301148,6149493.45301148,6150733.45301148,8343
2024-01-01 19:15:00,6159553.969844709,6159575.969844709,6159516.969844709,6160766.969844709,1552
2024-01-01 19:16:00,6169454.615323316,6169485.615323316,6169383.615323316,6170711.615323316,9479
2024-01-01 19:17:00,6179496.37599397,6179594.37599397,6179449.37599397,6180693.37599397,8402
2024-01-01 19:18:00,6189505.079271769,6189535.079271769,6189427.079271769,6190732.079271769,1816
2024-01-01 19:19:00,6199583.268811351,6199612.268811351,6199561.268811351,6200828.268811351,766
2024-01-01 19:20:00,6209580.132262877,6209592.132262877,6209492.132262877,6210779.132262877,9900
2024-01-01 19:21:00,6219465.6097416105,6219530.6097416105,6219400.6097416105,6220688.6097416105,5722
2024-01-01 19:22:00,6229454.850179622,6229465.850179622,6229379.850179622,6230732.850179622,3487
2024-01-01 19:23:00,6239411.050002547,6239455.050002547,6239329.050002547,6240620.050002547,7161
2024-01-01 19:24:00,6249441.789389585,6249505.789389585,6249392.789389585,6250727.789389585,6933
2024-01-01 19:25:00,6259427.543589604,6259455.543589604,6259350.543589604,6260703.543589604,6940
2024-01-01 19:26:00,6269396.2628345955,6269484.2628345955,6269386.2628345955,6270695.2628345955,3801
2024-01-01 19:27:00,6279355.569911257,6279429.569911257,6279310.569911257,6280589.569911257,163
2024-01-01 19:28:00,6289352.486017418,6289391.486017418,6289294.486017418,6290611.486017418,764
2024-01-01 19:29:00,6299378.20348314,6299431.20348314,6299294.20348314,6300622.20348314,2868
2024-01-01 19:30:00,6309377.740585777,6309467.740585777,6309307.740585777,6310650.740585777,527
2024-01-01 19:31:00,6319437.3049089145,6319451.3049089145,6319374.3049089145,6320655.3049089145,6066
2024-01-01 19:32:00,6329447.360430815,6329509.360430815,6329424.360430815,6330699.360430815,8535
2024-01-01 19:33:00,6339434.902442707,6339517.902442707,6339380.902442707,6340704.902442707,5875
2024-01-01 19:34:00,6349403.956359513,6349470.956359513,6349381.956359513,6350658.956359513,7420
2024-01-01 19:35:00,6359333.96081274,6359391.96081274,6359274.96081274,6360619.96081274,1681
2024-01-01 19:36:00,6369342.688493509,6369411.688493509,6369309.688493509,6370602.688493509,1547
2024-01-01 19:37:00,6379319.405268667,6379411.405268667,6379288.405268667,6380583.405268667,2222
2024-01-01 19:38:00,6389312.053864303,6389355.053864303,6389235.053864303,6390580.053864303,7515
2024-01-01 19:39:00,6399345.260427288,6399423.260427288,6399323.260427288,6400590.260427288,449
2024-01-01 19:40:00,6409262.315356814,6409353.315356814,6409227.315356814,6410551.315356814,9208
2024-01-01 19:41:00,6419319.51764059,6419412.51764059,6419231.51764059,6420647.51764059,137
2024-01-01 19:42:00,6429317.989671271,6429397.989671271,6429292.989671271,6430642.989671271,5300
2024-01-01 19:43:00,6439329.958597689,6439372.958597689,6439241.958597689,6440615.958597689,3958
2024-01-01 19:44:00,6449377.598737459,6449458.598737459,6449341.598737459,6450714.598737459,6901
2024-01-01 19:45:00,6459314.42075196,6459377.42075196,6459267.42075196,6460648.42075196,3243
2024-01-01 19:46:00,6469290.843159423,6469345.843159423,6469229.843159423,6470545.843159423,3627
2024-01-01 19:47:00,6479252.259586798,6479285.259586798,6479213.259586798,6480560.259586798,2974
2024-01-01 19:48:00,6489338.471453372,6489429.471453372,6489257.471453372,6490589.471453372,639
2024-01-01 19:49:00,6499264.138754718,6499334.138754718,6499203.138754718,6500598.138754718,5925
2024-01-01 19:50:00,6509283.807131924,6509314.807131924,6509236.807131924,6510542.807131924,4175
2024-01-01 19:51:00,6519285.7314189235,6519372.7314189235,6519228.7314189235,6520560.7314189235,7537
2024-01-01 19:52:00,6529272.315212089,6529321.315212089,6529247.315212089,6530607.315212089,802
2024-01-01 19:53:00,6539272.69119063,6539301.69119063,6539250.69119063,6540588.69119063,1783
2024-01-01 19:54:00,6549316.982691039,6549415.982691039,6549264.982691039,6550578.982691039,527
2024-01-01 19:55:00,6559311.15344749,6559337.15344749,6559295.15344749,6560636.15344749,3618
2024-01-01 19:56:00,6569225.346148705,6569322.346148705,6569212.346148705,6570510.346148705,223
2024-01-01 19:57:00,6579204.0771618225,6579225.0771618225,6579161.0771618225,6580494.0771618225,4768
2024-01-01 19:58:00,6589111.849179196,6589125.849179196,6589048.849179196,6590420.849179196,4376
2024-01-01 19:59:00,6599171.192720088,6599204.192720088,6599126.192720088,6600504.192720088,645
2024-01-01 20:00:00,6609282.213983648,6609305.213983648,6609188.213983648,6610574.213983648,6375
2024-01-01 20:01:00,6619328.134652979,6619349.134652979,6619280.134652979,6620699.134652979,5987
2024-01-01 20:02:00,6629277.146355139,6629302.146355139,6629209.146355139,6630624.146355139,7726
2024-01-01 20:03:00,6639361.308130539,6639439.308130539,6639280.308130539,6640660.308130539,3184
2024-01-01 20:04:00,6649402.405483942,6649446.405483942,6649314.405483942,6650767.405483942,517
2024-01-01 20:05:00,6659394.302999817,6659459.302999817,6659306.302999817,6660720.302999817,8685
2024-01-01 20:06:00,6669400.390766463,6669438.390766463,6669375.390766463,6670692.390766463,3324
2024-01-01 20:07:00,6679434.36896408,6679487.36896408,6679350.36896408,6680730.36896408,7728
2024-01-01 20:08:00,6689476.794646126,6689526.794646126,6689380.794646126,6690833.794646126,9731
2024-01-01 20:09:00,6699494.231781914,6699560.231781914,6699443.231781914,6700814.231781914,6241
2024-01-01 20:10:00,6709597.600835678,6709650.600835678,6709532.600835678,6710916.600835678,567
2024-01-01 20:11:00,6719547.856743512,6719628.856743512,6719512.856743512,6720869.856743512,3797
2024-01-01 20:12:00,6729553.064726635,6729575.064726635,6729485.064726635,6730895.064726635,6066
2024-01-01 20:13:00,6739453.517429594,6739498.517429594,6739422.517429594,6740755.517429594,7469
2024-01-01 20:14:00,6749397.964780464,6749419.964780464,6749382.964780464,6750757.964780464,7289
2024-01-01 20:15:00,6759385.458476339,6759450.458476339,6759343.458476339,6760760.458476339,3051
2024-01-01 20:16:00,6769424.4463407975,6769506.4463407975,6769380.4463407975,6770813.4463407975,7680
2024-01-01 20:17:00,6779457.628996795,6779467.628996795,6779446.628996795,6780799.628996795,5501
2024-01-01 20:18:00,6789444.974800717,6789520.974800717,6789399.974800717,6790822.974800717,7913
2024-01-01 20:19:00,6799444.73946493,6799534.73946493,6799418.73946493,6800760.73946493,3639
2024-01-01 20:20:00,6809502.097475452,6809556.097475452,6809460.097475452,6810860.097475452,8868
2024-01-01 20:21:00,6819466.087663392,6819512.087663392,6819370.087663392,6820861.087663392,6362
2024-01-01 20:22:00,6829426.161943095,6829470.161943095,6829364.161943095,6830813.161943095,3384
2024-01-01 20:23:00,6839473.797966223,6839545.797966223,6839422.797966223,6840801.797966223,116
2024-01-01 20:24:00,6849542.571572478,6849579.571572478,6849508.571572478,6850913.571572478,288
2024-01-01 20:25:00,6859548.737266138,6859598.737266138,6859495.737266138,6860873.737266138,6027
2024-01-01 20:26:00,6869566.0052698245,6869598.0052698245,6869532.0052698245,6870959.0052698245,1475
2024-01-01 20:27:00,6879537.7106380435,6879559.7106380435,6879445.7106380435,6880943.7106380435,9715
2024-01-01 20:28:00,6889526.523657695,6889613.523657695,6889481.523657695,6890871.523657695,391
2024-01-01 20:29:00,6899478.2706991,6899530.2706991,6899413.2706991,6900894.2706991,3420
2024-01-01 20:30:00,6909481.974566379,6909569.974566379,6909400.974566379,6910856.974566379,5550
2024-01-01 20:31:00,6919537.678831124,6919547.678831124,6919510.678831124,6920909.678831124,1429
2024-01-01 20:32:00,6929602.182880135,6929680.182880135,6929552.182880135,6930942.182880135,7913
2024-01-01 20:33:00,6939574.240816115,6939651.240816115,6939522.240816115,6940961.240816115,7066
2024-01-01 20:34:00,6949651.817244467,6949712.817244467,6949598.817244467,6950990.817244467,7739
2024-01-01 20:35:00,6959697.958252772,6959747.958252772,6959641.958252772,6961131.958252772,2185
2024-01-01 20:36:00,6969635.450351746,6969693.450351746,6969552.450351746,6971027.450351746,3852
2024-01-01 20:37:00,6979558.977543779,6979635.977543779,6979524.977543779,6980927.977543779,1880
2024-01-01 20:38:00,6989506.636698093,6989553.636698093,6989436.636698093,6990866.636698093,4299
2024-01-01 20:39:00,6999563.758133957,6999638.758133957,6999552.758133957,7000968.758133957,2077
2024-01-01 20:40:00,7009584.692794239,7009600.692794239,7009499.692794239,7010952.692794239,7374
2024-01-01 20:41:00,7019703.110285768,7019755.110285768,7019692.110285768,7021094.110285768,1043
2024-01-01 20:42:00,7029614.910428574,7029692.910428574,7029540.910428574,7031066.910428574,4763
2024-01-01 20:43:00,7039636.893386475,7039690.893386475,7039551.893386475,7040997.893386475,1311
2024-01-01 20:44:00,7049681.302591877,7049748.302591877,7049670.302591877,7051095.302591877,4408
2024-01-01 20:45:00,7059667.731304054,7059686.731304054,7059607.731304054,7061047.731304054,3869
2024-01-01 20:46:00,7069646.495248128,7069687.495248128,7069618.495248128,7071051.495248128,4103
2024-01-01 20:47:00,7079645.9906241875,7079680.9906241875,7079552.9906241875,7081060.9906241875,9602
2024-01-01 20:48:00,7089535.638463402,7089547.638463402,7089525.638463402,7090936.638463402,964
2024-01-01 20:49:00,7099508.285920021,7099572.285920021,7099429.285920021,7100956.285920021,7817
2024-01-01 20:50:00,7109499.511296266,7109580.511296266,7109421.511296266,7110965.511296266,1598
2024-01-01 20:51:00,7119510.036972014,7119575.036972014,7119453.036972014,7120922.036972014,3563
2024-01-01 20:52:00,7129511.718934324,7129556.718934324,7129452.718934324,7130891.718934324,2871
2024-01-01 20:53:00,7139524.960017993,7139558.960017993,7139508.960017993,7140910.960017993,1194
2024-01-01 20:54:00,7149488.789207646,7149529.789207646,7149393.789207646,7150866.789207646,5994
2024-01-01 20:55:00,7159491.0016554855,7159560.0016554855,7159455.0016554855,7160967.0016554855,4140
2024-01-01 20:56:00,7169472.37398747,7169540.37398747,7169454.37398747,7170866.37398747,6130
2024-01-01 20:57:00,7179510.361852808,7179591.361852808,7179494.361852808,7180938.361852808,6754
2024-01-01 20:58:00,7189502.742470877,7189514.742470877,7189419.742470877,7190946.742470877,8160
2024-01-01 20:59:00,7199477.768328534,7199488.768328534,7199428.768328534,7200879.768328534,2293
2024-01-01 21:00:00,7209432.10084716,7209468.10084716,7209366.10084716,7210879.10084716,4779
2024-01-01 21:01:00,7219367.569865751,7219377.569865751,7219315.569865751,7220799.569865751,727
2024-01-01 21:02:00,7229399.725558762,7229469.725558762,7229329.725558762,7230847.725558762,6895
2024-01-01 21:03:00,7239459.4853424,7239553.4853424,7239394.4853424,7240945.4853424,408
2024-01-01 21:04:00,7249399.284727768,7249486.284727768,7249343.284727768,7250860.284727768,4139
2024-01-01 21:05:00,7259399.707862867,7259483.707862867,7259344.707862867,7260873.707862867,8777
2024-01-01 21:06:00,7269421.154860008,7269470.154860008,7269360.154860008,7270868.154860008,9815
2024-01-01 21:07:00,7279541.6998753715,7279638.6998753715,7279487.6998753715,7281009.6998753715,7289
2024-01-01 21:08:00,7289509.036467965,7289545.036467965,7289470.036467965,7290993.036467965,3395
2024-01-01 21:09:00,7299450.96102054,7299503.96102054,7299427.96102054,7300939.96102054,2125
2024-01-01 21:10:00,7309448.718310641,7309475.718310641,7309382.718310641,7310914.718310641,5268
2024-01-01 21:11:00,7319466.256797023,7319482.256797023,7319391.256797023,7320952.256797023,3119
2024-01-01 21:12:00,7329506.3821888575,7329543.3821888575,7329437.3821888575,7331005.3821888575,9063
2024-01-01 21:13:00,7339519.68446727,7339609.68446727,7339453.68446727,7340966.68446727,107
2024-01-01 21:14:00,7349500.937419364,7349528.937419364,7349469.937419364,7350968.937419364,9722
2024-01-01 21:15:00,7359472.417630646,7359512.417630646,7359392.417630646,7360957.417630646,5933
2024-01-01 21:16:00,7369489.094731804,7369566.094731804,7369428.094731804,7371010.094731804,8623
2024-01-01 21:17:00,7379425.451776186,7379443.451776186,7379380.451776186,7380880.451776186,9270
2024-01-01 21:18:00,7389377.874868118,7389411.874868118,7389351.874868118,7390877.874868118,5077
2024-01-01 21:19:00,7399319.285343397,7399330.285343397,7399296.285343397,7400829.285343397,8563
2024-01-01 21:20:00,7409405.302140288,7409473.302140288,7409352.302140288,7410888.302140288,5926
2024-01-01 21:21:00,7419344.099104853,7419439.099104853,7419317.099104853,7420781.099104853,3097
2024-01-01 21:22:00,7429282.470032023,7429316.470032023,7429187.470032023,7430778.470032023,2916
2024-01-01 21:23:00,7439361.7440377455,7439450.7440377455,7439349.7440377455,7440843.7440377455,1717
2024-01-01 21:24:00,7449449.206567791,7449523.206567791,7449416.206567791,7450950.206567791,2407
2024-01-01 21:25:00,7459411.14005514,7459501.14005514,7459336.14005514,7460852.14005514,3670
2024-01-01 21:26:00,7469469.605746879,7469520.605746879,7469433.605746879,7471000.605746879,4055
2024-01-01 21:27:00,7479417.4665471865,7479492.4665471865,7479396.4665471865,7480888.4665471865,8553
2024-01-01 21:28:00,7489427.376111738,7489477.376111738,7489414.376111738,7490887.376111738,2968
2024-01-01 21:29:00,7499389.586184392,7499442.586184392,7499361.586184392,7500932.586184392,2393
2024-01-01 21:30:00,7509459.677375402,7509541.677375402,7509361.677375402,7510952.677375402,6115
2024-01-01 21:31:00,7519496.163032115,7519570.163032115,7519404.163032115,7521029.163032115,1036
2024-01-01 21:32:00,7529550.366701993,7529570.366701993,7529494.366701993,7531036.366701993,1506
2024-01-01 21:33:00,7539506.550085542,7539591.550085542,7539461.550085542,7541030.550085542,4508
2024-01-01 21:34:00,7549537.494906558,7549604.494906558,7549453.494906558,7551006.494906558,9137
2024-01-01 21:35:00,7559486.1027263,7559516.1027263,7559414.1027263,7560971.1027263,7397
2024-01-01 21:36:00,7569440.773562702,7569511.773562702,7569348.773562702,7570958.773562702,1196
2024-01-01 21:37:00,7579495.345030101,7579581.345030101,7579438.345030101,7580966.345030101,3777
2024-01-01 21:38:00,7589530.073791027,7589550.073791027,7589442.073791027,7591022.073791027,7118
2024-01-01 21:39:00,7599563.471264351,7599624.471264351,7599479.471264351,7601035.471264351,8627
2024-01-01 21:40:00,7609620.621435625,7609670.621435625,7609579.621435625,7611126.621435625,5214
2024-01-01 21:41:00,7619655.0748686055,7619754.0748686055,7619621.0748686055,7621225.0748686055,9052
2024-01-01 21:42:00,7629556.918956101,7629614.918956101,7629541.918956101,7631074.918956101,287
2024-01-01 21:43:00,7639564.917946677,7639589.917946677,7639516.917946677,7641134.917946677,5841
2024-01-01 21:44:00,7649506.204363601,7649594.204363601,7649477.204363601,7651033.204363601,4710
2024-01-01 21:45:00,7659471.873516604,7659491.873516604,7659442.873516604,7661042.873516604,1046
2024-01-01 21:46:00,7669501.231764988,7669524.231764988,7669403.231764988,7671079.231764988,4758
2024-01-01 21:47:00,7679513.7659881115,7679574.7659881115,7679494.7659881115,7681066.7659881115,9300
2024-01-01 21:48:00,7689535.179318084,7689606.179318084,7689440.179318084,7691080.179318084,6212
2024-01-01 21:49:00,7699477.641651151,7699552.641651151,7699437.641651151,7700997.641651151,5058
2024-01-01 21:50:00,7709394.9777824255,7709480.9777824255,7709376.9777824255,7710947.9777824255,1390
2024-01-01 21:51:00,7719283.977174359,7719326.977174359,7719257.977174359,7720831.977174359,449
2024-01-01 21:52:00,7729260.825139043,7729280.825139043,7729211.825139043,7730776.825139043,6427
2024-01-01 21:53:00,7739255.89466853,7739330.89466853,7739232.89466853,7740839.89466853,7477
2024-01-01 21:54:00,7749191.51457895,7749251.51457895,7749128.51457895,7750762.51457895,7501
2024-01-01 21:55:00,7759256.758566483,7759325.758566483,7759241.758566483,7760806.758566483,5903
2024-01-01 21:56:00,7769228.029765194,7769303.029765194,7769150.029765194,7770783.029765194,3241
2024-01-01 21:57:00,7779216.54644704,7779279.54644704,7779173.54644704,7780755.54644704,9510
2024-01-01 21:58:00,7789139.0415517,7789203.0415517,7789092.0415517,7790674.0415517,4853
2024-01-01 21:59:00,7799130.127412141,7799204.127412141,7799041.127412141,7800733.127412141,8851
2024-01-01 22:00:00,7809214.918288524,7809301.918288524,7809160.918288524,7810816.918288524,7402
2024-01-01 22:01:00,7819306.64530197,7819357.64530197,7819216.64530197,7820872.64530197,2722
2024-01-01 22:02:00,7829286.475420417,7829358.475420417,7829196.475420417,7830831.475420417,8083
2024-01-01 22:03:00,7839210.578774843,7839226.578774843,7839197.578774843,7840746.578774843,8918
2024-01-01 22:04:00,7849241.548709345,7849262.548709345,7849188.548709345,7850761.548709345,7624
2024-01-01 22:05:00,7859203.507733553,7859275.507733553,7859192.507733553,7860757.507733553,4876
2024-01-01 22:06:00,7869139.954760572,7869217.954760572,7869109.954760572,7870752.954760572,121
2024-01-01 22:07:00,7879183.393559748,7879197.393559748,7879132.393559748,7880784.393559748,5034
2024-01-01 22:08:00,7889243.354256551,7889340.354256551,7889206.354256551,7890849.354256551,3619
2024-01-01 22:09:00,7899301.964353206,7899397.964353206,7899258.964353206,7900849.964353206,9040
2024-01-01 22:10:00,7909288.005941537,7909359.005941537,7909238.005941537,7910874.005941537,4645
2024-01-01 22:11:00,7919374.457560658,7919406.457560658,7919306.457560658,7920910.457560658,9547
2024-01-01 22:12:00,7929435.348000377,7929498.348000377,7929388.348000377,7930980.348000377,6162
2024-01-01 22:13:00,7939492.412056574,7939572.412056574,7939451.412056574,7941080.412056574,6963
2024-01-01 22:14:00,7949466.871628965,7949486.871628965,7949398.871628965,7951066.871628965,586
2024-01-01 22:15:00,7959481.457550729,7959497.457550729,7959457.457550729,7961037.457550729,554
2024-01-01 22:16:00,7969638.011432411,7969690.011432411,7969579.011432411,7971255.011432411,9770
2024-01-01 22:17:00,7979610.05516943,7979621.05516943,7979574.05516943,7981181.05516943,3975
2024-01-01 22:18:00,7989672.492066079,7989682.492066079,7989642.492066079,7991226.492066079,8150
2024-01-01 22:19:00,7999606.378507694,7999675.378507694,7999588.378507694,8001227.378507694,9514
2024-01-01 22:20:00,8009621.9972471455,8009645.9972471455,8009565.9972471455,8011258.9972471455,8263
2024-01-01 22:21:00,8019659.240920423,8019728.240920423,8019648.240920423,8021285.240920423,8842
2024-01-01 22:22:00,8029674.234773681,8029712.234773681,8029581.234773681,8031273.234773681,8275
2024-01-01 22:23:00,8039763.118113467,8039815.118113467,8039739.118113467,8041417.118113467,4660
2024-01-01 22:24:00,8049786.500280234,8049797.500280234,8049767.500280234,8051367.500280234,9690
2024-01-01 22:25:00,8059850.515410265,8059935.515410265,8059783.515410265,8061489.515410265,4245
2024-01-01 22:26:00,8069914.1194403665,8069925.1194403665,8069903.1194403665,8071521.1194403665,8208
2024-01-01 22:27:00,8079942.980811973,8080022.980811973,8079857.980811973,8081547.980811973,9396
2024-01-01 22:28:00,8089860.748167694,8089901.748167694,8089784.748167694,8091468.748167694,3936
2024-01-01 22:29:00,8099894.2463615555,8099941.2463615555,8099871.2463615555,8101492.2463615555,294
2024-01-01 22:30:00,8109820.652044877,8109838.652044877,8109728.652044877,8111412.652044877,4922
2024-01-01 22:31:00,8119784.383089131,8119832.383089131,8119737.383089131,8121447.383089131,2888
2024-01-01 22:32:00,8129726.581886376,8129783.581886376,8129687.581886376,8131320.581886376,5838
2024-01-01 22:33:00,8139697.771641707,8139753.771641707,8139600.771641707,8141343.771641707,2318
2024-01-01 22:34:00,8149753.875383826,8149787.875383826,8149701.875383826,8151357.875383826,4176
2024-01-01 22:35:00,8159796.800092901,8159817.800092901,8159766.800092901,8161376.800092901,7915
2024-01-01 22:36:00,8169769.708196072,8169833.708196072,8169750.708196072,8171416.708196072,6625
2024-01-01 22:37:00,8179732.702358876,8179767.702358876,8179682.702358876,8181360.702358876,4654
2024-01-01 22:38:00,8189689.975313307,8189757.975313307,8189627.975313307,8191355.975313307,1352
2024-01-01 22:39:00,8199681.861616975,8199696.861616975,8199621.861616975,8201335.861616975,1610
2024-01-01 22:40:00,8209636.415863098,8209662.415863098,8209541.415863098,8211287.415863098,2489
2024-01-01 22:41:00,8219633.784431644,8219646.784431644,8219614.784431644,8221272.784431644,6694
2024-01-01 22:42:00,8229579.257603086,8229612.257603086,8229557.257603086,8231213.257603086,4851
2024-01-01 22:43:00,8239643.156252718,8239699.156252718,8239625.156252718,8241322.156252718,855
2024-01-01 22:44:00,8249654.698497597,8249698.698497597,8249593.698497597,8251339.698497597,6750
2024-01-01 22:45:00,8259626.503084076,8259706.503084076,8259583.503084076,8261236.503084076,4704
2024-01-01 22:46:00,8269695.103423941,8269778.103423941,8269622.103423941,8271364.103423941,3014
2024-01-01 22:47:00,8279744.660634194,8279808.660634194,8279692.660634194,8281396.660634194,8952
2024-01-01 22:48:00,8289794.1424928745,8289893.1424928745,8289752.1424928745,8291403.1424928745,2057
2024-01-01 22:49:00,8299806.044623627,8299845.044623627,8299728.044623627,8301509.044623627,1424
2024-01-01 22:50:00,8309915.904850579,8310005.904850579,8309819.904850579,8311555.904850579,6891
2024-01-01 22:51:00,8319942.750806308,8319988.750806308,8319880.750806308,8321600.750806308,9459
2024-01-01 22:52:00,8329998.01705238,8330088.01705238,8329911.01705238,8331679.01705238,625
2024-01-01 22:53:00,8340054.838784327,8340102.838784327,8339970.838784327,8341725.838784327,1575
2024-01-01 22:54:00,8350031.155143777,8350072.155143777,8349940.155143777,8351672.155143777,6620
2024-01-01 22:55:00,8360032.905562065,8360043.905562065,8360018.905562065,8361728.905562065,1520
2024-01-01 22:56:00,8369941.592862283,8370005.592862283,8369927.592862283,8371646.592862283,5950
2024-01-01 22:57:00,8379898.110356596,8379943.110356596,8379837.110356596,8381584.110356596,8659
2024-01-01 22:58:00,8389872.382615967,8389896.382615967,8389849.382615967,8391545.382615967,2542
2024-01-01 22:59:00,8399885.685853334,8399934.685853334,8399793.685853334,8401567.685853334,546
2024-01-01 23:00:00,8409778.240797475,8409854.240797475,8409706.240797475,8411481.240797475,2990
2024-01-01 23:01:00,8419804.987293897,8419830.987293897,8419760.987293897,8421518.987293897,4714
2024-01-01 23:02:00,8429807.613530964,8429825.613530964,8429775.613530964,8431491.613530964,7127
2024-01-01 23:03:00,8439741.43281611,8439838.43281611,8439672.43281611,8441415.43281611,7596
2024-01-01 23:04:00,8449789.250584275,8449832.250584275,8449725.250584275,8451508.250584275,1235
2024-01-01 23:05:00,8459812.885663979,8459871.885663979,8459765.885663979,8461544.885663979,6262
2024-01-01 23:06:00,8469759.461769948,8469791.461769948,8469736.461769948,8471425.461769948,1952
2024-01-01 23:07:00,8479800.6114198,8479877.6114198,8479702.6114198,8481514.6114198,5055
2024-01-01 23:08:00,8489732.117460534,8489765.117460534,8489663.117460534,8491455.117460534,8256
2024-01-01 23:09:00,8499725.54066904,8499766.54066904,8499714.54066904,8501431.54066904,4506
2024-01-01 23:10:00,8509736.836094648,8509817.836094648,8509697.836094648,8511435.836094648,6784
2024-01-01 23:11:00,8519752.90822215,8519848.90822215,8519724.90822215,8521404.90822215,3190
2024-01-01 23:12:00,8529735.619935136,8529801.619935136,8529718.619935136,8531461.619935136,1285
2024-01-01 23:13:00,8539678.441029651,8539731.441029651,8539655.441029651,8541423.441029651,9146
2024-01-01 23:14:00,8549686.754500184,8549740.754500184,8549604.754500184,8551350.754500184,5823
2024-01-01 23:15:00,8559659.52636336,8559714.52636336,8559579.52636336,8561373.52636336,2864
2024-01-01 23:16:00,8569650.470436562,8569745.470436562,8569561.470436562,8571345.470436562,7546
2024-01-01 23:17:00,8579606.888890598,8579640.888890598,8579570.888890598,8581299.888890598,1211
2024-01-01 23:18:00,8589553.083344132,8589564.083344132,8589460.083344132,8591271.083344132,8697
2024-01-01 23:19:00,8599641.100771327,8599722.100771327,8599560.100771327,8601384.100771327,6829
2024-01-01 23:20:00,8609653.528100323,8609715.528100323,8609633.528100323,8611412.528100323,4719
2024-01-01 23:21:00,8619608.215936936,8619618.215936936,8619578.215936936,8621286.215936936,8774
2024-01-01 23:22:00,8629716.316474741,8629800.316474741,8629622.316474741,8631475.316474741,3061
2024-01-01 23:23:00,8639663.27090153,8639673.27090153,8639589.27090153,8641397.27090153,4648
2024-01-01 23:24:00,8649613.927821537,8649705.927821537,8649593.927821537,8651390.927821537,409
2024-01-01 23:25:00,8659600.819090663,8659643.819090663,8659503.819090663,8661333.819090663,5390
2024-01-01 23:26:00,8669547.257816616,8669601.257816616,8669460.257816616,8671231.257816616,2067
2024-01-01 23:27:00,8679567.613242116,8679587.613242116,8679529.613242116,8681335.613242116,9515
2024-01-01 23:28:00,8689599.267460745,8689683.267460745,8689585.267460745,8691351.267460745,1806
2024-01-01 23:29:00,8699605.593786353,8699693.593786353,8699512.593786353,8701351.593786353,370
2024-01-01 23:30:00,8709654.800755944,8709723.800755944,8709620.800755944,8711402.800755944,3959
2024-01-01 23:31:00,8719641.595881758,8719657.595881758,8719542.595881758,8721359.595881758,5796
2024-01-01 23:32:00,8729541.957725931,8729619.957725931,8729445.957725931,8731332.957725931,6846
2024-01-01 23:33:00,8739596.128211606,8739611.128211606,8739560.128211606,8741351.128211606,2780
2024-01-01 23:34:00,8749655.238113753,8749736.238113753,8749637.238113753,8751384.238113753,3279
2024-01-01 23:35:00,8759658.800869016,8759721.800869016,8759593.800869016,8761425.800869016,1235
2024-01-01 23:36:00,8769658.03541229,8769670.03541229,8769645.03541229,8771415.03541229,5106
2024-01-01 23:37:00,8779603.861709679,8779660.861709679,8779526.861709679,8781359.861709679,6403
2024-01-01 23:38:00,8789578.486901365,8789609.486901365,8789479.486901365,8791375.486901365,7553
2024-01-01 23:39:00,8799517.256829398,8799616.256829398,8799451.256829398,8801249.256829398,2125
2024-01-01 23:40:00,8809553.481605703,8809618.481605703,8809488.481605703,8811325.481605703,5706
2024-01-01 23:41:00,8819588.977503652,8819675.977503652,8819513.977503652,8821363.977503652,6931
2024-01-01 23:42:00,8829621.766650341,8829676.766650341,8829589.766650341,8831363.766650341,4193
2024-01-01 23:43:00,8839561.095758678,8839651.095758678,8839487.095758678,8841363.095758678,3559
2024-01-01 23:44:00,8849600.923703937,8849625.923703937,8849570.923703937,8851390.923703937,7336
2024-01-01 23:45:00,8859588.751074284,8859619.751074284,8859544.751074284,8861369.751074284,4305
2024-01-01 23:46:00,8869578.036542267,8869664.036542267,8869487.036542267,8871381.036542267,9299
2024-01-01 23:47:00,8879559.17530251,8879631.17530251,8879479.17530251,8881340.17530251,1929
2024-01-01 23:48:00,8889636.14568996,8889665.14568996,8889606.14568996,8891378.14568996,744
2024-01-01 23:49:00,8899611.088899627,8899698.088899627,8899601.088899627,8901360.088899627,4813
2024-01-01 23:50:00,8909717.576366682,8909809.576366682,8909620.576366682,8911507.576366682,1026
2024-01-01 23:51:00,8919731.047543706,8919783.047543706,8919668.047543706,8921551.047543706,443
2024-01-01 23:52:00,8929764.576151395,8929855.576151395,8929741.576151395,8931586.576151395,2690
2024-01-01 23:53:00,8939700.377565913,8939768.377565913,8939669.377565913,8941453.377565913,1182
2024-01-01 23:54:00,8949678.88520587,8949735.88520587,8949615.88520587,8951493.88520587,7163
2024-01-01 23:55:00,8959714.94983742,8959808.94983742,8959702.94983742,8961463.94983742,9183
2024-01-01 23:56:00,8969706.772164224,8969740.772164224,8969629.772164224,8971540.772164224,2312
2024-01-01 23:57:00,8979687.857944015,8979784.857944015,8979674.857944015,8981464.857944015,2408
2024-01-01 23:58:00,8989698.124901116,8989732.124901116,8989624.124901116,8991459.124901116,8149
2024-01-01 23:59:00,8999686.249332724,8999719.249332724,8999612.249332724,9001527.249332724,437
2024-01-02 00:00:00,9009693.515491538,9009715.515491538,9009680.515491538,9011453.515491538,2429
2024-01-02 00:01:00,9019705.353123646,9019744.353123646,9019683.353123646,9021486.353123646,2137
2024-01-02 00:02:00,9029653.646850662,9029664.646850662,9029580.646850662,9031414.646850662,2475
2024-01-02 00:03:00,9039662.586764885,9039742.586764885,9039565.586764885,9041420.586764885,582
2024-01-02 00:04:00,9049733.282683972,9049810.282683972,9049659.282683972,9051572.282683972,5202
2024-01-02 00:05:00,9059750.459456513,9059832.459456513,9059716.459456513,9061588.459456513,4249
2024-01-02 00:06:00,9069769.901818102,9069827.901818102,9069723.901818102,9071576.901818102,3667
2024-01-02 00:07:00,9079825.776305756,9079851.776305756,9079756.776305756,9081623.776305756,7988
2024-01-02 00:08:00,9089873.91132771,9089924.91132771,9089817.91132771,9091655.91132771,5238
2024-01-02 00:09:00,9099822.74009685,9099863.74009685,9099769.74009685,9101642.74009685,3888
2024-01-02 00:10:00,9109885.591948705,9109937.591948705,9109805.591948705,9111747.591948705,214
2024-01-02 00:11:00,9119838.157290492,9119923.157290492,9119770.157290492,9121689.157290492,9760
2024-01-02 00:12:00,9129892.557208192,9129934.557208192,9129810.557208192,9131734.557208192,6310
2024-01-02 00:13:00,9139918.669794641,9139963.669794641,9139835.669794641,9141788.669794641,5139
2024-01-02 00:14:00,9149853.821538104,9149950.821538104,9149755.821538104,9151729.821538104,668
2024-01-02 00:15:00,9159876.85878195,9159919.85878195,9159786.85878195,9161753.85878195,7210
2024-01-02 00:16:00,9169848.44555126,9169864.44555126,9169812.44555126,9171704.44555126,5103
2024-01-02 00:17:00,9179857.197075712,9179877.197075712,9179762.197075712,9181689.197075712,1614
2024-01-02 00:18:00,9189925.41063904,9190008.41063904,9189870.41063904,9191798.41063904,6488
2024-01-02 00:19:00,9199907.821190938,9199978.821190938,9199863.821190938,9201787.821190938,4156
2024-01-02 00:20:00,9209898.321454214,9209930.321454214,9209886.321454214,9211785.321454214,8590
2024-01-02 00:21:00,9219901.448833466,9219963.448833466,9219859.448833466,9221694.448833466,6596
2024-01-02 00:22:00,9229854.832808485,9229930.832808485,9229821.832808485,9231651.832808485,2372
2024-01-02 00:23:00,9239952.006469315,9239970.006469315,9239854.006469315,9241806.006469315,3740
2024-01-02 00:24:00,9249971.460756458,9250045.460756458,9249954.460756458,9251782.460756458,8144
2024-01-02 00:25:00,9259965.94856513,9260030.94856513,9259884.94856513,9261852.94856513,8365
2024-01-02 00:26:00,9269887.017402325,9269967.017402325,9269858.017402325,9271743.017402325,1960
2024-01-02 00:27:00,9279898.85509742,9279921.85509742,9279824.85509742,9281768.85509742,7626
2024-01-02 00:28:00,9289855.870944252,9289923.870944252,9289802.870944252,9291725.870944252,2076
2024-01-02 00:29:00,9299879.882871013,9299908.882871013,9299844.882871013,9301759.882871013,4293
2024-01-02 00:30:00,9309906.132526156,9309999.132526156,9309879.132526156,9311723.132526156,5095
2024-01-02 00:31:00,9319914.540469255,9319996.540469255,9319895.540469255,9321787.540469255,9042
2024-01-02 00:32:00,9329866.326183187,9329960.326183187,9329787.326183187,9331764.326183187,2617
2024-01-02 00:33:00,9339837.033069195,9339860.033069195,9339822.033069195,9341680.033069195,4777
2024-01-02 00:34:00,9349816.181362374,9349852.181362374,9349738.181362374,9351667.181362374,9131
2024-01-02 00:35:00,9359850.238462321,9359880.238462321,9359774.238462321,9361747.238462321,8982
2024-01-02 00:36:00,9369907.941978283,9369979.941978283,9369866.941978283,9371741.941978283,5588
2024-01-02 00:37:00,9379976.574074589,9380074.574074589,9379930.574074589,9381853.574074589,1558
2024-01-02 00:38:00,9389984.491066966,9390037.491066966,9389891.491066966,9391870.491066966,5311
2024-01-02 00:39:00,9400068.69846364,9400164.69846364,9400036.69846364,9401994.69846364,5543
2024-01-02 00:40:00,9410153.156785842,9410231.156785842,9410133.156785842,9411993.156785842,6158
2024-01-02 00:41:00,9420144.567033034,9420227.567033034,9420100.567033034,9422065.567033034,6263
2024-01-02 00:42:00,9430250.328400474,9430314.328400474,9430180.328400474,9432084.328400474,7971
2024-01-02 00:43:00,9440248.092919165,9440258.092919165,9440207.092919165,9442178.092919165,5002
2024-01-02 00:44:00,9450254.932192875,9450317.932192875,9450161.932192875,9452099.932192875,9275
2024-01-02 00:45:00,9460313.73060378,9460366.73060378,9460271.73060378,9462186.73060378,5844
2024-01-02 00:46:00,9470368.185492152,9470460.185492152,9470358.185492152,9472259.185492152,2087
2024-01-02 00:47:00,9480364.96859066,9480420.96859066,9480338.96859066,9482272.96859066,4367
2024-01-02 00:48:00,9490318.271957766,9490399.271957766,9490251.271957766,9492169.271957766,4926
2024-01-02 00:49:00,9500315.25318905,9500363.25318905,9500235.25318905,9502252.25318905,1162
2024-01-02 00:50:00,9510456.947285172,9510469.947285172,9510401.947285172,9512306.947285172,3608
2024-01-02 00:51:00,9520508.506292632,9520554.506292632,9520495.506292632,9522412.506292632,6119
2024-01-02 00:52:00,9530447.40883381,9530480.40883381,9530424.40883381,9532387.40883381,6862
2024-01-02 00:53:00,9540563.340413257,9540643.340413257,9540476.340413257,9542462.340413257,9534
2024-01-02 00:54:00,9550560.879582766,9550652.879582766,9550469.879582766,9552499.879582766,5274
2024-01-02 00:55:00,9560523.103154033,9560587.103154033,9560428.103154033,9562450.103154033,1052
2024-01-02 00:56:00,9570559.238461377,9570632.238461377,9570538.238461377,9572489.238461377,5788
2024-01-02 00:57:00,9580502.90451391,9580596.90451391,9580404.90451391,9582382.90451391,679
2024-01-02 00:58:00,9590453.859138576,9590546.859138576,9590398.859138576,9592353.859138576,7631
2024-01-02 00:59:00,9600512.382788127,9600556.382788127,9600435.382788127,9602469.382788127,6833
2024-01-02 01:00:00,9610529.965918094,9610605.965918094,9610455.965918094,9612415.965918094,2479
2024-01-02 01:01:00,9620471.287648292,9620560.287648292,9620454.287648292,9622371.287648292,8668
2024-01-02 01:02:00,9630377.162253292,9630465.162253292,9630329.162253292,9632261.162253292,4218
2024-01-02 01:03:00,9640358.622437378,9640394.622437378,9640312.622437378,9642255.622437378,7166
2024-01-02 01:04:00,9650323.263822027,9650383.263822027,9650232.263822027,9652245.263822027,3947
2024-01-02 01:05:00,9660253.361130908,9660352.361130908,9660211.361130908,9662137.361130908,7506
2024-01-02 01:06:00,9670313.672009822,9670389.672009822,9670284.672009822,9672276.672009822,6935
2024-01-02 01:07:00,9680281.38510156,9680304.38510156,9680233.38510156,9682214.38510156,4035
2024-01-02 01:08:00,9690262.429355655,9690353.429355655,9690228.429355655,9692206.429355655,5934
2024-01-02 01:09:00,9700185.866203958,9700239.866203958,9700145.866203958,9702076.866203958,2864
2024-01-02 01:10:00,9710164.00782532,9710232.00782532,9710102.00782532,9712096.00782532,2765
2024-01-02 01:11:00,9720236.4312431,9720262.4312431,9720206.4312431,9722130.4312431,4886
2024-01-02 01:12:00,9730240.844059393,9730305.844059393,9730209.844059393,9732233.844059393,6033
2024-01-02 01:13:00,9740291.419728639,9740376.419728639,9740201.419728639,9742221.419728639,3858
2024-01-02 01:14:00,9750303.530774375,9750376.530774375,9750290.530774375,9752277.530774375,5698
2024-01-02 01:15:00,9760294.918742064,9760332.918742064,9760283.918742064,9762252.918742064,9704
2024-01-02 01:16:00,9770265.228207493,9770318.228207493,9770194.228207493,9772177.228207493,6943
2024-01-02 01:17:00,9780180.525770986,9780269.525770986,9780099.525770986,9782133.525770986,8185
2024-01-02 01:18:00,9790178.14142514,9790204.14142514,9790106.14142514,9792120.14142514,3767
2024-01-02 01:19:00,9800192.467510374,9800263.467510374,9800133.467510374,9802105.467510374,8772
2024-01-02 01:20:00,9810105.794620553,9810141.794620553,9810046.794620553,9812018.794620553,2310
2024-01-02 01:21:00,9820087.473281544,9820145.473281544,9819991.473281544,9822033.473281544,4322
2024-01-02 01:22:00,9830130.82269513,9830193.82269513,9830053.82269513,9832064.82269513,2178
2024-01-02 01:23:00,9840171.107254416,9840256.107254416,9840100.107254416,9842164.107254416,1069
2024-01-02 01:24:00,9850159.283343269,9850217.283343269,9850088.283343269,9852082.283343269,1389
2024-01-02 01:25:00,9860135.288665999,9860217.288665999,9860056.288665999,9862099.288665999,4619
2024-01-02 01:26:00,9870095.485258875,9870150.485258875,9870085.485258875,9872051.485258875,2885
2024-01-02 01:27:00,9880103.804220796,9880198.804220796,9880021.804220796,9882122.804220796,3392
2024-01-02 01:28:00,9890097.644991135,9890148.644991135,9890009.644991135,9892108.644991135,9641
2024-01-02 01:29:00,9900152.413274141,9900162.413274141,9900064.413274141,9902095.413274141,6823
2024-01-02 01:30:00,9910176.858601833,9910205.858601833,9910088.858601833,9912114.858601833,6257
2024-01-02 01:31:00,9920129.045706788,9920152.045706788,9920089.045706788,9922066.045706788,4787
2024-01-02 01:32:00,9930111.24740834,9930165.24740834,9930060.24740834,9932090.24740834,9694
2024-01-02 01:33:00,9940030.542768685,9940041.542768685,9939934.542768685,9941989.542768685,9895
2024-01-02 01:34:00,9949942.31541022,9949991.31541022,9949921.31541022,9951923.31541022,1617
2024-01-02 01:35:00,9959927.809366055,9960006.809366055,9959883.809366055,9961870.809366055,4141
2024-01-02 01:36:00,9969879.293618917,9969965.293618917,9969849.293618917,9971836.293618917,7089
2024-01-02 01:37:00,9979795.532625878,9979838.532625878,9979715.532625878,9981788.532625878,8350
2024-01-02 01:38:00,9989855.666785238,9989894.666785238,9989768.666785238,9991885.666785238,4353
2024-01-02 01:39:00,9999860.150141599,9999912.150141599,9999788.150141599,10001873.150141599,2088
2024-01-02 01:40:00,10009886.043696264,10009980.043696264,10009873.043696264,10011924.043696264,7896
2024-01-02 01:41:00,10019885.815215593,10019912.815215593,10019854.815215593,10021914.815215593,6662
2024-01-02 01:42:00,10029840.929222051,10029937.929222051,10029783.929222051,10031850.929222051,4050
2024-01-02 01:43:00,10039841.548092268,10039915.548092268,10039796.548092268,10041892.548092268,7876
2024-01-02 01:44:00,10049897.89962688,10049967.89962688,10049845.89962688,10051865.89962688,1652
2024-01-02 01:45:00,10059924.04184548,10060002.04184548,10059843.04184548,10061900.04184548,4544
2024-01-02 01:46:00,10069987.360417716,10070020.360417716,10069950.360417716,10072027.360417716,2402
2024-01-02 01:47:00,10080042.58804828,10080088.58804828,10079995.58804828,10082098.58804828,8164
2024-01-02 01:48:00,10090045.768944498,10090144.768944498,10089996.768944498,10092074.768944498,9212
2024-01-02 01:49:00,10100094.660451634,10100141.660451634,10099996.660451634,10102077.660451634,6044
2024-01-02 01:50:00,10110098.92296312,10110193.92296312,10110002.92296312,10112102.92296312,7133
2024-01-02 01:51:00,10120064.049575517,10120138.049575517,10120017.049575517,10122133.049575517,4679
2024-01-02 01:52:00,10130111.088551389,10130205.088551389,10130076.088551389,10132092.088551389,4239
2024-01-02 01:53:00,10140003.236922946,10140077.236922946,10139962.236922946,10142013.236922946,4495
2024-01-02 01:54:00,10149954.043502174,10150051.043502174,10149873.043502174,10151984.043502174,4926
2024-01-02 01:55:00,10159903.423404291,10159927.423404291,10159843.423404291,10161908.423404291,147
2024-01-02 01:56:00,10169920.951286966,10169958.951286966,10169871.951286966,10171968.951286966,325
2024-01-02 01:57:00,10179954.754346604,10180010.754346604,10179857.754346604,10181968.754346604,205
2024-01-02 01:58:00,10189981.314803584,10190005.314803584,10189919.314803584,10192035.314803584,4380
2024-01-02 01:59:00,10200002.996844508,10200059.996844508,10199953.996844508,10202019.996844508,9851
2024-01-02 02:00:00,10209973.458271543,10210072.458271543,10209918.458271543,10212025.458271543,1220
2024-01-02 02:01:00,10220020.228686847,10220068.228686847,10219960.228686847,10222044.228686847,4738
2024-01-02 02:02:00,10230057.685669035,10230112.685669035,10230031.685669035,10232117.685669035,465
2024-01-02 02:03:00,10240072.614917368,10240130.614917368,10239976.614917368,10242088.614917368,7525
2024-01-02 02:04:00,10250023.017774701,10250116.017774701,10249943.017774701,10252066.017774701,917
2024-01-02 02:05:00,10260120.914968358,10260180.914968358,10260105.914968358,10262180.914968358,8806
2024-01-02 02:06:00,10270120.664124802,10270219.664124802,10270075.664124802,10272163.664124802,9022
2024-01-02 02:07:00,10280108.88194776,10280170.88194776,10280058.88194776,10282171.88194776,8550
2024-01-02 02:08:00,10290185.05754956,10290246.05754956,10290135.05754956,10292206.05754956,7575
2024-01-02 02:09:00,10300228.51948496,10300313.51948496,10300180.51948496,10302328.51948496,8784
2024-01-02 02:10:00,10310168.28062488,10310218.28062488,10310083.28062488,10312211.28062488,7958
2024-01-02 02:11:00,10320136.883499583,10320192.883499583,10320126.883499583,10322231.883499583,2341
2024-01-02 02:12:00,10330191.940077469,10330281.940077469,10330173.940077469,10332261.940077469,2944
2024-01-02 02:13:00,10340137.19921907,10340215.19921907,10340109.19921907,10342247.19921907,7197
2024-01-02 02:14:00,10350204.039821154,10350279.039821154,10350166.039821154,10352305.039821154,8297
2024-01-02 02:15:00,10360147.603665275,10360180.603665275,10360119.603665275,10362240.603665275,2643
2024-01-02 02:16:00,10370135.2746498,10370155.2746498,10370102.2746498,10372206.2746498,6485
2024-01-02 02:17:00,10380148.12540588,10380160.12540588,10380098.12540588,10382240.12540588,4691
2024-01-02 02:18:00,10390163.866405578,10390212.866405578,10390099.866405578,10392204.866405578,2218
2024-01-02 02:19:00,10400246.839089256,10400329.839089256,10400199.839089256,10402345.839089256,4043
2024-01-02 02:20:00,10410226.19758457,10410306.19758457,10410162.19758457,10412262.19758457,4903
2024-01-02 02:21:00,10420215.76115473,10420227.76115473,10420138.76115473,10422249.76115473,9788
2024-01-02 02:22:00,10430260.17091909,10430291.17091909,10430218.17091909,10432298.17091909,8762
2024-01-02 02:23:00,10440306.113346402,10440320.113346402,10440264.113346402,10442436.113346402,3684
2024-01-02 02:24:00,10450330.649434019,10450414.649434019,10450308.649434019,10452370.649434019,3915
2024-01-02 02:25:00,10460322.62201404,10460417.62201404,10460278.62201404,10462395.62201404,2286
2024-01-02 02:26:00,10470374.998798203,10470396.998798203,10470348.998798203,10472491.998798203,4692
2024-01-02 02:27:00,10480373.177964821,10480418.177964821,10480318.177964821,10482471.177964821,6956
2024-01-02 02:28:00,10490360.14488617,10490375.14488617,10490296.14488617,10492458.14488617,4404
2024-01-02 02:29:00,10500429.525618711,10500449.525618711,10500332.525618711,10502574.525618711,6541
2024-01-02 02:30:00,10510426.206405662,10510474.206405662,10510374.206405662,10512561.206405662,3228
2024-01-02 02:31:00,10520395.217467444,10520460.217467444,10520370.217467444,10522465.217467444,1022
2024-01-02 02:32:00,10530399.742037961,10530442.742037961,10530300.742037961,10532483.742037961,2667
2024-01-02 02:33:00,10540403.066697294,10540447.066697294,10540333.066697294,10542554.066697294,3230
2024-01-02 02:34:00,10550376.434189186,10550458.434189186,10550311.434189186,10552518.434189186,3269
2024-01-02 02:35:00,10560316.595167367,10560413.595167367,10560286.595167367,10562447.595167367,746
2024-01-02 02:36:00,10570324.00898795,10570385.00898795,10570290.00898795,10572453.00898795,7347
2024-01-02 02:37:00,10580298.366017478,10580344.366017478,10580261.366017478,10582443.366017478,9389
2024-01-02 02:38:00,10590303.176468505,10590361.176468505,10590242.176468505,10592396.176468505,4611
2024-01-02 02:39:00,10600374.407320006,10600391.407320006,10600358.407320006,10602442.407320006,4401
2024-01-02 02:40:00,10610328.903733676,10610424.903733676,10610274.903733676,10612448.903733676,4693
2024-01-02 02:41:00,10620376.822366655,10620475.822366655,10620318.822366655,10622481.822366655,2856
2024-01-02 02:42:00,10630276.517742865,10630368.517742865,10630252.517742865,10632385.517742865,8097
2024-01-02 02:43:00,10640338.672115382,10640368.672115382,10640245.672115382,10642448.672115382,8057
2024-01-02 02:44:00,10650331.096270582,10650363.096270582,10650253.096270582,10652439.096270582,7000
2024-01-02 02:45:00,10660284.265766466,10660321.265766466,10660221.265766466,10662364.265766466,7295
2024-01-02 02:46:00,10670298.167478723,10670334.167478723,10670212.167478723,10672409.167478723,7393
2024-01-02 02:47:00,10680300.09435061,10680373.09435061,10680238.09435061,10682399.09435061,5567
2024-01-02 02:48:00,10690291.688001493,10690373.688001493,10690254.688001493,10692415.688001493,6779
2024-01-02 02:49:00,10700301.892607167,10700351.892607167,10700278.892607167,10702475.892607167,8526
2024-01-02 02:50:00,10710332.155798864,10710359.155798864,10710234.155798864,10712513.155798864,6424
2024-01-02 02:51:00,10720261.564169897,10720289.564169897,10720184.564169897,10722435.564169897,5422
2024-01-02 02:52:00,10730239.40215381,10730322.40215381,10730151.40215381,10732367.40215381,2369
2024-01-02 02:53:00,10740159.72849469,10740223.72849469,10740139.72849469,10742269.72849469,2198
2024-01-02 02:54:00,10750113.790719766,10750185.790719766,10750096.790719766,10752265.790719766,5841
2024-01-02 02:55:00,10760064.334722547,10760076.334722547,10760051.334722547,10762202.334722547,2305
2024-01-02 02:56:00,10770098.150047047,10770183.150047047,10770009.150047047,10772281.150047047,9967
2024-01-02 02:57:00,10780223.31593332,10780279.31593332,10780128.31593332,10782417.31593332,2523
2024-01-02 02:58:00,10790207.15607758,10790232.15607758,10790141.15607758,10792389.15607758,6674
2024-01-02 02:59:00,10800228.07644971,10800315.07644971,10800206.07644971,10802434.07644971,3857
2024-01-02 03:00:00,10810214.08369753,10810308.08369753,10810121.08369753,10812358.08369753,2615
2024-01-02 03:01:00,10820154.799486592,10820231.799486592,10820102.799486592,10822267.799486592,3426
2024-01-02 03:02:00,10830153.91346005,10830169.91346005,10830129.91346005,10832301.91346005,7919
2024-01-02 03:03:00,10840087.695118058,10840161.695118058,10839997.695118058,10842211.695118058,7993
2024-01-02 03:04:00,10850058.055416705,10850146.055416705,10850008.055416705,10852229.055416705,2356
2024-01-02 03:05:00,10860086.69146409,10860139.69146409,10860069.69146409,10862229.69146409,5357
2024-01-02 03:06:00,10870041.755745638,10870071.755745638,10869998.755745638,10872164.755745638,2880
2024-01-02 03:07:00,10880059.64836857,10880128.64836857,10879993.64836857,10882232.64836857,3872
2024-01-02 03:08:00,10890064.156714348,10890108.156714348,10890021.156714348,10892191.156714348,3869
2024-01-02 03:09:00,10900027.787750363,10900075.787750363,10899983.787750363,10902183.787750363,2908
2024-01-02 03:10:00,10910131.85330488,10910163.85330488,10910118.85330488,10912301.85330488,9954
2024-01-02 03:11:00,10920111.565940786,10920201.565940786,10920085.565940786,10922258.565940786,9694
2024-01-02 03:12:00,10930093.39010831,10930146.39010831,10930007.39010831,10932294.39010831,2851
2024-01-02 03:13:00,10940062.091136701,10940091.091136701,10940028.091136701,10942250.091136701,7178
2024-01-02 03:14:00,10950110.059508491,10950182.059508491,10950094.059508491,10952286.059508491,7312
2024-01-02 03:15:00,10960091.352002615,10960130.352002615,10960010.352002615,10962259.352002615,2982
2024-01-02 03:16:00,10970231.22874944,10970269.22874944,10970173.22874944,10972374.22874944,9927
2024-01-02 03:17:00,10980165.535334866,10980217.535334866,10980138.535334866,10982331.535334866,4687
2024-01-02 03:18:00,10990217.239230944,10990266.239230944,10990131.239230944,10992382.239230944,7102
2024-01-02 03:19:00,11000150.822689941,11000194.822689941,11000078.822689941,11002318.822689941,4362
2024-01-02 03:20:00,11010159.184037114,11010243.184037114,11010093.184037114,11012369.184037114,4101
2024-01-02 03:21:00,11020254.498154365,11020351.498154365,11020182.498154365,11022478.498154365,4164
2024-01-02 03:22:00,11030219.980710903,11030239.980710903,11030167.980710903,11032452.980710903,5363
2024-01-02 03:23:00,11040267.426138079,11040360.426138079,11040224.426138079,11042423.426138079,6244
2024-01-02 03:24:00,11050348.111436162,11050384.111436162,11050338.111436162,11052559.111436162,7823
2024-01-02 03:25:00,11060391.029090306,11060448.029090306,11060323.029090306,11062584.029090306,8031
2024-01-02 03:26:00,11070422.935646446,11070463.935646446,11070345.935646446,11072647.935646446,5120
2024-01-02 03:27:00,11080371.939062612,11080427.939062612,11080337.939062612,11082597.939062612,2271
2024-01-02 03:28:00,11090324.29543891,11090334.29543891,11090288.29543891,11092503.29543891,6109
2024-01-02 03:29:00,11100347.653217433,11100376.653217433,11100289.653217433,11102575.653217433,6988
2024-01-02 03:30:00,11110355.295348259,11110427.295348259,11110338.295348259,11112615.295348259,6469
2024-01-02 03:31:00,11120308.742137805,11120358.742137805,11120283.742137805,11122526.742137805,6274
2024-01-02 03:32:00,11130359.3361433,11130434.3361433,11130301.3361433,11132597.3361433,526
2024-01-02 03:33:00,11140370.083544673,11140467.083544673,11140284.083544673,11142627.083544673,1120
2024-01-02 03:34:00,11150331.036274929,11150420.036274929,11150270.036274929,11152520.036274929,6840
2024-01-02 03:35:00,11160352.493955636,11160412.493955636,11160319.493955636,11162584.493955636,3315
2024-01-02 03:36:00,11170302.007198365,11170314.007198365,11170290.007198365,11172548.007198365,1506
2024-01-02 03:37:00,11180298.41712094,11180317.41712094,11180201.41712094,11182489.41712094,4846
2024-01-02 03:38:00,11190264.775756225,11190288.775756225,11190224.775756225,11192546.775756225,9074
2024-01-02 03:39:00,11200250.421769952,11200305.421769952,11200163.421769952,11202476.421769952,2623
2024-01-02 03:40:00,11210275.337280998,11210325.337280998,11210265.337280998,11212532.337280998,2859
2024-01-02 03:41:00,11220299.764734993,11220382.764734993,11220223.764734993,11222583.764734993,2317
2024-01-02 03:42:00,11230299.324455855,11230391.324455855,11230283.324455855,11232509.324455855,315
2024-01-02 03:43:00,11240231.021146966,11240325.021146966,11240189.021146966,11242459.021146966,6108
2024-01-02 03:44:00,11250144.603313753,11250195.603313753,11250057.603313753,11252380.603313753,2669
2024-01-02 03:45:00,11260158.744392663,11260170.744392663,11260144.744392663,11262445.744392663,1619
2024-01-02 03:46:00,11270179.304010523,11270191.304010523,11270156.304010523,11272467.304010523,3192
2024-01-02 03:47:00,11280167.396665145,11280181.396665145,11280113.396665145,11282458.396665145,6749
2024-01-02 03:48:00,11290097.171602672,11290181.171602672,11290064.171602672,11292402.171602672,9221
2024-01-02 03:49:00,11300113.428357348,11300209.428357348,11300028.428357348,11302364.428357348,9801
2024-01-02 03:50:00,11310071.387873646,11310120.387873646,11310001.387873646,11312320.387873646,8231
2024-01-02 03:51:00,11320109.309447087,11320191.309447087,11320055.309447087,11322415.309447087,578
2024-01-02 03:52:00,11330033.99902699,11330117.99902699,11329992.99902699,11332260.99902699,8537
2024-01-02 03:53:00,11340010.45739446,11340099.45739446,11339954.45739446,11342298.45739446,2826
2024-01-02 03:54:00,11350034.160028853,11350115.160028853,11349970.160028853,11352348.160028853,352
2024-01-02 03:55:00,11360074.66820428,11360157.66820428,11360064.66820428,11362360.66820428,9012
2024-01-02 03:56:00,11370032.301399505,11370114.301399505,11370008.301399505,11372347.301399505,4242
2024-01-02 03:57:00,11380011.138794975,11380059.138794975,11379943.138794975,11382320.138794975,236
2024-01-02 03:58:00,11390014.372163935,11390036.372163935,11389990.372163935,11392271.372163935,1843
2024-01-02 03:59:00,11400009.58664778,11400042.58664778,11399994.58664778,11402292.58664778,3694
2024-01-02 04:00:00,11410031.222080715,11410058.222080715,11409984.222080715,11412340.222080715,979
2024-01-02 04:01:00,11420096.462606367,11420125.462606367,11420020.462606367,11422392.462606367,1309
2024-01-02 04:02:00,11430113.397296688,11430190.397296688,11430020.397296688,11432367.397296688,7550
2024-01-02 04:03:00,11440221.780425873,11440241.780425873,11440168.780425873,11442552.780425873,5768
2024-01-02 04:04:00,11450291.239216102,11450366.239216102,11450246.239216102,11452537.239216102,5599
2024-01-02 04:05:00,11460231.894966763,11460288.894966763,11460174.894966763,11462543.894966763,6349
2024-01-02 04:06:00,11470282.399586668,11470341.399586668,11470191.399586668,11472549.399586668,3265
2024-01-02 04:07:00,11480293.505219355,11480326.505219355,11480264.505219355,11482618.505219355,9266
2024-01-02 04:08:00,11490260.284299165,11490357.284299165,11490169.284299165,11492535.284299165,7105
2024-01-02 04:09:00,11500312.2810116,11500403.2810116,11500282.2810116,11502621.2810116,657
2024-01-02 04:10:00,11510308.558182675,11510345.558182675,11510279.558182675,11512571.558182675,2691
2024-01-02 04:11:00,11520327.648501085,11520358.648501085,11520255.648501085,11522584.648501085,4197
2024-01-02 04:12:00,11530306.471960552,11530352.471960552,11530281.471960552,11532656.471960552,4072
2024-01-02 04:13:00,11540283.349011356,11540359.349011356,11540216.349011356,11542565.349011356,7815
2024-01-02 04:14:00,11550228.614509098,11550310.614509098,11550202.614509098,11552568.614509098,2930
2024-01-02 04:15:00,11560200.050262664,11560287.050262664,11560134.050262664,11562521.050262664,9554
2024-01-02 04:16:00,11570214.982031116,11570257.982031116,11570131.982031116,11572520.982031116,7821
2024-01-02 04:17:00,11580325.257810045,11580410.257810045,11580272.257810045,11582596.257810045,1699
2024-01-02 04:18:00,11590343.789445365,11590392.789445365,11590287.789445365,11592645.789445365,3857
2024-01-02 04:19:00,11600400.58599956,11600415.58599956,11600347.58599956,11602720.58599956,5434
2024-01-02 04:20:00,11610382.679539116,11610446.679539116,11610348.679539116,11612719.679539116,845
2024-01-02 04:21:00,11620395.648354279,11620460.648354279,11620366.648354279,11622727.648354279,4193
2024-01-02 04:22:00,11630333.87711985,11630384.87711985,11630300.87711985,11632653.87711985,5342
2024-01-02 04:23:00,11640299.891150804,11640362.891150804,11640285.891150804,11642595.891150804,5909
2024-01-02 04:24:00,11650330.228384597,11650425.228384597,11650254.228384597,11652699.228384597,7187
2024-01-02 04:25:00,11660319.758911086,11660335.758911086,11660221.758911086,11662692.758911086,3711
2024-01-02 04:26:00,11670313.931745114,11670401.931745114,11670256.931745114,11672611.931745114,5463
2024-01-02 04:27:00,11680283.024119865,11680314.024119865,11680230.024119865,11682639.024119865,7815
2024-01-02 04:28:00,11690307.67564636,11690323.67564636,11690223.67564636,11692679.67564636,2139
2024-01-02 04:29:00,11700291.708599709,11700388.708599709,11700245.708599709,11702635.708599709,9443
2024-01-02 04:30:00,11710217.848711496,11710229.848711496,11710158.848711496,11712592.848711496,8679
2024-01-02 04:31:00,11720146.900906276,11720181.900906276,11720077.900906276,11722461.900906276,3528
2024-01-02 04:32:00,11730155.00154681,11730199.00154681,11730064.00154681,11732456.00154681,3707
2024-01-02 04:33:00,11740137.512596555,11740201.512596555,11740066.512596555,11742519.512596555,7416
2024-01-02 04:34:00,11750123.520358657,11750146.520358657,11750096.520358657,11752495.520358657,717
2024-01-02 04:35:00,11760186.273060074,11760258.273060074,11760113.273060074,11762548.273060074,5444
2024-01-02 04:36:00,11770163.879137095,11770241.879137095,11770065.879137095,11772512.879137095,1857
2024-01-02 04:37:00,11780153.850687781,11780221.850687781,11780123.850687781,11782533.850687781,8864
2024-01-02 04:38:00,11790113.083195414,11790147.083195414,11790040.083195414,11792425.083195414,8086
2024-01-02 04:39:00,11800127.8196339,11800182.8196339,11800063.8196339,11802523.8196339,5691
2024-01-02 04:40:00,11810144.204818735,11810157.204818735,11810132.204818735,11812469.204818735,3433
2024-01-02 04:41:00,11820149.241909048,11820168.241909048,11820076.241909048,11822476.241909048,6925
2024-01-02 04:42:00,11830100.226121373,11830116.226121373,11830049.226121373,11832496.226121373,3679
2024-01-02 04:43:00,11840100.791166667,11840142.791166667,11840064.791166667,11842472.791166667,4517
2024-01-02 04:44:00,11850151.162668627,11850177.162668627,11850090.162668627,11852514.162668627,3602
2024-01-02 04:45:00,11860144.273035105,11860217.273035105,11860118.273035105,11862483.273035105,7039
2024-01-02 04:46:00,11870060.06997813,11870087.06997813,11869996.06997813,11872448.06997813,7152
2024-01-02 04:47:00,11880030.611165468,11880080.611165468,11879971.611165468,11882410.611165468,2791
2024-01-02 04:48:00,11890034.549068032,11890106.549068032,11890005.549068032,11892367.549068032,8680
2024-01-02 04:49:00,11900075.957983175,11900174.957983175,11900034.957983175,11902416.957983175,8431
2024-01-02 04:50:00,11910024.172397254,11910077.172397254,11909942.172397254,11912407.172397254,5039
2024-01-02 04:51:00,11920017.786619706,11920036.786619706,11919970.786619706,11922353.786619706,6853
2024-01-02 04:52:00,11930036.938803088,11930102.938803088,11930016.938803088,11932461.938803088,915
2024-01-02 04:53:00,11940025.794564985,11940104.794564985,11939966.794564985,11942363.794564985,3018
2024-01-02 04:54:00,11950004.516961759,11950062.516961759,11949915.516961759,11952431.516961759,1296
2024-01-02 04:55:00,11960033.163226102,11960054.163226102,11959936.163226102,11962432.163226102,6291
2024-01-02 04:56:00,11970080.42107597,11970119.42107597,11970044.42107597,11972517.42107597,5982
2024-01-02 04:57:00,11979999.886898901,11980035.886898901,11979957.886898901,11982420.886898901,3573
2024-01-02 04:58:00,11990027.345203115,11990118.345203115,11990008.345203115,11992430.345203115,9170
2024-01-02 04:59:00,11999956.72731547,11999990.72731547,11999906.72731547,12002359.72731547,9751
2024-01-02 05:00:00,12009860.585122425,12009898.585122425,12009773.585122425,12012280.585122425,4357
2024-01-02 05:01:00,12019857.32843139,12019931.32843139,12019784.32843139,12022230.32843139,5790
2024-01-02 05:02:00,12029880.033748496,12029953.033748496,12029870.033748496,12032245.033748496,7872
2024-01-02 05:03:00,12039823.710323263,12039846.710323263,12039728.710323263,12042198.710323263,5646
2024-01-02 05:04:00,12049843.379267346,12049893.379267346,12049769.379267346,12052286.379267346,1802
2024-01-02 05:05:00,12059854.0930883,12059943.0930883,12059833.0930883,12062296.0930883,2522
2024-01-02 05:06:00,12069894.666936614,12069954.666936614,12069858.666936614,12072261.666936614,5557
2024-01-02 05:07:00,12079881.56830325,12079903.56830325,12079815.56830325,12082299.56830325,8122
2024-01-02 05:08:00,12089757.483876703,12089805.483876703,12089726.483876703,12092128.483876703,8844
2024-01-02 05:09:00,12099731.820628602,12099767.820628602,12099670.820628602,12102112.820628602,6566
2024-01-02 05:10:00,12109781.20397834,12109797.20397834,12109738.20397834,12112235.20397834,1884
2024-01-02 05:11:00,12119794.49401189,12119866.49401189,12119763.49401189,12122235.49401189,8405
2024-01-02 05:12:00,12129728.619152423,12129772.619152423,12129649.619152423,12132201.619152423,6131
2024-01-02 05:13:00,12139744.451845404,12139840.451845404,12139650.451845404,12142139.451845404,8589
2024-01-02 05:14:00,12149645.37849354,12149683.37849354,12149581.37849354,12152099.37849354,6200
2024-01-02 05:15:00,12159607.54060477,12159680.54060477,12159593.54060477,12161987.54060477,9480
2024-01-02 05:16:00,12169638.521061748,12169719.521061748,12169577.521061748,12172076.521061748,1302
2024-01-02 05:17:00,12179680.866403986,12179706.866403986,12179613.866403986,12182162.866403986,5632
2024-01-02 05:18:00,12189726.609820476,12189820.609820476,12189708.609820476,12192158.609820476,3145
2024-01-02 05:19:00,12199758.422497422,12199824.422497422,12199730.422497422,12202190.422497422,2154
2024-01-02 05:20:00,12209783.718177134,12209825.718177134,12209748.718177134,12212272.718177134,922
2024-01-02 05:21:00,12219797.698764166,12219871.698764166,12219716.698764166,12222225.698764166,4018
2024-01-02 05:22:00,12229855.37038755,12229935.37038755,12229823.37038755,12232298.37038755,1869
2024-01-02 05:23:00,12239954.80013237,12240030.80013237,12239897.80013237,12242358.80013237,4776
2024-01-02 05:24:00,12249958.610704178,12250050.610704178,12249911.610704178,12252410.610704178,7711
2024-01-02 05:25:00,12259957.196498329,12259967.196498329,12259864.196498329,12262395.196498329,1947
2024-01-02 05:26:00,12269850.094531404,12269879.094531404,12269812.094531404,12272261.094531404,4995
2024-01-02 05:27:00,12279796.358130105,12279857.358130105,12279780.358130105,12282280.358130105,3703
2024-01-02 05:28:00,12289752.780277759,12289764.780277759,12289728.780277759,12292257.780277759,4100
2024-01-02 05:29:00,12299668.518322693,12299764.518322693,12299583.518322693,12302088.518322693,4192
2024-01-02 05:30:00,12309644.847971106,12309721.847971106,12309551.847971106,12312114.847971106,1837
2024-01-02 05:31:00,12319594.285437495,12319670.285437495,12319545.285437495,12322038.285437495,7294
2024-01-02 05:32:00,12329678.210283585,12329771.210283585,12329590.210283585,12332139.210283585,5175
2024-01-02 05:33:00,12339752.518394921,12339787.518394921,12339731.518394921,12342171.518394921,7570
2024-01-02 05:34:00,12349812.235866696,12349909.235866696,12349792.235866696,12352325.235866696,7900
2024-01-02 05:35:00,12359832.049495954,12359915.049495954,12359767.049495954,12362281.049495954,9830
2024-01-02 05:36:00,12369887.463507978,12369955.463507978,12369851.463507978,12372376.463507978,6918
2024-01-02 05:37:00,12379923.597184984,12379966.597184984,12379830.597184984,12382348.597184984,694
2024-01-02 05:38:00,12389940.685863383,12389990.685863383,12389866.685863383,12392429.685863383,9121
2024-01-02 05:39:00,12399980.099002695,12400002.099002695,12399962.099002695,12402459.099002695,1628
2024-01-02 05:40:00,12409948.779090917,12409997.779090917,12409917.779090917,12412424.779090917,473
2024-01-02 05:41:00,12419884.12146136,12419916.12146136,12419808.12146136,12422335.12146136,912
2024-01-02 05:42:00,12429901.425530637,12429965.425530637,12429874.425530637,12432401.425530637,8479
2024-01-02 05:43:00,12439895.441003358,12439989.441003358,12439879.441003358,12442362.441003358,202
2024-01-02 05:44:00,12449908.643751718,12449948.643751718,12449895.643751718,12452384.643751718,362
2024-01-02 05:45:00,12459911.466263246,12460002.466263246,12459878.466263246,12462376.466263246,1053
2024-01-02 05:46:00,12469908.314415822,12469985.314415822,12469837.314415822,12472417.314415822,5256
2024-01-02 05:47:00,12479950.216140376,12479985.216140376,12479922.216140376,12482411.216140376,9089
2024-01-02 05:48:00,12489933.590147698,12489963.590147698,12489847.590147698,12492477.590147698,7418
2024-01-02 05:49:00,12500041.62709584,12500056.62709584,12499980.62709584,12502527.62709584,5258
2024-01-02 05:50:00,12510006.879993089,12510091.879993089,12509913.879993089,12512495.879993089,9779
2024-01-02 05:51:00,12519941.858611474,12520007.858611474,12519849.858611474,12522461.858611474,9245
2024-01-02 05:52:00,12529875.75749891,12529954.75749891,12529865.75749891,12532329.75749891,8753
2024-01-02 05:53:00,12539898.927726256,12539959.927726256,12539838.927726256,12542429.927726256,8065
2024-01-02 05:54:00,12549889.713023532,12549903.713023532,12549797.713023532,12552427.713023532,3842
2024-01-02 05:55:00,12559821.364978006,12559865.364978006,12559732.364978006,12562329.364978006,9699
2024-01-02 05:56:00,12569793.233021034,12569880.233021034,12569759.233021034,12572323.233021034,1029
2024-01-02 05:57:00,12579846.584014522,12579922.584014522,12579800.584014522,12582356.584014522,745
2024-01-02 05:58:00,12589787.762906203,12589821.762906203,12589751.762906203,12592345.762906203,5126
2024-01-02 05:59:00,12599730.228732537,12599811.228732537,12599720.228732537,12602228.228732537,944
2024-01-02 06:00:00,12609688.831704108,12609725.831704108,12609642.831704108,12612197.831704108,3181
2024-01-02 06:01:00,12619655.053021127,12619725.053021127,12619608.053021127,12622130.053021127,6895
2024-01-02 06:02:00,12629636.674956499,12629711.674956499,12629548.674956499,12632186.674956499,8167
2024-01-02 06:03:00,12639794.270351913,12639805.270351913,12639767.270351913,12642298.270351913,5059
2024-01-02 06:04:00,12649817.973638458,12649890.973638458,12649738.973638458,12652339.973638458,8722
2024-01-02 06:05:00,12659753.358304815,12659818.358304815,12659679.358304815,12662300.358304815,9029
2024-01-02 06:06:00,12669709.083708392,12669768.083708392,12669692.083708392,12672201.083708392,8250
2024-01-02 06:07:00,12679711.522875281,12679810.522875281,12679659.522875281,12682278.522875281,2994
2024-01-02 06:08:00,12689681.617188055,12689704.617188055,12689592.617188055,12692187.617188055,1104
2024-01-02 06:09:00,12699752.049501993,12699845.049501993,12699701.049501993,12702262.049501993,2711
2024-01-02 06:10:00,12709748.715834823,12709802.715834823,12709713.715834823,12712321.715834823,3193
2024-01-02 06:11:00,12719758.807647109,12719809.807647109,12719741.807647109,12722288.807647109,5234
2024-01-02 06:12:00,12729773.068420352,12729829.068420352,12729715.068420352,12732312.068420352,2122
2024-01-02 06:13:00,12739827.309804354,12739845.309804354,12739761.309804354,12742391.309804354,5758
2024-01-02 06:14:00,12749861.425075244,12749911.425075244,12749834.425075244,12752374.425075244,9273
2024-01-02 06:15:00,12759859.383773016,12759919.383773016,12759846.383773016,12762428.383773016,823
2024-01-02 06:16:00,12769852.73818572,12769951.73818572,12769795.73818572,12772448.73818572,4626
2024-01-02 06:17:00,12779835.040164188,12779893.040164188,12779736.040164188,12782402.040164188,108
2024-01-02 06:18:00,12789860.105754158,12789898.105754158,12789803.105754158,12792417.105754158,496
2024-01-02 06:19:00,12799814.776675206,12799864.776675206,12799724.776675206,12802335.776675206,6943
2024-01-02 06:20:00,12809867.754706929,12809896.754706929,12809844.754706929,12812461.754706929,5973
2024-01-02 06:21:00,12819910.189925414,12819995.189925414,12819843.189925414,12822446.189925414,7461
2024-01-02 06:22:00,12829920.783408266,12829984.783408266,12829831.783408266,12832487.783408266,6761
2024-01-02 06:23:00,12839945.803461809,12839956.803461809,12839914.803461809,12842558.803461809,4305
2024-01-02 06:24:00,12849996.752119428,12850048.752119428,12849960.752119428,12852612.752119428,2204
2024-01-02 06:25:00,12859960.670973849,12860031.670973849,12859878.670973849,12862485.670973849,4757
2024-01-02 06:26:00,12869946.125001395,12870010.125001395,12869920.125001395,12872504.125001395,6833
2024-01-02 06:27:00,12879818.986791052,12879886.986791052,12879732.986791052,12882367.986791052,1538
2024-01-02 06:28:00,12889724.687691385,12889816.687691385,12889679.687691385,12892343.687691385,3198
2024-01-02 06:29:00,12899725.291744756,12899810.291744756,12899642.291744756,12902278.291744756,7399
2024-01-02 06:30:00,12909711.139541069,12909763.139541069,12909639.139541069,12912261.139541069,2547
2024-01-02 06:31:00,12919686.605690593,12919736.605690593,12919637.605690593,12922281.605690593,397
2024-01-02 06:32:00,12929674.357455136,12929691.357455136,12929604.357455136,12932232.357455136,8243
2024-01-02 06:33:00,12939662.680513656,12939684.680513656,12939587.680513656,12942289.680513656,9602
2024-01-02 06:34:00,12949694.653380277,12949759.653380277,12949624.653380277,12952287.653380277,9462
2024-01-02 06:35:00,12959740.53313906,12959778.53313906,12959711.53313906,12962281.53313906,7051
2024-01-02 06:36:00,12969745.933039818,12969827.933039818,12969734.933039818,12972313.933039818,2583
2024-01-02 06:37:00,12979806.942895127,12979903.942895127,12979742.942895127,12982433.942895127,2908
2024-01-02 06:38:00,12989903.405593636,12989933.405593636,12989811.405593636,12992463.405593636,3606
2024-01-02 06:39:00,12999933.379365528,12999943.379365528,12999883.379365528,13002490.379365528,4613
2024-01-02 06:40:00,13009978.39057154,13010007.39057154,13009913.39057154,13012604.39057154,9264
2024-01-02 06:41:00,13019965.451232832,13020026.451232832,13019868.451232832,13022537.451232832,717
2024-01-02 06:42:00,13029912.133398147,13029931.133398147,13029843.133398147,13032496.133398147,7771
2024-01-02 06:43:00,13039858.987878133,13039871.987878133,13039830.987878133,13042425.987878133,2647
2024-01-02 06:44:00,13049806.725321965,13049860.725321965,13049759.725321965,13052457.725321965,5249
2024-01-02 06:45:00,13059850.2128058,13059923.2128058,13059770.2128058,13062474.2128058,9763
2024-01-02 06:46:00,13069899.878396468,13069959.878396468,13069832.878396468,13072476.878396468,9827
2024-01-02 06:47:00,13079981.637460528,13079998.637460528,13079893.637460528,13082583.637460528,1788
2024-01-02 06:48:00,13089966.120371802,13090033.120371802,13089948.120371802,13092580.120371802,8577
2024-01-02 06:49:00,13099991.409132006,13100035.409132006,13099913.409132006,13102625.409132006,581
2024-01-02 06:50:00,13110050.643423716,13110072.643423716,13109967.643423716,13112681.643423716,4162
2024-01-02 06:51:00,13120059.179971201,13120103.179971201,13120014.179971201,13122673.179971201,3770
2024-01-02 06:52:00,13130032.231964523,13130064.231964523,13129973.231964523,13132668.231964523,8518
2024-01-02 06:53:00,13140137.431962809,13140201.431962809,13140089.431962809,13142757.431962809,3026
2024-01-02 06:54:00,13150185.344422102,13150270.344422102,13150123.344422102,13152780.344422102,8155
2024-01-02 06:55:00,13160244.376117645,13160275.376117645,13160205.376117645,13162889.376117645,5716
2024-01-02 06:56:00,13170210.055753259,13170305.055753259,13170123.055753259,13172821.055753259,2421
2024-01-02 06:57:00,13180113.441387547,13180194.441387547,13180016.441387547,13182746.441387547,3314
2024-01-02 06:58:00,13190171.437801545,13190242.437801545,13190130.437801545,13192851.437801545,1247
2024-01-02 06:59:00,13200202.71337065,13200221.71337065,13200129.71337065,13202811.71337065,4654
2024-01-02 07:00:00,13210222.795370186,13210234.795370186,13210130.795370186,13212831.795370186,8055
2024-01-02 07:01:00,13220193.41106729,13220281.41106729,13220154.41106729,13222786.41106729,1806
2024-01-02 07:02:00,13230202.659409013,13230252.659409013,13230150.659409013,13232828.659409013,3164
2024-01-02 07:03:00,13240338.88111684,13240410.88111684,13240239.88111684,13242970.88111684,9033
2024-01-02 07:04:00,13250349.566337464,13250447.566337464,13250338.566337464,13253014.566337464,1423
2024-01-02 07:05:00,13260398.339417763,13260422.339417763,13260362.339417763,13263087.339417763,7973
2024-01-02 07:06:00,13270374.46760702,13270386.46760702,13270288.46760702,13273056.46760702,4541
2024-01-02 07:07:00,13280418.89076704,13280460.89076704,13280372.89076704,13283027.89076704,1583
2024-01-02 07:08:00,13290447.526872756,13290524.526872756,13290421.526872756,13293123.526872756,1835
2024-01-02 07:09:00,13300460.854598258,13300499.854598258,13300366.854598258,13303153.854598258,9471
2024-01-02 07:10:00,13310449.924698437,13310493.924698437,13310407.924698437,13313138.924698437,554
2024-01-02 07:11:00,13320451.672787676,13320525.672787676,13320403.672787676,13323128.672787676,6488
2024-01-02 07:12:00,13330397.820052262,13330426.820052262,13330351.820052262,13333074.820052262,3268
2024-01-02 07:13:00,13340424.715210432,13340434.715210432,13340353.715210432,13343103.715210432,3771
2024-01-02 07:14:00,13350343.471657528,13350398.471657528,13350281.471657528,13353037.471657528,2508
2024-01-02 07:15:00,13360358.447864719,13360383.447864719,13360281.447864719,13363005.447864719,9775
2024-01-02 07:16:00,13370435.290495187,13370447.290495187,13370345.290495187,13373149.290495187,4889
2024-01-02 07:17:00,13380467.295158075,13380506.295158075,13380435.295158075,13383097.295158075,5503
2024-01-02 07:18:00,13390482.713583233,13390574.713583233,13390461.713583233,13393198.713583233,3523
2024-01-02 07:19:00,13400505.362609772,13400558.362609772,13400424.362609772,13403151.362609772,9710
2024-01-02 07:20:00,13410587.605730623,13410628.605730623,13410550.605730623,13413244.605730623,9025
2024-01-02 07:21:00,13420658.809835367,13420732.809835367,13420624.809835367,13423381.809835367,2168
2024-01-02 07:22:00,13430674.626689533,13430718.626689533,13430653.626689533,13433390.626689533,5741
2024-01-02 07:23:00,13440665.355524711,13440733.355524711,13440606.355524711,13443355.355524711,8474
2024-01-02 07:24:00,13450633.326696409,13450676.326696409,13450546.326696409,13453366.326696409,2712
2024-01-02 07:25:00,13460710.101892903,13460786.101892903,13460656.101892903,13463392.101892903,6033
2024-01-02 07:26:00,13470677.573752195,13470767.573752195,13470659.573752195,13473389.573752195,3222
2024-01-02 07:27:00,13480792.476756455,13480806.476756455,13480774.476756455,13483457.476756455,8762
2024-01-02 07:28:00,13490705.14571459,13490779.14571459,13490633.14571459,13493360.14571459,3905
2024-01-02 07:29:00,13500705.214925237,13500731.214925237,13500611.214925237,13503359.214925237,7066
2024-01-02 07:30:00,13510663.16942817,13510742.16942817,13510596.16942817,13513315.16942817,8900
2024-01-02 07:31:00,13520632.115855748,13520713.115855748,13520591.115855748,13523377.115855748,9990
2024-01-02 07:32:00,13530676.414220564,13530760.414220564,13530633.414220564,13533353.414220564,1174
2024-01-02 07:33:00,13540704.970698642,13540761.970698642,13540672.970698642,13543428.970698642,2786
2024-01-02 07:34:00,13550759.197014686,13550858.197014686,13550688.197014686,13553433.197014686,3008
2024-01-02 07:35:00,13560769.75323692,13560816.75323692,13560689.75323692,13563493.75323692,4064
2024-01-02 07:36:00,13570758.774931695,13570795.774931695,13570745.774931695,13573420.774931695,6376
2024-01-02 07:37:00,13580797.945921732,13580881.945921732,13580753.945921732,13583500.945921732,9469
2024-01-02 07:38:00,13590880.771656135,13590916.771656135,13590787.771656135,13593573.771656135,3750
2024-01-02 07:39:00,13600960.242747048,13600979.242747048,13600950.242747048,13603684.242747048,8672
2024-01-02 07:40:00,13610922.73653817,13610989.73653817,13610891.73653817,13613662.73653817,9875
2024-01-02 07:41:00,13620952.856406623,13620973.856406623,13620876.856406623,13623670.856406623,4007
2024-01-02 07:42:00,13630976.75803636,13631021.75803636,13630951.75803636,13633669.75803636,8413
2024-01-02 07:43:00,13640916.559848346,13641014.559848346,13640834.559848346,13643644.559848346,1039
2024-01-02 07:44:00,13650821.521581888,13650835.521581888,13650742.521581888,13653565.521581888,641
2024-01-02 07:45:00,13660783.893015696,13660864.893015696,13660712.893015696,13663560.893015696,9625
2024-01-02 07:46:00,13670805.221003858,13670859.221003858,13670746.221003858,13673577.221003858,6936
2024-01-02 07:47:00,13680799.76817521,13680813.76817521,13680748.76817521,13683516.76817521,5185
2024-01-02 07:48:00,13690783.837197777,13690866.837197777,13690739.837197777,13693500.837197777,5068
2024-01-02 07:49:00,13700772.65284487,13700845.65284487,13700702.65284487,13703557.65284487,7189
2024-01-02 07:50:00,13710854.091834918,13710949.091834918,13710844.091834918,13713638.091834918,2568
2024-01-02 07:51:00,13720862.242968062,13720901.242968062,13720799.242968062,13723636.242968062,7506
2024-01-02 07:52:00,13730863.907212405,13730955.907212405,13730770.907212405,13733653.907212405,8551
2024-01-02 07:53:00,13740838.110743746,13740896.110743746,13740769.110743746,13743555.110743746,1015
2024-01-02 07:54:00,13750835.068897044,13750933.068897044,13750738.068897044,13753589.068897044,7545
2024-01-02 07:55:00,13760814.796189489,13760826.796189489,13760794.796189489,13763613.796189489,4460
2024-01-02 07:56:00,13770788.603189625,13770883.603189625,13770734.603189625,13773509.603189625,506
2024-01-02 07:57:00,13780844.588696135,13780855.588696135,13780821.588696135,13783573.588696135,9665
2024-01-02 07:58:00,13790830.52501862,13790879.52501862,13790807.52501862,13793596.52501862,4123
2024-01-02 07:59:00,13800819.879609924,13800845.879609924,13800803.879609924,13803593.879609924,9615
2024-01-02 08:00:00,13810881.699805187,13810923.699805187,13810827.699805187,13813621.699805187,5255
2024-01-02 08:01:00,13820916.485937146,13820968.485937146,13820819.485937146,13823636.485937146,5146
2024-01-02 08:02:00,13830980.318685474,13831050.318685474,13830944.318685474,13833708.318685474,306
2024-01-02 08:03:00,13841002.18776666,13841099.18776666,13840942.18776666,13843812.18776666,9151
2024-01-02 08:04:00,13851024.682314197,13851058.682314197,13850995.682314197,13853833.682314197,145
2024-01-02 08:05:00,13861029.28250104,13861044.28250104,13860972.28250104,13863771.28250104,6145
2024-01-02 08:06:00,13870956.885164818,13871045.885164818,13870942.885164818,13873760.885164818,6133
2024-01-02 08:07:00,13880879.909032548,13880909.909032548,13880813.909032548,13883660.909032548,4614
2024-01-02 08:08:00,13890881.794709753,13890950.794709753,13890817.794709753,13893660.794709753,3053
2024-01-02 08:09:00,13900873.23552041,13900972.23552041,13900859.23552041,13903604.23552041,7127
2024-01-02 08:10:00,13910818.100981057,13910899.100981057,13910733.100981057,13913568.100981057,4354
2024-01-02 08:11:00,13920813.322852211,13920901.322852211,13920728.322852211,13923642.322852211,3419
2024-01-02 08:12:00,13930833.697413204,13930931.697413204,13930786.697413204,13933589.697413204,2004
2024-01-02 08:13:00,13940891.357240018,13940971.357240018,13940861.357240018,13943697.357240018,5380
2024-01-02 08:14:00,13950856.144573769,13950894.144573769,13950841.144573769,13953632.144573769,8315
2024-01-02 08:15:00,13960839.972166758,13960900.972166758,13960746.972166758,13963655.972166758,7199
2024-01-02 08:16:00,13970791.758879328,13970821.758879328,13970772.758879328,13973593.758879328,5034
2024-01-02 08:17:00,13980743.422505409,13980761.422505409,13980688.422505409,13983562.422505409,9958
2024-01-02 08:18:00,13990835.50504013,13990853.50504013,13990739.50504013,13993595.50504013,8443
2024-01-02 08:19:00,14000866.609969363,14000911.609969363,14000854.609969363,14003687.609969363,1943
2024-01-02 08:20:00,14010827.211115127,14010878.211115127,14010810.211115127,14013593.211115127,8201
2024-01-02 08:21:00,14020749.439902874,14020785.439902874,14020716.439902874,14023503.439902874,4637
2024-01-02 08:22:00,14030710.61292515,14030728.61292515,14030615.61292515,14033549.61292515,3161
2024-01-02 08:23:00,14040709.628086513,14040795.628086513,14040659.628086513,14043553.628086513,6807
2024-01-02 08:24:00,14050701.548562126,14050724.548562126,14050621.548562126,14053551.548562126,9871
2024-01-02 08:25:00,14060687.588509545,14060761.588509545,14060666.588509545,14063491.588509545,9933
2024-01-02 08:26:00,14070686.213989696,14070705.213989696,14070649.213989696,14073449.213989696,1750
2024-01-02 08:27:00,14080651.01534402,14080734.01534402,14080578.01534402,14083465.01534402,7123
2024-01-02 08:28:00,14090673.486206174,14090735.486206174,14090627.486206174,14093518.486206174,9049
2024-01-02 08:29:00,14100667.592048878,14100708.592048878,14100653.592048878,14103462.592048878,9378
2024-01-02 08:30:00,14110643.438859094,14110653.438859094,14110556.438859094,14113493.438859094,7584
2024-01-02 08:31:00,14120653.850873562,14120719.850873562,14120576.850873562,14123509.850873562,3012
2024-01-02 08:32:00,14130655.207848292,14130678.207848292,14130606.207848292,14133491.207848292,3212
2024-01-02 08:33:00,14140705.902559465,14140730.902559465,14140612.902559465,14143567.902559465,1437
2024-01-02 08:34:00,14150696.504862495,14150780.504862495,14150645.504862495,14153516.504862495,1041
2024-01-02 08:35:00,14160729.874958478,14160792.874958478,14160661.874958478,14163548.874958478,488
2024-01-02 08:36:00,14170738.613233088,14170825.613233088,14170704.613233088,14173528.613233088,4052
2024-01-02 08:37:00,14180767.785188705,14180820.785188705,14180724.785188705,14183633.785188705,4487
2024-01-02 08:38:00,14190715.184383875,14190785.184383875,14190675.184383875,14193525.184383875,6659
2024-01-02 08:39:00,14200780.969380643,14200800.969380643,14200689.969380643,14203665.969380643,7347
2024-01-02 08:40:00,14210802.10462984,14210881.10462984,14210763.10462984,14213640.10462984,2711
2024-01-02 08:41:00,14220879.563898783,14220891.563898783,14220825.563898783,14223732.563898783,4995
2024-01-02 08:42:00,14230891.08531824,14230928.08531824,14230874.08531824,14233757.08531824,1122
2024-01-02 08:43:00,14240909.463083575,14240983.463083575,14240867.463083575,14243789.463083575,9324
2024-01-02 08:44:00,14250856.963888047,14250875.963888047,14250831.963888047,14253655.963888047,3921
2024-01-02 08:45:00,14260873.862935094,14260969.862935094,14260851.862935094,14263691.862935094,1044
2024-01-02 08:46:00,14270895.991050746,14270933.991050746,14270854.991050746,14273749.991050746,6586
2024-01-02 08:47:00,14280907.142883418,14280995.142883418,14280870.142883418,14283732.142883418,2685
2024-01-02 08:48:00,14290930.484959206,14290945.484959206,14290915.484959206,14293757.484959206,4599
2024-01-02 08:49:00,14300874.545525026,14300959.545525026,14300783.545525026,14303719.545525026,2566
2024-01-02 08:50:00,14310922.370911943,14311014.370911943,14310861.370911943,14313798.370911943,5123
2024-01-02 08:51:00,14320964.634121366,14320981.634121366,14320892.634121366,14323868.634121366,2718
2024-01-02 08:52:00,14330969.790664302,14331048.790664302,14330901.790664302,14333822.790664302,7607
2024-01-02 08:53:00,14340954.9680872,14340980.9680872,14340904.9680872,14343828.9680872,2662
2024-01-02 08:54:00,14350935.601662265,14350979.601662265,14350851.601662265,14353827.601662265,9078
2024-01-02 08:55:00,14360993.998360211,14361051.998360211,14360917.998360211,14363904.998360211,2537
2024-01-02 08:56:00,14371005.947342042,14371077.947342042,14370923.947342042,14373849.947342042,4971
2024-01-02 08:57:00,14380934.821287695,14380949.821287695,14380905.821287695,14383801.821287695,9828
2024-01-02 08:58:00,14390936.952634813,14390955.952634813,14390888.952634813,14393849.952634813,3748
2024-01-02 08:59:00,14401024.788293201,14401086.788293201,14400936.788293201,14403887.788293201,4126
2024-01-02 09:00:00,14411020.498441856,14411078.498441856,14410952.498441856,14413886.498441856,1317
2024-01-02 09:01:00,14420939.314270148,14420952.314270148,14420872.314270148,14423843.314270148,5121
2024-01-02 09:02:00,14430896.313918628,14430920.313918628,14430853.313918628,14433802.313918628,8174
2024-01-02 09:03:00,14440871.13056536,14440913.13056536,14440827.13056536,14443718.13056536,1710
2024-01-02 09:04:00,14450856.139172552,14450876.139172552,14450802.139172552,14453694.139172552,9951
2024-01-02 09:05:00,14460903.425621074,14460957.425621074,14460849.425621074,14463750.425621074,4483
2024-01-02 09:06:00,14470959.464480177,14471014.464480177,14470920.464480177,14473886.464480177,7847
2024-01-02 09:07:00,14481030.92701702,14481081.92701702,14480961.92701702,14483949.92701702,1032
2024-01-02 09:08:00,14491062.690408204,14491107.690408204,14491028.690408204,14493912.690408204,8768
2024-01-02 09:09:00,14501023.102923525,14501067.102923525,14500932.102923525,14503945.102923525,8539
2024-01-02 09:10:00,14510931.135877201,14511018.135877201,14510918.135877201,14513802.135877201,8895
2024-01-02 09:11:00,14520847.445166929,14520877.445166929,14520761.445166929,14523786.445166929,1259
2024-01-02 09:12:00,14530843.770505372,14530915.770505372,14530815.770505372,14533714.770505372,6106
2024-01-02 09:13:00,14540875.288073292,14540900.288073292,14540864.288073292,14543792.288073292,3463
2024-01-02 09:14:00,14550987.328765227,14551024.328765227,14550916.328765227,14553916.328765227,921
2024-01-02 09:15:00,14561012.477789965,14561048.477789965,14560930.477789965,14563881.477789965,5066
2024-01-02 09:16:00,14570966.593621569,14570984.593621569,14570919.593621569,14573864.593621569,4252
2024-01-02 09:17:00,14580933.23557364,14580978.23557364,14580916.23557364,14583843.23557364,493
2024-01-02 09:18:00,14590951.040795717,14591038.040795717,14590889.040795717,14593861.040795717,7883
2024-01-02 09:19:00,14601014.34721082,14601063.34721082,14600994.34721082,14603889.34721082,2606
2024-01-02 09:20:00,14610959.38116133,14611001.38116133,14610928.38116133,14613912.38116133,5608
2024-01-02 09:21:00,14620888.258909902,14620940.258909902,14620842.258909902,14623827.258909902,9510
2024-01-02 09:22:00,14630866.194584655,14630931.194584655,14630827.194584655,14633828.194584655,2483
2024-01-02 09:23:00,14640868.118932392,14640893.118932392,14640847.118932392,14643817.118932392,2475
2024-01-02 09:24:00,14650894.414115712,14650908.414115712,14650821.414115712,14653869.414115712,9238
2024-01-02 09:25:00,14660867.42270965,14660949.42270965,14660823.42270965,14663747.42270965,3449
2024-01-02 09:26:00,14670891.488098606,14670929.488098606,14670793.488098606,14673823.488098606,7569
2024-01-02 09:27:00,14680805.84528571,14680877.84528571,14680734.84528571,14683731.84528571,770
2024-01-02 09:28:00,14690760.68299895,14690850.68299895,14690716.68299895,14693669.68299895,1909
2024-01-02 09:29:00,14700721.29913837,14700802.29913837,14700624.29913837,14703685.29913837,7471
2024-01-02 09:30:00,14710754.529418949,14710840.529418949,14710677.529418949,14713715.529418949,1925
2024-01-02 09:31:00,14720780.695954572,14720821.695954572,14720742.695954572,14723683.695954572,731
2024-01-02 09:32:00,14730835.590176608,14730896.590176608,14730823.590176608,14733739.590176608,9874
2024-01-02 09:33:00,14740883.317077477,14740979.317077477,14740856.317077477,14743832.317077477,2343
2024-01-02 09:34:00,14750953.591510015,14750973.591510015,14750918.591510015,14753948.591510015,7543
2024-01-02 09:35:00,14761065.866676593,14761161.866676593,14761043.866676593,14764062.866676593,229
2024-01-02 09:36:00,14770992.101247558,14771005.101247558,14770939.101247558,14773952.101247558,4262
2024-01-02 09:37:00,14780959.192431808,14781023.192431808,14780914.192431808,14783899.192431808,6633
2024-01-02 09:38:00,14790922.057264794,14790950.057264794,14790841.057264794,14793918.057264794,4531
2024-01-02 09:39:00,14800881.475498388,14800941.475498388,14800857.475498388,14803866.475498388,377
2024-01-02 09:40:00,14810902.863522055,14810990.863522055,14810838.863522055,14813833.863522055,1533
2024-01-02 09:41:00,14820862.485252347,14820953.485252347,14820777.485252347,14823842.485252347,5464
2024-01-02 09:42:00,14830837.396686623,14830860.396686623,14830770.396686623,14833841.396686623,2949
2024-01-02 09:43:00,14840839.166925553,14840885.166925553,14840827.166925553,14843804.166925553,9173
2024-01-02 09:44:00,14850838.833869813,14850849.833869813,14850739.833869813,14853844.833869813,9116
2024-01-02 09:45:00,14860855.240165096,14860919.240165096,14860783.240165096,14863840.240165096,225
2024-01-02 09:46:00,14870855.06891784,14870942.06891784,14870775.06891784,14873791.06891784,4085
2024-01-02 09:47:00,14880855.843428032,14880904.843428032,14880774.843428032,14883815.843428032,3295
2024-01-02 09:48:00,14890810.187771257,14890827.187771257,14890769.187771257,14893773.187771257,2484
2024-01-02 09:49:00,14900858.639477989,14900874.639477989,14900830.639477989,14903843.639477989,133
2024-01-02 09:50:00,14910816.863181869,14910844.863181869,14910778.863181869,14913788.863181869,6708
2024-01-02 09:51:00,14920872.453812143,14920906.453812143,14920832.453812143,14923871.453812143,1177
2024-01-02 09:52:00,14930879.097076349,14930898.097076349,14930843.097076349,14933862.097076349,7359
2024-01-02 09:53:00,14940887.705454057,14940957.705454057,14940812.705454057,14943921.705454057,5593
2024-01-02 09:54:00,14950820.402592687,14950884.402592687,14950736.402592687,14953774.402592687,9081
2024-01-02 09:55:00,14960954.736029088,14961032.736029088,14960903.736029088,14963902.736029088,8070
2024-01-02 09:56:00,14970981.4587331,14971007.4587331,14970908.4587331,14973931.4587331,2779
2024-01-02 09:57:00,14981068.414473973,14981156.414473973,14980999.414473973,14984091.414473973,2880
2024-01-02 09:58:00,14991066.414371392,14991103.414371392,14991003.414371392,14994023.414371392,7107
2024-01-02 09:59:00,15001100.112998493,15001165.112998493,15001025.112998493,15004078.112998493,8993
2024-01-02 10:00:00,15011187.05899628,15011252.05899628,15011143.05899628,15014206.05899628,9009
2024-01-02 10:01:00,15021169.366280433,15021252.366280433,15021112.366280433,15024183.366280433,2861
2024-01-02 10:02:00,15031108.194832401,15031199.194832401,15031079.194832401,15034115.194832401,8738
2024-01-02 10:03:00,15041025.137913741,15041082.137913741,15040929.137913741,15044006.137913741,7274
2024-01-02 10:04:00,15051029.368269486,15051092.368269486,15050976.368269486,15054040.368269486,9321
2024-01-02 10:05:00,15060999.108053286,15061077.108053286,15060940.108053286,15064014.108053286,2816
2024-01-02 10:06:00,15070951.473983314,15071045.473983314,15070877.473983314,15074004.473983314,1655
2024-01-02 10:07:00,15080926.42036447,15081008.42036447,15080916.42036447,15083984.42036447,7449
2024-01-02 10:08:00,15091009.678270668,15091044.678270668,15090970.678270668,15094036.678270668,7611
2024-01-02 10:09:00,15101057.53550008,15101138.53550008,15100961.53550008,15104084.53550008,6759
2024-01-02 10:10:00,15111143.229557123,15111221.229557123,15111132.229557123,15114117.229557123,7170
2024-01-02 10:11:00,15121121.895859104,15121161.895859104,15121090.895859104,15124188.895859104,787
2024-01-02 10:12:00,15131125.105913678,15131143.105913678,15131054.105913678,15134134.105913678,2614
2024-01-02 10:13:00,15141124.294410128,15141169.294410128,15141078.294410128,15144140.294410128,2829
2024-01-02 10:14:00,15151151.26584596,15151189.26584596,15151109.26584596,15154163.26584596,5359
2024-01-02 10:15:00,15161104.54997235,15161169.54997235,15161019.54997235,15164172.54997235,5812
2024-01-02 10:16:00,15171111.525913868,15171155.525913868,15171039.525913868,15174129.525913868,6463
2024-01-02 10:17:00,15181083.628345285,15181172.628345285,15181027.628345285,15184163.628345285,4372
2024-01-02 10:18:00,15190984.170485364,15190998.170485364,15190940.170485364,15194068.170485364,5111
2024-01-02 10:19:00,15201046.311586427,15201090.311586427,15200954.311586427,15204113.311586427,3560
2024-01-02 10:20:00,15211039.096376987,15211083.096376987,15210962.096376987,15214121.096376987,199
2024-01-02 10:21:00,15221093.428249894,15221161.428249894,15221040.428249894,15224143.428249894,4897
2024-01-02 10:22:00,15231053.550744504,15231137.550744504,15230983.550744504,15234063.550744504,2115
2024-01-02 10:23:00,15241055.690961607,15241090.690961607,15240994.690961607,15244101.690961607,9032
2024-01-02 10:24:00,15251120.48777966,15251211.48777966,15251023.48777966,15254159.48777966,8722
2024-01-02 10:25:00,15261121.339462873,15261206.339462873,15261046.339462873,15264194.339462873,3214
2024-01-02 10:26:00,15271058.562249536,15271095.562249536,15271033.562249536,15274158.562249536,1332
2024-01-02 10:27:00,15280946.266117143,15280989.266117143,15280863.266117143,15284043.266117143,5600
2024-01-02 10:28:00,15291026.733366314,15291109.733366314,15290978.733366314,15294096.733366314,1737
2024-01-02 10:29:00,15301031.192657962,15301060.192657962,15301017.192657962,15304096.192657962,3230
2024-01-02 10:30:00,15311103.449905958,15311120.449905958,15311050.449905958,15314133.449905958,9010
2024-01-02 10:31:00,15321055.319532754,15321099.319532754,15321017.319532754,15324092.319532754,7774
2024-01-02 10:32:00,15330972.310719129,15331005.310719129,15330914.310719129,15334036.310719129,6032
2024-01-02 10:33:00,15340886.177904673,15340932.177904673,15340815.177904673,15343975.177904673,3476
2024-01-02 10:34:00,15350866.572608408,15350888.572608408,15350833.572608408,15353888.572608408,5206
2024-01-02 10:35:00,15360872.619791858,15360955.619791858,15360797.619791858,15363910.619791858,4322
2024-01-02 10:36:00,15370835.175010735,15370862.175010735,15370799.175010735,15373889.175010735,4082
2024-01-02 10:37:00,15380891.085619876,15380911.085619876,15380827.085619876,15384010.085619876,3433
2024-01-02 10:38:00,15390893.226617802,15390991.226617802,15390856.226617802,15393926.226617802,8864
2024-01-02 10:39:00,15400993.135276293,15401081.135276293,15400919.135276293,15404110.135276293,1114
2024-01-02 10:40:00,15410984.718780462,15411007.718780462,15410915.718780462,15414054.718780462,7747
2024-01-02 10:41:00,15421031.084722698,15421105.084722698,15420966.084722698,15424065.084722698,9146
2024-01-02 10:42:00,15431027.357920064,15431049.357920064,15431004.357920064,15434133.357920064,7237
2024-01-02 10:43:00,15440989.8345493,15441030.8345493,15440953.8345493,15444119.8345493,2814
2024-01-02 10:44:00,15451016.242278079,15451088.242278079,15450954.242278079,15454104.242278079,8468
2024-01-02 10:45:00,15461072.194147663,15461162.194147663,15461060.194147663,15464192.194147663,5960
2024-01-02 10:46:00,15471037.212929122,15471067.212929122,15471016.212929122,15474105.212929122,5216
2024-01-02 10:47:00,15481069.038386265,15481129.038386265,15481043.038386265,15484179.038386265,6571
2024-01-02 10:48:00,15491024.210000848,15491057.210000848,15490933.210000848,15494091.210000848,7370
2024-01-02 10:49:00,15500980.338375358,15501005.338375358,15500895.338375358,15504063.338375358,9527
2024-01-02 10:50:00,15510989.880826127,15511012.880826127,15510937.880826127,15514064.880826127,2042
2024-01-02 10:51:00,15520993.018175777,15521065.018175777,15520974.018175777,15524103.018175777,1715
2024-01-02 10:52:00,15531010.871438697,15531081.871438697,15530930.871438697,15534097.871438697,5825
2024-01-02 10:53:00,15540910.475785889,15540958.475785889,15540856.475785889,15543989.475785889,9592
2024-01-02 10:54:00,15551036.5467107,15551057.5467107,15551006.5467107,15554104.5467107,8260
2024-01-02 10:55:00,15561020.333259534,15561043.333259534,15560922.333259534,15564087.333259534,6069
2024-01-02 10:56:00,15571103.56666573,15571143.56666573,15571043.56666573,15574206.56666573,995
2024-01-02 10:57:00,15581108.329798082,15581176.329798082,15581041.329798082,15584258.329798082,4024
2024-01-02 10:58:00,15591158.940964669,15591214.940964669,15591075.940964669,15594300.940964669,8258
2024-01-02 10:59:00,15601143.161991695,15601162.161991695,15601068.161991695,15604296.161991695,9040
2024-01-02 11:00:00,15611127.393687721,15611208.393687721,15611030.393687721,15614222.393687721,8121
2024-01-02 11:01:00,15621178.93733433,15621223.93733433,15621162.93733433,15624252.93733433,7493
2024-01-02 11:02:00,15631231.410526158,15631275.410526158,15631148.410526158,15634377.410526158,6656
2024-01-02 11:03:00,15641216.58054288,15641273.58054288,15641145.58054288,15644341.58054288,2742
2024-01-02 11:04:00,15651202.337608404,15651248.337608404,15651174.337608404,15654340.337608404,2210
2024-01-02 11:05:00,15661140.76917737,15661192.76917737,15661072.76917737,15664242.76917737,9313
2024-01-02 11:06:00,15671137.110214902,15671212.110214902,15671062.110214902,15674255.110214902,8028
2024-01-02 11:07:00,15681196.214018684,15681225.214018684,15681120.214018684,15684283.214018684,1256
2024-01-02 11:08:00,15691095.029325506,15691123.029325506,15691051.029325506,15694192.029325506,7466
2024-01-02 11:09:00,15701086.876700195,15701145.876700195,15701061.876700195,15704259.876700195,4316
2024-01-02 11:10:00,15711068.618191497,15711146.618191497,15710975.618191497,15714184.618191497,8874
2024-01-02 11:11:00,15721116.300223427,15721177.300223427,15721088.300223427,15724279.300223427,9464
2024-01-02 11:12:00,15731131.55779358,15731154.55779358,15731082.55779358,15734316.55779358,9145
2024-01-02 11:13:00,15741059.336224088,15741123.336224088,15741027.336224088,15744254.336224088,7165
2024-01-02 11:14:00,15751008.802425513,15751068.802425513,15750920.802425513,15754126.802425513,6521
2024-01-02 11:15:00,15760919.980408058,15760944.980408058,15760886.980408058,15764113.980408058,7992
2024-01-02 11:16:00,15770877.925993336,15770913.925993336,15770817.925993336,15774010.925993336,5056
2024-01-02 11:17:00,15780874.447056081,15780956.447056081,15780779.447056081,15784037.447056081,4422
2024-01-02 11:18:00,15790831.756743213,15790882.756743213,15790738.756743213,15794033.756743213,555
2024-01-02 11:19:00,15800820.779431641,15800860.779431641,15800735.779431641,15803956.779431641,8349
2024-01-02 11:20:00,15810954.324535543,15811031.324535543,15810928.324535543,15814123.324535543,6109
2024-01-02 11:21:00,15820937.896093639,15821008.896093639,15820901.896093639,15824074.896093639,3582
2024-01-02 11:22:00,15830862.530918308,15830932.530918308,15830778.530918308,15833986.530918308,386
2024-01-02 11:23:00,15840847.994855955,15840946.994855955,15840763.994855955,15843967.994855955,4240
2024-01-02 11:24:00,15850858.63685717,15850910.63685717,15850846.63685717,15854067.63685717,2976
2024-01-02 11:25:00,15860879.409468068,15860903.409468068,15860807.409468068,15864063.409468068,2157
2024-01-02 11:26:00,15870854.290698698,15870935.290698698,15870843.290698698,15874059.290698698,5736
2024-01-02 11:27:00,15880845.964793101,15880924.964793101,15880786.964793101,15883970.964793101,3378
2024-01-02 11:28:00,15890794.042841267,15890860.042841267,15890732.042841267,15893970.042841267,786
2024-01-02 11:29:00,15900743.319752516,15900827.319752516,15900677.319752516,15903930.319752516,2105
2024-01-02 11:30:00,15910813.11528699,15910880.11528699,15910767.11528699,15913981.11528699,7880
2024-01-02 11:31:00,15920832.790400611,15920914.790400611,15920747.790400611,15924029.790400611,8830
2024-01-02 11:32:00,15930851.822159821,15930898.822159821,15930832.822159821,15934033.822159821,4466
2024-01-02 11:33:00,15940889.487876618,15940962.487876618,15940833.487876618,15944117.487876618,3885
2024-01-02 11:34:00,15950913.606515339,15950939.606515339,15950819.606515339,15954139.606515339,9527
2024-01-02 11:35:00,15960931.46162424,15960954.46162424,15960840.46162424,15964086.46162424,5265
2024-01-02 11:36:00,15970923.246588118,15970981.246588118,15970838.246588118,15974157.246588118,1725
2024-01-02 11:37:00,15980981.391834402,15981032.391834402,15980919.391834402,15984141.391834402,4259
2024-01-02 11:38:00,15990978.712337691,15990997.712337691,15990924.712337691,15994132.712337691,8521
2024-01-02 11:39:00,16001035.090423062,16001110.090423062,16000972.090423062,16004231.090423062,1649
2024-01-02 11:40:00,16011066.974272508,16011130.974272508,16010996.974272508,16014295.974272508,7237
2024-01-02 11:41:00,16021074.992089018,16021112.992089018,16021019.992089018,16024297.992089018,3705
2024-01-02 11:42:00,16031141.687978532,16031189.687978532,16031053.687978532,16034309.687978532,9344
2024-01-02 11:43:00,16041200.00626242,16041229.00626242,16041126.00626242,16044381.00626242,9357
2024-01-02 11:44:00,16051175.364114229,16051242.364114229,16051145.364114229,16054414.364114229,8784
2024-01-02 11:45:00,16061255.554872671,16061350.554872671,16061200.554872671,16064457.554872671,9438
2024-01-02 11:46:00,16071239.06405152,16071311.06405152,16071144.06405152,16074425.06405152,2628
2024-01-02 11:47:00,16081200.34598101,16081249.34598101,16081189.34598101,16084448.34598101,1742
2024-01-02 11:48:00,16091257.412260758,16091352.412260758,16091164.412260758,16094497.412260758,4388
2024-01-02 11:49:00,16101266.838312369,16101307.838312369,16101191.838312369,16104507.838312369,1969
2024-01-02 11:50:00,16111258.06173846,16111271.06173846,16111197.06173846,16114521.06173846,3562
2024-01-02 11:51:00,16121203.998271106,16121218.998271106,16121120.998271106,16124445.998271106,5073
2024-01-02 11:52:00,16131108.96244024,16131162.96244024,16131076.96244024,16134314.96244024,2879
2024-01-02 11:53:00,16141027.765304182,16141052.765304182,16141006.765304182,16144281.765304182,4855
2024-01-02 11:54:00,16150988.050785739,16151016.050785739,16150898.050785739,16154240.050785739,8675
2024-01-02 11:55:00,16160917.624995472,16160940.624995472,16160873.624995472,16164149.624995472,1663
2024-01-02 11:56:00,16170939.03765469,16170955.03765469,16170926.03765469,16174180.03765469,9572
2024-01-02 11:57:00,16180947.602879135,16181025.602879135,16180869.602879135,16184212.602879135,5655
2024-01-02 11:58:00,16190901.292584194,16190940.292584194,16190820.292584194,16194124.292584194,6354
2024-01-02 11:59:00,16200881.408307197,16200947.408307197,16200839.408307197,16204107.408307197,5884
2024-01-02 12:00:00,16210861.857961062,16210884.857961062,16210798.857961062,16214090.857961062,6137
2024-01-02 12:01:00,16220794.168155437,16220838.168155437,16220720.168155437,16224020.168155437,3539
2024-01-02 12:02:00,16230773.057505006,16230853.057505006,16230753.057505006,16233974.057505006,7866
2024-01-02 12:03:00,16240721.566891339,16240788.566891339,16240667.566891339,16243935.566891339,4902
2024-01-02 12:04:00,16250775.457213843,16250789.457213843,16250712.457213843,16253977.457213843,2554
2024-01-02 12:05:00,16260737.050019747,16260759.050019747,16260718.050019747,16264018.050019747,7442
2024-01-02 12:06:00,16270783.255297963,16270830.255297963,16270695.255297963,16274080.255297963,3138
2024-01-02 12:07:00,16280786.689421041,16280870.689421041,16280732.689421041,16284036.689421041,881
2024-01-02 12:08:00,16290753.702869052,16290795.702869052,16290666.702869052,16293979.702869052,2086
2024-01-02 12:09:00,16300818.723553186,16300841.723553186,16300732.723553186,16304026.723553186,2247
2024-01-02 12:10:00,16310817.938922819,16310893.938922819,16310798.938922819,16314029.938922819,8204
2024-01-02 12:11:00,16320814.336359076,16320853.336359076,16320796.336359076,16324116.336359076,6181
2024-01-02 12:12:00,16330809.65910888,16330840.65910888,16330716.65910888,16334038.65910888,8684
2024-01-02 12:13:00,16340782.753675137,16340851.753675137,16340731.753675137,16344069.753675137,6187
2024-01-02 12:14:00,16350718.76741383,16350758.76741383,16350697.76741383,16353945.76741383,2899
2024-01-02 12:15:00,16360673.242009545,16360703.242009545,16360576.242009545,16363899.242009545,7280
2024-01-02 12:16:00,16370622.012801472,16370643.012801472,16370591.012801472,16373862.012801472,6614
2024-01-02 12:17:00,16380728.470582634,16380797.470582634,16380662.470582634,16384003.470582634,8138
2024-01-02 12:18:00,16390785.47660619,16390835.47660619,16390757.47660619,16394032.47660619,6328
2024-01-02 12:19:00,16400869.747235486,16400897.747235486,16400818.747235486,16404167.747235486,682
2024-01-02 12:20:00,16410867.889750464,16410922.889750464,16410828.889750464,16414184.889750464,2738
2024-01-02 12:21:00,16420768.139140332,16420840.139140332,16420737.139140332,16424098.139140332,4507
2024-01-02 12:22:00,16430780.040523406,16430844.040523406,16430728.040523406,16434084.040523406,2616
2024-01-02 12:23:00,16440801.864456462,16440900.864456462,16440710.864456462,16444080.864456462,844
2024-01-02 12:24:00,16450831.747228527,16450846.747228527,16450812.747228527,16454154.747228527,5041
2024-01-02 12:25:00,16460723.715779696,16460817.715779696,16460691.715779696,16464006.715779696,3355
2024-01-02 12:26:00,16470765.041204749,16470797.041204749,16470702.041204749,16474007.041204749,251
2024-01-02 12:27:00,16480846.04572176,16480867.04572176,16480831.04572176,16484158.04572176,1251
2024-01-02 12:28:00,16490869.616585275,16490937.616585275,16490848.616585275,16494163.616585275,4885
2024-01-02 12:29:00,16500944.306988403,16500984.306988403,16500896.306988403,16504281.306988403,7662
2024-01-02 12:30:00,16511032.407615887,16511081.407615887,16510988.407615887,16514361.407615887,6659
2024-01-02 12:31:00,16521002.838585712,16521051.838585712,16520990.838585712,16524280.838585712,3311
2024-01-02 12:32:00,16530994.951841889,16531007.951841889,16530982.951841889,16534269.951841889,6304
2024-01-02 12:33:00,16540996.672130704,16541056.672130704,16540907.672130704,16544267.672130704,6390
2024-01-02 12:34:00,16551101.535490233,16551147.535490233,16551015.535490233,16554394.535490233,1821
2024-01-02 12:35:00,16561051.712520368,16561072.712520368,16561033.712520368,16564399.712520368,1916
2024-01-02 12:36:00,16571046.930643465,16571062.930643465,16570947.930643465,16574355.930643465,1062
2024-01-02 12:37:00,16581041.265077673,16581136.265077673,16581027.265077673,16584312.265077673,9318
2024-01-02 12:38:00,16590990.651028622,16591042.651028622,16590918.651028622,16594300.651028622,1908
2024-01-02 12:39:00,16600983.697440378,16601016.697440378,16600972.697440378,16604268.697440378,7550
2024-01-02 12:40:00,16610967.034890987,16611028.034890987,16610879.034890987,16614303.034890987,6926
2024-01-02 12:41:00,16620980.534726003,16621079.534726003,16620933.534726003,16624333.534726003,2407
2024-01-02 12:42:00,16630978.829003667,16631073.829003667,16630887.829003667,16634266.829003667,5655
2024-01-02 12:43:00,16640978.865149563,16641077.865149563,16640953.865149563,16644299.865149563,4680
2024-01-02 12:44:00,16650968.899346266,16651002.899346266,16650883.899346266,16654265.899346266,1112
2024-01-02 12:45:00,16660948.772148695,16661043.772148695,16660932.772148695,16664274.772148695,4364
2024-01-02 12:46:00,16670932.020112429,16670966.020112429,16670882.020112429,16674228.020112429,2854
2024-01-02 12:47:00,16680992.051466936,16681035.051466936,16680935.051466936,16684341.051466936,5634
2024-01-02 12:48:00,16691008.254270751,16691077.254270751,16690960.254270751,16694390.254270751,711
2024-01-02 12:49:00,16701043.422347063,16701121.422347063,16700995.422347063,16704400.422347063,9417
2024-01-02 12:50:00,16710997.726773936,16711027.726773936,16710948.726773936,16714337.726773936,8814
2024-01-02 12:51:00,16721020.942686843,16721088.942686843,16720929.942686843,16724324.942686843,9593
2024-01-02 12:52:00,16731068.546218943,16731124.546218943,16731030.546218943,16734456.546218943,2988
2024-01-02 12:53:00,16741083.070452852,16741170.070452852,16740991.070452852,16744453.070452852,2431
2024-01-02 12:54:00,16751089.604425164,16751158.604425164,16751025.604425164,16754472.604425164,9888
2024-01-02 12:55:00,16761078.002779782,16761108.002779782,16761039.002779782,16764467.002779782,3448
2024-01-02 12:56:00,16771091.268995637,16771119.268995637,16771008.268995637,16774454.268995637,6944
2024-01-02 12:57:00,16781127.711156227,16781164.711156227,16781056.711156227,16784513.711156227,4795
2024-01-02 12:58:00,16791042.369117774,16791079.369117774,16790991.369117774,16794444.369117774,696
2024-01-02 12:59:00,16800982.15154786,16801006.15154786,16800906.15154786,16804362.15154786,3537
2024-01-02 13:00:00,16810932.23690178,16810984.23690178,16810867.23690178,16814282.23690178,7879
2024-01-02 13:01:00,16821059.052104603,16821078.052104603,16820981.052104603,16824435.052104603,7893
2024-01-02 13:02:00,16831077.439507306,16831117.439507306,16831037.439507306,16834424.439507306,483
2024-01-02 13:03:00,16841081.73834043,16841148.73834043,16841026.73834043,16844456.73834043,4116
2024-01-02 13:04:00,16851058.632358138,16851102.632358138,16850998.632358138,16854397.632358138,8525
2024-01-02 13:05:00,16860986.138062928,16861047.138062928,16860965.138062928,16864347.138062928,447
2024-01-02 13:06:00,16871021.146053758,16871055.146053758,16870979.146053758,16874372.146053758,1823
2024-01-02 13:07:00,16881042.026132017,16881121.026132017,16880966.026132017,16884431.026132017,4165
2024-01-02 13:08:00,16891073.03714152,16891125.03714152,16891057.03714152,16894496.03714152,4758
2024-01-02 13:09:00,16901053.808375414,16901118.808375414,16900956.808375414,16904452.808375414,3235
2024-01-02 13:10:00,16911027.706097487,16911095.706097487,16910983.706097487,16914431.706097487,3519
2024-01-02 13:11:00,16920962.04908697,16921044.04908697,16920911.04908697,16924360.04908697,6673
2024-01-02 13:12:00,16930979.990400564,16931015.990400564,16930957.990400564,16934384.990400564,5759
2024-01-02 13:13:00,16940954.83392135,16941041.83392135,16940918.83392135,16944350.83392135,853
2024-01-02 13:14:00,16951018.415759597,16951082.415759597,16950984.415759597,16954435.415759597,1621
2024-01-02 13:15:00,16960954.684825905,16961007.684825905,16960931.684825905,16964318.684825905,7230
2024-01-02 13:16:00,16970955.18190817,16970991.18190817,16970927.18190817,16974328.18190817,8810
2024-01-02 13:17:00,16980979.42885072,16981032.42885072,16980918.42885072,16984380.42885072,9122
2024-01-02 13:18:00,16990998.52116587,16991039.52116587,16990937.52116587,16994348.52116587,2621
2024-01-02 13:19:00,17001017.85814022,17001109.85814022,17000959.85814022,17004413.85814022,5044
2024-01-02 13:20:00,17011036.74584557,17011070.74584557,17010949.74584557,17014485.74584557,133
2024-01-02 13:21:00,17021039.25438829,17021051.25438829,17021002.25438829,17024434.25438829,6010
2024-01-02 13:22:00,17031091.257519335,17031151.257519335,17030998.257519335,17034532.257519335,6495
2024-01-02 13:23:00,17041064.44127768,17041086.44127768,17041025.44127768,17044488.44127768,5672
2024-01-02 13:24:00,17051022.631475523,17051037.631475523,17050951.631475523,17054444.631475523,548
2024-01-02 13:25:00,17060991.62073982,17061083.62073982,17060901.62073982,17064427.62073982,4735
2024-01-02 13:26:00,17071062.160955947,17071114.160955947,17070975.160955947,17074450.160955947,2231
2024-01-02 13:27:00,17081055.935521167,17081153.935521167,17081011.935521167,17084511.935521167,9957
2024-01-02 13:28:00,17091061.81096367,17091113.81096367,17091005.81096367,17094459.81096367,7554
2024-01-02 13:29:00,17101086.545862984,17101171.545862984,17101075.545862984,17104550.545862984,7156
2024-01-02 13:30:00,17111170.372343183,17111230.372343183,17111081.372343183,17114614.372343183,8535
2024-01-02 13:31:00,17121204.776198268,17121284.776198268,17121110.776198268,17124648.776198268,5693
2024-01-02 13:32:00,17131271.786327112,17131328.786327112,17131197.786327112,17134660.786327112,5143
2024-01-02 13:33:00,17141293.257443294,17141311.257443294,17141245.257443294,17144753.257443294,823
2024-01-02 13:34:00,17151310.55816753,17151323.55816753,17151254.55816753,17154731.55816753,4674
2024-01-02 13:35:00,17161385.761275515,17161464.761275515,17161308.761275515,17164829.761275515,1797
2024-01-02 13:36:00,17171284.811527222,17171332.811527222,17171267.811527222,17174747.811527222,2701
2024-01-02 13:37:00,17181225.332703423,17181268.332703423,17181208.332703423,17184676.332703423,2395
2024-01-02 13:38:00,17191273.60511612,17191317.60511612,17191175.60511612,17194664.60511612,3232
2024-01-02 13:39:00,17201294.940956067,17201361.940956067,17201270.940956067,17204727.940956067,9122
2024-01-02 13:40:00,17211239.15007006,17211322.15007006,17211184.15007006,17214706.15007006,7490
2024-01-02 13:41:00,17221167.174850687,17221228.174850687,17221072.174850687,17224642.174850687,8457
2024-01-02 13:42:00,17231176.304413565,17231251.304413565,17231117.304413565,17234617.304413565,5152
2024-01-02 13:43:00,17241161.61643352,17241234.61643352,17241090.61643352,17244566.61643352,2548
2024-01-02 13:44:00,17251136.919058118,17251229.919058118,17251100.919058118,17254618.919058118,7606
2024-01-02 13:45:00,17261128.494996306,17261218.494996306,17261090.494996306,17264571.494996306,5995
2024-01-02 13:46:00,17271148.28256354,17271220.28256354,17271108.28256354,17274619.28256354,7008
2024-01-02 13:47:00,17281037.046127222,17281050.046127222,17281005.046127222,17284482.046127222,6357
2024-01-02 13:48:00,17291056.081675198,17291088.081675198,17290962.081675198,17294535.081675198,9923
2024-01-02 13:49:00,17301122.70916843,17301184.70916843,17301025.70916843,17304568.70916843,1962
2024-01-02 13:50:00,17311172.810035057,17311202.810035057,17311134.810035057,17314659.810035057,6785
2024-01-02 13:51:00,17321191.730727654,17321242.730727654,17321157.730727654,17324695.730727654,8189
2024-01-02 13:52:00,17331212.747886095,17331245.747886095,17331132.747886095,17334676.747886095,7154
2024-01-02 13:53:00,17341160.1152232,17341224.1152232,17341132.1152232,17344592.1152232,748
2024-01-02 13:54:00,17351146.60392897,17351231.60392897,17351090.60392897,17354645.60392897,9708
2024-01-02 13:55:00,17361103.52965681,17361196.52965681,17361053.52965681,17364549.52965681,4457
2024-01-02 13:56:00,17371059.76563349,17371153.76563349,17371030.76563349,17374508.76563349,2710
2024-01-02 13:57:00,17381088.16048865,17381136.16048865,17381051.16048865,17384513.16048865,811
2024-01-02 13:58:00,17391027.249932688,17391077.249932688,17390978.249932688,17394547.249932688,6869
2024-01-02 13:59:00,17401061.205073655,17401156.205073655,17400997.205073655,17404519.205073655,5686
2024-01-02 14:00:00,17411158.776676185,17411187.776676185,17411136.776676185,17414648.776676185,6783
2024-01-02 14:01:00,17421179.92373575,17421208.92373575,17421169.92373575,17424709.92373575,5255
2024-01-02 14:02:00,17431198.868714575,17431240.868714575,17431121.868714575,17434696.868714575,3247
2024-01-02 14:03:00,17441129.460485272,17441154.460485272,17441114.460485272,17444604.460485272,2624
2024-01-02 14:04:00,17451064.34731926,17451147.34731926,17450979.34731926,17454548.34731926,8741
2024-01-02 14:05:00,17461034.207378007,17461051.207378007,17460967.207378007,17464561.207378007,7138
2024-01-02 14:06:00,17471076.4812165,17471123.4812165,17471043.4812165,17474536.4812165,1086
2024-01-02 14:07:00,17481059.65012986,17481087.65012986,17480975.65012986,17484506.65012986,3221
2024-01-02 14:08:00,17491084.369279653,17491160.369279653,17491034.369279653,17494577.369279653,5495
2024-01-02 14:09:00,17501070.165438805,17501125.165438805,17501012.165438805,17504564.165438805,5841
2024-01-02 14:10:00,17511052.737291563,17511099.737291563,17510982.737291563,17514524.737291563,6549
2024-01-02 14:11:00,17521051.99498788,17521079.99498788,17521025.99498788,17524594.99498788,1886
2024-01-02 14:12:00,17530963.436305955,17531031.436305955,17530930.436305955,17534427.436305955,5938
2024-01-02 14:13:00,17540946.521745563,17541011.521745563,17540906.521745563,17544497.521745563,494
2024-01-02 14:14:00,17550945.179818984,17551023.179818984,17550868.179818984,17554490.179818984,3324
2024-01-02 14:15:00,17560960.898825344,17560987.898825344,17560868.898825344,17564473.898825344,7645
2024-01-02 14:16:00,17570914.951020304,17570996.951020304,17570826.951020304,17574431.951020304,2767
2024-01-02 14:17:00,17580866.155880302,17580877.155880302,17580823.155880302,17584417.155880302,9828
2024-01-02 14:18:00,17590961.764864422,17591056.764864422,17590907.764864422,17594498.764864422,5333
2024-01-02 14:19:00,17600903.35614063,17600914.35614063,17600847.35614063,17604380.35614063,2442
2024-01-02 14:20:00,17610892.89636644,17610953.89636644,17610800.89636644,17614367.89636644,6155
2024-01-02 14:21:00,17620903.206099395,17620956.206099395,17620880.206099395,17624457.206099395,8559
2024-01-02 14:22:00,17630887.170345183,17630936.170345183,17630858.170345183,17634460.170345183,7954
2024-01-02 14:23:00,17640914.071838215,17640998.071838215,17640880.071838215,17644455.071838215,398
2024-01-02 14:24:00,17650836.18673965,17650874.18673965,17650743.18673965,17654400.18673965,1153
2024-01-02 14:25:00,17660815.782634206,17660867.782634206,17660726.782634206,17664317.782634206,8671
2024-01-02 14:26:00,17670805.6507303,17670828.6507303,17670720.6507303,17674340.6507303,6803
2024-01-02 14:27:00,17680778.39066779,17680871.39066779,17680763.39066779,17684355.39066779,9280
2024-01-02 14:28:00,17690811.774977047,17690841.774977047,17690775.774977047,17694358.774977047,1597
2024-01-02 14:29:00,17700804.749782108,17700856.749782108,17700709.749782108,17704375.749782108,3502
2024-01-02 14:30:00,17710875.44441254,17710933.44441254,17710855.44441254,17714365.44441254,6319
2024-01-02 14:31:00,17720887.211125426,17720934.211125426,17720870.211125426,17724429.211125426,4021
2024-01-02 14:32:00,17730936.956422172,17730992.956422172,17730868.956422172,17734515.956422172,1183
2024-01-02 14:33:00,17740932.435459096,17741009.435459096,17740896.435459096,17744440.435459096,9953
2024-01-02 14:34:00,17750907.141635977,17750959.141635977,17750850.141635977,17754433.141635977,8406
2024-01-02 14:35:00,17760848.66818926,17760882.66818926,17760780.66818926,17764349.66818926,473
2024-01-02 14:36:00,17770850.24794393,17770903.24794393,17770838.24794393,17774422.24794393,7150
2024-01-02 14:37:00,17780869.750587102,17780896.750587102,17780842.750587102,17784427.750587102,9874
2024-01-02 14:38:00,17790861.292635165,17790874.292635165,17790826.292635165,17794426.292635165,3704
2024-01-02 14:39:00,17800784.334444635,17800804.334444635,17800736.334444635,17804326.334444635,8357
2024-01-02 14:40:00,17810846.904757846,17810878.904757846,17810747.904757846,17814439.904757846,7516
2024-01-02 14:41:00,17820913.972915463,17821005.972915463,17820829.972915463,17824429.972915463,1671
2024-01-02 14:42:00,17830894.457643673,17830917.457643673,17830803.457643673,17834503.457643673,7308
2024-01-02 14:43:00,17840945.978060354,17840991.978060354,17840879.978060354,17844502.978060354,6116
2024-01-02 14:44:00,17850879.742223736,17850891.742223736,17850810.742223736,17854415.742223736,6448
2024-01-02 14:45:00,17860985.271701537,17861017.271701537,17860970.271701537,17864589.271701537,7409
2024-01-02 14:46:00,17871057.100232944,17871102.100232944,17870982.100232944,17874579.100232944,1729
2024-01-02 14:47:00,17881111.8596567,17881164.8596567,17881091.8596567,17884669.8596567,3640
2024-01-02 14:48:00,17891114.301152676,17891130.301152676,17891057.301152676,17894656.301152676,3804
2024-01-02 14:49:00,17901123.214515746,17901183.214515746,17901055.214515746,17904666.214515746,4156
2024-01-02 14:50:00,17911096.74922259,17911132.74922259,17911068.74922259,17914716.74922259,2757
2024-01-02 14:51:00,17921160.617083263,17921208.617083263,17921101.617083263,17924733.617083263,2925
2024-01-02 14:52:00,17931181.777040225,17931272.777040225,17931100.777040225,17934799.777040225,4375
2024-01-02 14:53:00,17941194.693379197,17941222.693379197,17941098.693379197,17944760.693379197,4271
2024-01-02 14:54:00,17951133.559825957,17951225.559825957,17951060.559825957,17954699.559825957,1285
2024-01-02 14:55:00,17961066.66117997,17961122.66117997,17961054.66117997,17964609.66117997,7676
2024-01-02 14:56:00,17971105.233318135,17971195.233318135,17971079.233318135,17974741.233318135,2383
2024-01-02 14:57:00,17981094.617091015,17981108.617091015,17981021.617091015,17984715.617091015,9725
2024-01-02 14:58:00,17991116.47336917,17991158.47336917,17991023.47336917,17994748.47336917,4997
2024-01-02 14:59:00,18001121.504835393,18001185.504835393,18001073.504835393,18004704.504835393,3193
2024-01-02 15:00:00,18011106.49060978,18011144.49060978,18011022.49060978,18014751.49060978,5938
2024-01-02 15:01:00,18021122.77093234,18021197.77093234,18021065.77093234,18024696.77093234,5403
2024-01-02 15:02:00,18031113.96833413,18031164.96833413,18031056.96833413,18034735.96833413,7731
2024-01-02 15:03:00,18041123.216599014,18041156.216599014,18041029.216599014,18044754.216599014,5879
2024-01-02 15:04:00,18051172.365346335,18051236.365346335,18051098.365346335,18054731.365346335,4704
2024-01-02 15:05:00,18061240.603139672,18061307.603139672,18061174.603139672,18064856.603139672,9560
2024-01-02 15:06:00,18071203.90205512,18071226.90205512,18071115.90205512,18074855.90205512,4621
2024-01-02 15:07:00,18081208.947266676,18081292.947266676,18081110.947266676,18084865.947266676,5806
2024-01-02 15:08:00,18091157.837532062,18091241.837532062,18091076.837532062,18094770.837532062,5966
2024-01-02 15:09:00,18101146.15014667,18101237.15014667,18101061.15014667,18104811.15014667,5670
2024-01-02 15:10:00,18111127.089766514,18111215.089766514,18111087.089766514,18114756.089766514,6878
2024-01-02 15:11:00,18121128.981374845,18121185.981374845,18121117.981374845,18124758.981374845,3031
2024-01-02 15:12:00,18131107.577631745,18131143.577631745,18131051.577631745,18134726.577631745,6075
2024-01-02 15:13:00,18141138.432807915,18141187.432807915,18141117.432807915,18144758.432807915,6220
2024-01-02 15:14:00,18151170.84399806,18151254.84399806,18151110.84399806,18154781.84399806,8381
2024-01-02 15:15:00,18161167.606227726,18161261.606227726,18161086.606227726,18164825.606227726,1631
2024-01-02 15:16:00,18171154.73512099,18171243.73512099,18171123.73512099,18174834.73512099,1384
2024-01-02 15:17:00,18181215.19734145,18181279.19734145,18181160.19734145,18184890.19734145,3269
2024-01-02 15:18:00,18191258.97160446,18191336.97160446,18191175.97160446,18194919.97160446,7387
2024-01-02 15:19:00,18201234.058162857,18201275.058162857,18201157.058162857,18204823.058162857,6840
2024-01-02 15:20:00,18211217.601170648,18211275.601170648,18211178.601170648,18214870.601170648,5401
2024-01-02 15:21:00,18221232.87915536,18221308.87915536,18221189.87915536,18224848.87915536,4498
2024-01-02 15:22:00,18231223.09034535,18231252.09034535,18231180.09034535,18234846.09034535,5367
2024-01-02 15:23:00,18241227.763847545,18241321.763847545,18241170.763847545,18244835.763847545,8058
2024-01-02 15:24:00,18251314.563018315,18251388.563018315,18251302.563018315,18254945.563018315,7416
2024-01-02 15:25:00,18261242.27429005,18261288.27429005,18261195.27429005,18264885.27429005,8105
2024-01-02 15:26:00,18271193.69296135,18271276.69296135,18271182.69296135,18274879.69296135,7347
2024-01-02 15:27:00,18281133.539654803,18281149.539654803,18281115.539654803,18284770.539654803,9217
2024-01-02 15:28:00,18291182.595635127,18291194.595635127,18291137.595635127,18294840.595635127,5317
2024-01-02 15:29:00,18301202.917745143,18301264.917745143,18301165.917745143,18304824.917745143,7420
2024-01-02 15:30:00,18311168.82313214,18311242.82313214,18311140.82313214,18314802.82313214,1214
2024-01-02 15:31:00,18321189.74784451,18321245.74784451,18321096.74784451,18324802.74784451,3475
2024-01-02 15:32:00,18331230.165727247,18331265.165727247,18331137.165727247,18334857.165727247,5126
2024-01-02 15:33:00,18341278.789562006,18341372.789562006,18341229.789562006,18344903.789562006,3975
2024-01-02 15:34:00,18351334.04699653,18351416.04699653,18351311.04699653,18355049.04699653,9446
2024-01-02 15:35:00,18361321.252513304,18361420.252513304,18361272.252513304,18365030.252513304,5821
2024-01-02 15:36:00,18371361.895094655,18371440.895094655,18371346.895094655,18375071.895094655,2663
2024-01-02 15:37:00,18381322.87596838,18381346.87596838,18381262.87596838,18384986.87596838,2275
2024-01-02 15:38:00,18391313.30392216,18391388.30392216,18391295.30392216,18394968.30392216,6594
2024-01-02 15:39:00,18401316.05701812,18401364.05701812,18401306.05701812,18404981.05701812,3062
2024-01-02 15:40:00,18411335.540028166,18411363.540028166,18411322.540028166,18415027.540028166,8953
2024-01-02 15:41:00,18421333.01914266,18421378.01914266,18421306.01914266,18425009.01914266,8985
2024-01-02 15:42:00,18431345.511005126,18431426.511005126,18431267.511005126,18435068.511005126,2995
2024-01-02 15:43:00,18441319.527608756,18441389.527608756,18441304.527608756,18445028.527608756,9304
2024-01-02 15:44:00,18451326.733421996,18451384.733421996,18451268.733421996,18455044.733421996,2497
2024-01-02 15:45:00,18461285.341339692,18461347.341339692,18461200.341339692,18464965.341339692,5878
2024-01-02 15:46:00,18471231.856330547,18471279.856330547,18471208.856330547,18474942.856330547,360
2024-01-02 15:47:00,18481258.636075087,18481289.636075087,18481163.636075087,18484979.636075087,7744
2024-01-02 15:48:00,18491352.67885041,18491429.67885041,18491262.67885041,18495033.67885041,5129
2024-01-02 15:49:00,18501407.021283768,18501480.021283768,18501346.021283768,18505114.021283768,6941
2024-01-02 15:50:00,18511303.04413561,18511349.04413561,18511261.04413561,18515019.04413561,5883
2024-01-02 15:51:00,18521273.68576201,18521337.68576201,18521221.68576201,18525002.68576201,2873
2024-01-02 15:52:00,18531332.40318888,18531420.40318888,18531316.40318888,18535075.40318888,4469
2024-01-02 15:53:00,18541340.444945738,18541397.444945738,18541253.444945738,18545023.444945738,1467
2024-01-02 15:54:00,18551272.203014173,18551287.203014173,18551212.203014173,18555019.203014173,924
2024-01-02 15:55:00,18561256.016833782,18561269.016833782,18561206.016833782,18564951.016833782,9313
2024-01-02 15:56:00,18571307.01829588,18571335.01829588,18571262.01829588,18575032.01829588,9476
2024-01-02 15:57:00,18581235.74669891,18581315.74669891,18581215.74669891,18584906.74669891,6111
2024-01-02 15:58:00,18591299.944998387,18591317.944998387,18591236.944998387,18595028.944998387,5055
2024-01-02 15:59:00,18601290.898915224,18601385.898915224,18601216.898915224,18604970.898915224,417
2024-01-02 16:00:00,18611375.109616663,18611469.109616663,18611340.109616663,18615125.109616663,2896
2024-01-02 16:01:00,18621340.54815081,18621392.54815081,18621260.54815081,18625017.54815081,6670
2024-01-02 16:02:00,18631345.613041747,18631375.613041747,18631271.613041747,18635028.613041747,7922
2024-01-02 16:03:00,18641388.413955815,18641409.413955815,18641328.413955815,18645127.413955815,4954
2024-01-02 16:04:00,18651380.87477036,18651392.87477036,18651290.87477036,18655105.87477036,9912
2024-01-02 16:05:00,18661275.245307695,18661318.245307695,18661254.245307695,18664999.245307695,6090
2024-01-02 16:06:00,18671371.737256855,18671417.737256855,18671317.737256855,18675150.737256855,4189
2024-01-02 16:07:00,18681346.305970334,18681402.305970334,18681280.305970334,18685086.305970334,4826
2024-01-02 16:08:00,18691293.707823034,18691363.707823034,18691206.707823034,18695041.707823034,8321
2024-01-02 16:09:00,18701291.075504605,18701330.075504605,18701204.075504605,18705042.075504605,9760
2024-01-02 16:10:00,18711399.588100016,18711425.588100016,18711365.588100016,18715134.588100016,6572
2024-01-02 16:11:00,18721360.442277092,18721424.442277092,18721319.442277092,18725091.442277092,9266
2024-01-02 16:12:00,18731335.373039056,18731367.373039056,18731293.373039056,18735100.373039056,6364
2024-01-02 16:13:00,18741226.13110608,18741243.13110608,18741208.13110608,18745014.13110608,9489
2024-01-02 16:14:00,18751361.344807774,18751449.344807774,18751345.344807774,18755080.344807774,1718
2024-01-02 16:15:00,18761369.620229088,18761458.620229088,18761303.620229088,18765127.620229088,9185
2024-01-02 16:16:00,18771395.431464154,18771407.431464154,18771384.431464154,18775146.431464154,3773
2024-01-02 16:17:00,18781389.45180974,18781420.45180974,18781307.45180974,18785151.45180974,2207
2024-01-02 16:18:00,18791391.502926152,18791453.502926152,18791360.502926152,18795170.502926152,4813
2024-01-02 16:19:00,18801359.81695198,18801417.81695198,18801275.81695198,18805135.81695198,8781
2024-01-02 16:20:00,18811435.71845693,18811454.71845693,18811378.71845693,18815203.71845693,6930
2024-01-02 16:21:00,18821410.825560376,18821502.825560376,18821321.825560376,18825197.825560376,6630
2024-01-02 16:22:00,18831434.896905348,18831481.896905348,18831336.896905348,18835193.896905348,7860
2024-01-02 16:23:00,18841407.837788522,18841486.837788522,18841366.837788522,18845196.837788522,7023
2024-01-02 16:24:00,18851455.433036026,18851542.433036026,18851416.433036026,18855267.433036026,1706
2024-01-02 16:25:00,18861411.9298394,18861464.9298394,18861366.9298394,18865198.9298394,4573
2024-01-02 16:26:00,18871487.603918146,18871555.603918146,18871436.603918146,18875221.603918146,7080
2024-01-02 16:27:00,18881520.7187332,18881541.7187332,18881478.7187332,18885292.7187332,9041
2024-01-02 16:28:00,18891523.434641536,18891602.434641536,18891479.434641536,18895316.434641536,7483
2024-01-02 16:29:00,18901397.947866842,18901434.947866842,18901314.947866842,18905176.947866842,5380
2024-01-02 16:30:00,18911404.374898396,18911495.374898396,18911377.374898396,18915180.374898396,6995
2024-01-02 16:31:00,18921421.84520651,18921442.84520651,18921359.84520651,18925233.84520651,6795
2024-01-02 16:32:00,18931447.75696612,18931515.75696612,18931359.75696612,18935235.75696612,8905
2024-01-02 16:33:00,18941454.725209463,18941539.725209463,18941374.725209463,18945271.725209463,5438
2024-01-02 16:34:00,18951524.967368696,18951590.967368696,18951487.967368696,18955278.967368696,2971
2024-01-02 16:35:00,18961580.50677896,18961597.50677896,18961552.50677896,18965366.50677896,1723
2024-01-02 16:36:00,18971603.119327534,18971702.119327534,18971545.119327534,18975362.119327534,7204
2024-01-02 16:37:00,18981641.159239326,18981657.159239326,18981573.159239326,18985385.159239326,1910
2024-01-02 16:38:00,18991727.632698953,18991761.632698953,18991658.632698953,18995554.632698953,3673
2024-01-02 16:39:00,19001787.080037262,19001852.080037262,19001725.080037262,19005621.080037262,433
2024-01-02 16:40:00,19011849.04887814,19011931.04887814,19011761.04887814,19015664.04887814,4190
2024-01-02 16:41:00,19021852.476093374,19021922.476093374,19021835.476093374,19025614.476093374,1983
2024-01-02 16:42:00,19031778.99107517,19031845.99107517,19031735.99107517,19035608.99107517,1105
2024-01-02 16:43:00,19041742.679320835,19041789.679320835,19041664.679320835,19045537.679320835,2873
2024-01-02 16:44:00,19051688.00360276,19051772.00360276,19051627.00360276,19055525.00360276,3799
2024-01-02 16:45:00,19061726.416299272,19061750.416299272,19061638.416299272,19065584.416299272,4788
2024-01-02 16:46:00,19071759.655592766,19071788.655592766,19071684.655592766,19075587.655592766,622
2024-01-02 16:47:00,19081697.15771152,19081784.15771152,19081681.15771152,19085470.15771152,1926
2024-01-02 16:48:00,19091713.64989107,19091747.64989107,19091683.64989107,19095518.64989107,9671
2024-01-02 16:49:00,19101710.100571346,19101725.100571346,19101618.100571346,19105505.100571346,7756
2024-01-02 16:50:00,19111659.83627664,19111707.83627664,19111583.83627664,19115497.83627664,8214
2024-01-02 16:51:00,19121650.560008667,19121696.560008667,19121602.560008667,19125518.560008667,2520
2024-01-02 16:52:00,19131596.965825375,19131694.965825375,19131534.965825375,19135397.965825375,1929
2024-01-02 16:53:00,19141606.492713172,19141620.492713172,19141544.492713172,19145395.492713172,6847
2024-01-02 16:54:00,19151564.086864173,19151576.086864173,19151532.086864173,19155437.086864173,3050
2024-01-02 16:55:00,19161608.542210955,19161672.542210955,19161548.542210955,19165403.542210955,9226
2024-01-02 16:56:00,19171651.01138705,19171713.01138705,19171594.01138705,19175444.01138705,5778
2024-01-02 16:57:00,19181622.651348785,19181680.651348785,19181583.651348785,19185477.651348785,6689
2024-01-02 16:58:00,19191654.599601116,19191677.599601116,19191587.599601116,19195447.599601116,1199
2024-01-02 16:59:00,19201673.267147396,19201763.267147396,19201660.267147396,19205478.267147396,5714
2024-01-02 17:00:00,19211732.33118756,19211766.33118756,19211692.33118756,19215584.33118756,9960
2024-01-02 17:01:00,19221718.696444687,19221737.696444687,19221679.696444687,19225602.696444687,3719
2024-01-02 17:02:00,19231806.259492166,19231872.259492166,19231729.259492166,19235653.259492166,4717
2024-01-02 17:03:00,19241731.950125933,19241770.950125933,19241693.950125933,19245531.950125933,621
2024-01-02 17:04:00,19251687.649296287,19251722.649296287,19251634.649296287,19255583.649296287,4142
2024-01-02 17:05:00,19261674.154006798,19261701.154006798,19261661.154006798,19265535.154006798,5136
2024-01-02 17:06:00,19271647.746236276,19271678.746236276,19271609.746236276,19275453.746236276,9504
2024-01-02 17:07:00,19281613.419618055,19281695.419618055,19281531.419618055,19285499.419618055,9172
2024-01-02 17:08:00,19291673.566090934,19291712.566090934,19291605.566090934,19295481.566090934,2682
2024-01-02 17:09:00,19301649.003125668,19301708.003125668,19301600.003125668,19305477.003125668,7979
2024-01-02 17:10:00,19311644.941407673,19311696.941407673,19311582.941407673,19315494.941407673,1731
2024-01-02 17:11:00,19321520.964691237,19321558.964691237,19321462.964691237,19325387.964691237,4617
2024-01-02 17:12:00,19331572.89035074,19331597.89035074,19331478.89035074,19335466.89035074,4874
2024-01-02 17:13:00,19341475.534284115,19341539.534284115,19341400.534284115,19345373.534284115,1398
2024-01-02 17:14:00,19351435.220726963,19351531.220726963,19351346.220726963,19355280.220726963,5764
2024-01-02 17:15:00,19361464.117957685,19361561.117957685,19361375.117957685,19365304.117957685,2856
2024-01-02 17:16:00,19371417.77424765,19371480.77424765,19371364.77424765,19375277.77424765,5253
2024-01-02 17:17:00,19381505.983237635,19381584.983237635,19381414.983237635,19385362.983237635,3848
2024-01-02 17:18:00,19391433.557538755,19391445.557538755,19391369.557538755,19395326.557538755,8397
2024-01-02 17:19:00,19401398.913518783,19401495.913518783,19401378.913518783,19405294.913518783,4315
2024-01-02 17:20:00,19411425.83626036,19411454.83626036,19411415.83626036,19415286.83626036,5706
2024-01-02 17:21:00,19421455.866396844,19421494.866396844,19421434.866396844,19425315.866396844,4949
2024-01-02 17:22:00,19431422.97010961,19431500.97010961,19431396.97010961,19435303.97010961,1278
2024-01-02 17:23:00,19441367.654811334,19441380.654811334,19441291.654811334,19445256.654811334,1571
2024-01-02 17:24:00,19451351.22990831,19451414.22990831,19451323.22990831,19455221.22990831,9073
2024-01-02 17:25:00,19461317.295391724,19461405.295391724,19461249.295391724,19465160.295391724,7155
2024-01-02 17:26:00,19471265.79105384,19471343.79105384,19471222.79105384,19475119.79105384,6508
2024-01-02 17:27:00,19481204.1366377,19481255.1366377,19481169.1366377,19485052.1366377,7120
2024-01-02 17:28:00,19491267.34079827,19491291.34079827,19491235.34079827,19495126.34079827,2065
2024-01-02 17:29:00,19501224.640606005,19501239.640606005,19501206.640606005,19505091.640606005,6930
2024-01-02 17:30:00,19511204.435349584,19511290.435349584,19511169.435349584,19515103.435349584,7429
2024-01-02 17:31:00,19521220.515734293,19521259.515734293,19521141.515734293,19525120.515734293,980
2024-01-02 17:32:00,19531184.126462795,19531266.126462795,19531113.126462795,19535110.126462795,4253
2024-01-02 17:33:00,19541282.901989568,19541304.901989568,19541240.901989568,19545167.901989568,5304
2024-01-02 17:34:00,19551337.522827428,19551353.522827428,19551250.522827428,19555203.522827428,3123
2024-01-02 17:35:00,19561374.256146416,19561403.256146416,19561281.256146416,19565272.256146416,9079
2024-01-02 17:36:00,19571319.715808403,19571329.715808403,19571303.715808403,19575261.715808403,2572
2024-01-02 17:37:00,19581326.619292047,19581370.619292047,19581276.619292047,19585278.619292047,9809
2024-01-02 17:38:00,19591363.924917664,19591432.924917664,19591268.924917664,19595245.924917664,3924
2024-01-02 17:39:00,19601423.930193797,19601439.930193797,19601324.930193797,19605321.930193797,5250
2024-01-02 17:40:00,19611412.817072604,19611504.817072604,19611375.817072604,19615323.817072604,2027
2024-01-02 17:41:00,19621362.315243177,19621408.315243177,19621346.315243177,19625294.315243177,5102
2024-01-02 17:42:00,19631430.65531905,19631445.65531905,19631390.65531905,19635330.65531905,1462
2024-01-02 17:43:00,19641445.211705647,19641473.211705647,19641435.211705647,19645379.211705647,1336
2024-01-02 17:44:00,19651451.959501613,19651523.959501613,19651431.959501613,19655395.959501613,7760
2024-01-02 17:45:00,19661461.79842092,19661531.79842092,19661433.79842092,19665421.79842092,1534
2024-01-02 17:46:00,19671495.832004253,19671567.832004253,19671399.832004253,19675475.832004253,8631
2024-01-02 17:47:00,19681552.1560711,19681570.1560711,19681511.1560711,19685510.1560711,5154
2024-01-02 17:48:00,19691637.534961537,19691647.534961537,19691574.534961537,19695598.534961537,9556
2024-01-02 17:49:00,19701641.3565195,19701713.3565195,19701583.3565195,19705585.3565195,2205
2024-01-02 17:50:00,19711585.8644051,19711621.8644051,19711539.8644051,19715485.8644051,3703
2024-01-02 17:51:00,19721507.5842532,19721574.5842532,19721442.5842532,19725460.5842532,3105
2024-01-02 17:52:00,19731530.739560127,19731576.739560127,19731440.739560127,19735454.739560127,3364
2024-01-02 17:53:00,19741575.452243444,19741588.452243444,19741526.452243444,19745526.452243444,9700
2024-01-02 17:54:00,19751605.150314268,19751636.150314268,19751590.150314268,19755518.150314268,3817
2024-01-02 17:55:00,19761613.805103816,19761641.805103816,19761595.805103816,19765544.805103816,5897
2024-01-02 17:56:00,19771743.654269073,19771783.654269073,19771650.654269073,19775696.654269073,3902
2024-01-02 17:57:00,19781699.895328656,19781782.895328656,19781652.895328656,19785627.895328656,8363
2024-01-02 17:58:00,19791704.613974612,19791767.613974612,19791664.613974612,19795655.613974612,1628
2024-01-02 17:59:00,19801743.01883127,19801772.01883127,19801716.01883127,19805745.01883127,2980
2024-01-02 18:00:00,19811777.09299582,19811812.09299582,19811763.09299582,19815763.09299582,6787
2024-01-02 18:01:00,19821704.957181685,19821727.957181685,19821684.957181685,19825704.957181685,3756
2024-01-02 18:02:00,19831683.834934928,19831717.834934928,19831631.834934928,19835667.834934928,7746
2024-01-02 18:03:00,19841665.23694713,19841685.23694713,19841609.23694713,19845614.23694713,4791
2024-01-02 18:04:00,19851577.78872963,19851665.78872963,19851518.78872963,19855553.78872963,725
2024-01-02 18:05:00,19861613.849661347,19861665.849661347,19861540.849661347,19865589.849661347,3620
2024-01-02 18:06:00,19871630.153806876,19871729.153806876,19871599.153806876,19875611.153806876,3499
2024-01-02 18:07:00,19881676.20729594,19881766.20729594,19881595.20729594,19885694.20729594,5631
2024-01-02 18:08:00,19891668.166368164,19891738.166368164,19891625.166368164,19895688.166368164,9873
2024-01-02 18:09:00,19901727.13293411,19901757.13293411,19901693.13293411,19905715.13293411,6189
2024-01-02 18:10:00,19911750.971740182,19911804.971740182,19911723.971740182,19915773.971740182,1397
2024-01-02 18:11:00,19921682.889679074,19921747.889679074,19921655.889679074,19925711.889679074,6741
2024-01-02 18:12:00,19931601.71252422,19931696.71252422,19931547.71252422,19935595.71252422,7728
2024-01-02 18:13:00,19941593.549671434,19941663.549671434,19941569.549671434,19945620.549671434,178
2024-01-02 18:14:00,19951584.85926144,19951634.85926144,19951515.85926144,19955552.85926144,6622
2024-01-02 18:15:00,19961689.888735328,19961776.888735328,19961652.888735328,19965655.888735328,8780
2024-01-02 18:16:00,19971666.859996244,19971741.859996244,19971610.859996244,19975676.859996244,7634
2024-01-02 18:17:00,19981770.554062437,19981847.554062437,19981711.554062437,19985742.554062437,4675
2024-01-02 18:18:00,19991794.517156743,19991824.517156743,19991755.517156743,19995829.517156743,5490
2024-01-02 18:19:00,20001857.055186965,20001931.055186965,20001840.055186965,20005861.055186965,898
