Code,ISU_CD,Name,Market,Dept,Close,ChangeCode,Changes,ChagesRatio,Open,High,Low,Volume,Amount,Marcap,Stocks,MarketId,lateInfoMsgCd
005930,KR7005930003,삼성전자,KOSPI,,270000,2,-15500,-5.43,284500,285500,270000,20820309,5724374067720,1578495224160000,5846278608,STK,ME006
000660,KR7000660001,SK하이닉스,KOSPI,,1766000,2,-96000,-5.16,1825000,1840000,1768000,3249753,5817063726517,1291510501320000,730492365,STK,ME006
402340,KR7402340004,SK스퀘어,KOSPI,,1095000,2,-95000,-7.98,1201000,1201000,1093000,713012,796018712486,145116397800000,131923998,STK,ME006
009150,KR7009150004,삼성전기,KOSPI,,1495000,2,-12000,-0.8,1552000,1587000,1475000,649445,989656166000,111965850304000,74693696,STK,ME006
373220,KR7373220003,LG에너지솔루션,KOSPI,,361000,1,9500,2.7,352000,368000,350500,319813,115995123500,85176000000000,234000000,STK,ME006
005380,KR7005380001,현대차,KOSPI,,354000,1,500,0.14,357000,358000,353500,438611,155981788000,72128871414000,203466492,STK,ME006
207940,KR7207940008,삼성바이오로직스,KOSPI,,1393000,1,27000,1.98,1367000,1406000,1366000,48692,67761791500,64807331400000,46290951,STK,ME006
105560,KR7105560007,KB금융,KOSPI,,173800,1,600,0.35,171000,175200,170200,828769,143986256250,61786603262800,354687734,STK,ME006
032830,KR7032830002,삼성생명,KOSPI,,292000,2,-2500,-0.85,296000,302000,289000,361018,106546891920,59200000000000,200000000,STK,ME006
028260,KR7028260008,삼성물산,KOSPI,,345500,2,-21500,-5.86,366500,366500,344000,503264,175282099346,56028899235500,162167581,STK,ME006
012450,KR7012450003,한화에어로스페이스,KOSPI,,1033000,1,12000,1.18,1015000,1054000,1008000,114500,118662684000,53316556634000,51563401,STK,ME006
034020,KR7034020008,두산에너빌리티,KOSPI,,81500,2,-200,-0.24,82600,83000,80900,1526058,125136504100,52526013972000,640561146,STK,ME006
055550,KR7055550008,신한지주,KOSPI,,110900,1,1600,1.46,108800,112200,108800,949064,105105034750,52249811600700,469450239,STK,ME006
329180,KR7329180004,HD현대중공업,KOSPI,,440000,2,-1000,-0.23,445000,447000,439500,99202,43911012500,46392861450000,104961225,STK,ME006
000270,KR7000270009,기아,KOSPI,,117000,1,1600,1.39,116600,118400,115600,1039063,121535326400,45912568564800,390412998,STK,ME006
006400,KR7006400006,삼성SDI,KOSPI,,528000,1,7000,1.34,525000,540000,524000,321031,171077247000,42952087490000,80585530,STK,ME006
034730,KR7034730002,SK,KOSPI,,577000,2,-34000,-5.56,612000,618000,571000,154306,90288186000,41906562334000,72502703,STK,ME006
068270,KR7068270008,셀트리온,KOSPI,,178100,1,700,0.39,178400,180700,177600,263906,47192169650,41475642480800,232617176,STK,ME006
086790,KR7086790003,하나금융지주,KOSPI,,134800,1,1700,1.28,133900,135400,132000,626102,84149701500,36662228823000,270969910,STK,ME006
066570,KR7066570003,LG전자,KOSPI,,214000,1,5000,2.39,214500,220000,212000,766186,165681182250,34938754851000,162884638,STK,ME006
012330,KR7012330007,현대모비스,KOSPI,,371500,1,4000,1.09,369000,379000,369000,205760,77084667000,33503078205000,89820585,STK,ME006
010120,KR7010120004,LS ELECTRIC,KOSPI,,202500,2,-3000,-1.46,207000,209500,201000,300568,61494393500,30675000000000,150000000,STK,ME006
035420,KR7035420009,NAVER,KOSPI,,196800,1,2100,1.08,195700,200500,194300,649456,128776114350,30069056751300,152094369,STK,ME006
000810,KR7000810002,삼성화재,KOSPI,,658000,1,10000,1.54,655000,668000,642000,66123,43406723500,29511979653000,44647473,STK,ME006
316140,KR7316140003,우리금융지주,KOSPI,,36200,1,850,2.4,36400,36700,35650,1691553,61277970000,26819030674800,736786557,STK,ME006
096770,KR7096770003,SK이노베이션,KOSPI,,158600,1,9400,6.3,148500,161200,147600,1126916,177800312850,26744151061600,169052788,STK,ME006
298040,KR7298040007,효성중공업,KOSPI,,2787000,2,-109000,-3.76,2925000,2925000,2771000,39226,110040362500,25922243440000,9324548,STK,ME006
005490,KR7005490008,POSCO홀딩스,KOSPI,,314000,1,2500,0.8,310500,318000,308500,166925,52592687500,25079943295500,79241527,STK,ME006
267260,KR7267260008,HD현대일렉트릭,KOSPI,,692000,2,-16000,-2.26,700000,709000,689000,99744,69427378000,24980664555000,36047135,STK,ME006
042660,KR7042660001,한화오션,KOSPI,,80500,1,900,1.13,80800,81500,79800,482341,38848810000,24513071520000,306413394,STK,ME006
009540,KR7009540006,HD한국조선해양,KOSPI,,332500,3,0,0.0,338000,341000,331500,97882,32626975250,23496674512000,70773116,STK,ME006
000150,KR7000150003,두산,KOSPI,,1417000,2,-95000,-6.28,1519000,1535000,1410000,91436,132925286384,23043827205000,16193835,STK,ME006
010130,KR7010130003,고려아연,KOSPI,,1095000,2,-21000,-1.88,1114000,1115000,1093000,13400,14793752500,23002011838000,20872969,STK,ME006
042700,KR7042700005,한미반도체,KOSPI,,233500,2,-10000,-4.11,240500,245000,234000,338618,80773602000,22350710900000,95312200,STK,ME006
011200,KR7011200003,HMM,KOSPI,,21250,1,450,2.16,20850,21350,20850,648911,13751369225,20043806862500,943237970,STK,ME006
015760,KR7015760002,한국전력,KOSPI,,30550,1,300,0.99,30350,30900,30000,1144507,35104027500,19708297163900,641964077,STK,ME006
017670,KR7017670001,SK텔레콤,KOSPI,,87700,1,600,0.69,87700,89900,87400,462729,40845587100,18944482674600,214790053,STK,ME006
051910,KR7051910008,LG화학,KOSPI,,262000,1,9500,3.76,251000,264000,249000,187876,48916076500,18530490037500,70592343,STK,ME006
010950,KR7010950004,S-Oil,KOSPI,,163000,1,7400,4.76,155900,164800,155800,401213,65113970800,18260928862400,112582792,STK,ME006
033780,KR7033780008,KT&G,KOSPI,,174700,1,400,0.23,174300,176800,173700,192361,33731509850,18208353982400,103810456,STK,ME006
010140,KR7010140002,삼성중공업,KOSPI,,20100,2,-150,-0.74,20400,20550,20050,2032316,41030637475,17688000000000,880000000,STK,ME006
006800,KR7006800007,미래에셋증권,KOSPI,,31650,2,-600,-1.86,32100,32150,31450,581553,18489120175,17268069421800,543021051,STK,ME006
003550,KR7003550001,LG,KOSPI,,113400,1,1500,1.34,115000,115500,112700,179277,20386278000,17235888456000,151192004,STK,ME006
018260,KR7018260000,삼성에스디에스,KOSPI,,218500,2,-2000,-0.91,220000,222000,218000,90868,19918122000,16945738200000,77377800,STK,ME006
024110,KR7024110009,기업은행,KOSPI,,20850,1,450,2.21,20300,20950,20300,1043168,21674347075,16666200662100,797425869,STK,ME006
267250,KR7267250009,HD현대,KOSPI,,209500,1,4000,1.95,206000,214000,203000,153427,32281288750,16509554765000,78993085,STK,ME006
003670,KR7003670007,포스코퓨처엠,KOSPI,,183000,1,3100,1.72,180000,186300,179200,353509,64707843950,16472839944000,88946220,STK,ME006
079550,KR7079550000,LIG디펜스앤에어로스페이스,KOSPI,,691000,2,-1000,-0.14,693000,704000,680000,55937,38803426000,15246000000000,22000000,STK,ME006
035720,KR7035720002,카카오,KOSPI,,34050,1,600,1.79,33550,34500,33500,1014622,34670523000,15128446687450,442999903,STK,ME006
086280,KR7086280005,현대글로비스,KOSPI,,198500,1,1600,0.81,198100,202000,197900,131440,26225883450,14932500000000,75000000,STK,ME006
000720,KR7000720003,현대건설,KOSPI,,123300,1,2200,1.82,121900,126800,118900,655127,81572006150,13874928319000,111355765,STK,ME006
278470,KR7278470000,에이피알,KOSPI,,366500,2,-2000,-0.54,369500,377500,364500,146880,54255065250,13795960117500,37438155,STK,ME006
011070,KR7011070000,LG이노텍,KOSPI,,573000,1,38000,7.1,566000,599000,563000,414454,241840393500,13679587846000,23667107,STK,ME006
272210,KR7272210006,한화시스템,KOSPI,,72500,2,-1400,-1.89,73900,75100,71300,452790,33042506550,13677763763600,188919389,STK,ME006
030200,KR7030200000,KT,KOSPI,,52800,1,100,0.19,52600,53400,52500,328670,17389390238,13331947136500,252021685,STK,ME006
047810,KR7047810007,한국항공우주,KOSPI,,129200,1,1700,1.33,128100,131500,126300,178255,23173692600,12632773867200,97475107,STK,ME006
064350,KR7064350002,현대로템,KOSPI,,116000,1,100,0.09,116000,119400,113500,374918,43789846050,12627763300100,109142293,STK,ME006
005830,KR7005830005,DB손해보험,KOSPI,,190000,1,5400,2.93,186900,192800,183700,156812,29722445500,12504016624100,65500349,STK,ME006
003490,KR7003490000,대한항공,KOSPI,,31400,2,-100,-0.32,31400,31700,30800,2829778,88750736775,11672593305300,368220609,STK,ME006
443060,KR7443060009,HD현대마린솔루션,KOSPI,,241500,1,2500,1.05,239000,247000,237000,51564,12540841250,11006614430000,44833460,STK,ME006
078930,KR7078930005,GS,KOSPI,,113800,1,3100,2.8,111000,117400,110200,406369,46310194250,10571507331000,92895495,STK,ME006
307950,KR7307950006,현대오토에버,KOSPI,,374000,2,-3500,-0.93,380500,384500,372500,25312,9602266750,10311417232000,27423982,STK,ME006
071050,KR7071050009,한국금융지주,KOSPI,,181900,2,-4500,-2.41,186400,186400,181500,148139,27038909700,10136557944800,55725992,STK,ME006
047050,KR7047050000,포스코인터내셔널,KOSPI,,56900,1,1600,2.89,55600,58000,54800,474716,27041993150,10010006637200,175922788,STK,ME006
028050,KR7028050003,삼성E&A,KOSPI,,49800,1,450,0.91,49450,50600,48050,1520360,75798915675,9800000000000,196000000,STK,ME006
323410,KR7323410001,카카오뱅크,KOSPI,,20350,1,430,2.16,19960,20500,19950,840334,17038704105,9780968958500,477120437,STK,ME006
006260,KR7006260004,LS,KOSPI,,312000,2,-9500,-2.95,318000,324500,310500,101106,31751202500,9765600000000,31200000,STK,ME006
005940,KR7005940002,NH투자증권,KOSPI,,25900,2,-100,-0.38,26050,26150,25650,350548,9112598300,9617819035250,369206105,STK,ME006
180640,KR7180640005,한진칼,KOSPI,,139700,2,-400,-0.29,141000,143800,139300,77818,10987585850,9433509457500,66762275,STK,ME006
259960,KR7259960003,크래프톤,KOSPI,,201000,1,3000,1.52,198200,203000,197100,72629,14623113750,9275069976000,45916188,STK,ME006
003230,KR7003230000,삼양식품,KOSPI,,1215000,3,0,0.0,1214000,1235000,1202000,28854,35175069000,9152613225000,7533015,STK,ME006
000500,KR7000500009,가온전선,KOSPI,,299000,2,-19500,-6.12,314500,317500,299000,129556,39689790500,8948170903500,29777607,STK,ME006
090430,KR7090430000,아모레퍼시픽,KOSPI,,142100,2,-400,-0.28,144800,144800,141100,151633,21640109600,8346916709300,58492759,STK,ME006
0126Z0,KR70126Z0002,삼성에피스홀딩스,KOSPI,,332000,1,2000,0.61,333500,341000,331500,26152,8762359000,8261172268000,24883049,STK,ME006
007660,KR7007660004,이수페타시스,KOSPI,,112300,2,-6600,-5.55,118900,119000,112300,714541,82017601600,8243855293700,73409219,STK,ME006
016360,KR7016360000,삼성증권,KOSPI,,88900,2,-2200,-2.41,91200,91300,88100,252736,22478872650,7929840000000,89300000,STK,ME006
047040,KR7047040001,대우건설,KOSPI,,18680,1,1240,7.11,17640,19240,17350,12697007,237844774850,7675754677840,410907638,STK,ME006
009830,KR7009830001,한화솔루션,KOSPI,,33700,1,4500,15.41,30400,33750,30350,10485101,344152987275,7500166075600,224892536,STK,ME006
161390,KR7161390000,한국타이어앤테크놀로지,KOSPI,,59200,1,1900,3.32,57200,60000,56700,255618,15073708450,7420116633100,123875069,STK,ME006
021240,KR7021240007,코웨이,KOSPI,,100600,1,800,0.8,99800,101800,98800,136111,13660659700,7189970481600,70767426,STK,ME006
000880,KR7000880005,한화,KOSPI,,131300,1,1300,1.0,130100,135200,130000,116885,15524793400,7023415734900,53328897,STK,ME006
352820,KR7352820005,하이브,KOSPI,,162000,1,5200,3.32,158200,165600,158200,266995,43412248250,6978996748400,43106836,STK,ME006
064400,KR7064400005,LG씨엔에스,KOSPI,,69900,1,500,0.72,70100,71500,69800,438250,30968692250,6801393549600,96885948,STK,ME006
039490,KR7039490008,키움증권,KOSPI,,256500,2,-9500,-3.57,264500,265000,254000,81831,21057690750,6740677212000,26228316,STK,ME006
128940,KR7128940004,한미약품,KOSPI,,500000,2,-20000,-3.85,520000,521000,498500,72630,36677284750,6456739464000,12810991,STK,ME006
032640,KR7032640005,LG유플러스,KOSPI,,14760,1,120,0.82,14780,14830,14640,770545,11380340035,6268797601640,424427732,STK,ME006
062040,KR7062040001,산일전기,KOSPI,,200500,2,-5000,-2.43,207500,210000,199900,182105,37048229950,6159212850000,30642850,STK,ME006
267270,KR7267270007,HD건설기계,KOSPI,,128400,2,-1300,-1.0,130100,132900,127500,192860,25041642700,6127162794000,47497386,STK,ME006
353200,KR7353200009,대덕전자,KOSPI,,122300,1,2900,2.43,124600,129100,121400,1339464,167587878450,6093106852500,49416925,STK,ME006
326030,KR7326030004,SK바이오팜,KOSPI,,75900,3,0,0.0,76300,77000,75900,81979,6251454650,5967469650000,78313250,STK,ME006
001440,KR7001440007,대한전선,KOSPI,,30000,2,-950,-3.07,31300,31300,29850,2145930,65245947325,5860178620400,195992596,STK,ME006
175330,KR7175330000,JB금융지주,KOSPI,,30950,1,800,2.65,30100,31400,30050,372870,11545616425,5819480908800,186521824,STK,ME006
241560,KR7241560002,두산밥캣,KOSPI,,58100,1,400,0.69,59000,59000,57600,158503,9250588600,5569237376500,95856065,STK,ME006
377300,KR7377300009,카카오페이,KOSPI,,40900,1,250,0.62,40550,41450,40200,161168,6618070250,5567620595300,135300622,STK,ME006
000990,KR7000990002,DB하이텍,KOSPI,,126100,2,-5900,-4.47,130500,131700,126900,318060,41039144600,5529433134800,43504588,STK,ME006
000100,KR7000100008,유한양행,KOSPI,,74400,1,300,0.4,74500,75300,73600,191400,14279139100,5499098840700,73615781,STK,ME006
138930,KR7138930003,BNK금융지주,KOSPI,,16510,1,540,3.38,15960,16550,15820,769388,12599983595,5075129481540,306839751,STK,ME006
088350,KR7088350004,한화생명,KOSPI,,5820,1,180,3.19,5650,5900,5620,2466065,14306158420,5054844600000,868530000,STK,ME006
029780,KR7029780004,삼성카드,KOSPI,,43200,1,750,1.77,42700,43500,42250,163909,7062471650,5022482924850,115858891,STK,ME006
052690,KR7052690005,한전기술,KOSPI,,125300,2,-5100,-3.91,129600,130900,126000,254516,32528649450,4823364000000,38220000,STK,ME006
036570,KR7036570000,NC,KOSPI,,215000,1,3000,1.42,212500,220000,212500,61419,13271526250,4653508752000,21544022,STK,ME006
066970,KR7066970005,엘앤에프,KOSPI,,114100,1,5000,4.58,109600,117900,109000,461227,52961514500,4650430831200,40686184,STK,ME006
011790,KR7011790003,SKC,KOSPI,,90500,1,1100,1.23,91000,93300,90000,170664,15616072300,4543204096800,49598298,STK,ME006
454910,KR7454910001,두산로보틱스,KOSPI,,69500,2,-1300,-1.84,71100,71200,69100,230818,16114908550,4498506612000,64819980,STK,ME006
271560,KR7271560005,오리온,KOSPI,,111600,1,1500,1.36,110000,112000,108500,74259,8248048100,4407459862000,39528788,STK,ME006
051900,KR7051900009,LG생활건강,KOSPI,,291000,2,-1500,-0.51,292500,299000,286000,59177,17260097500,4365364954500,14975523,STK,ME006
010060,KR7010060002,OCI홀딩스,KOSPI,,228500,1,22500,10.92,216500,234000,216500,542982,123633020500,4266148012000,18670232,STK,ME006
034220,KR7034220004,LG디스플레이,KOSPI,,8450,2,-40,-0.47,8490,8580,8270,3020960,25593100345,4225000000000,500000000,STK,ME006
001450,KR7001450006,현대해상,KOSPI,,48800,1,1250,2.63,47500,50200,46400,452443,22142499875,4172901837500,85248250,STK,ME006
004020,KR7004020004,현대제철,KOSPI,,31000,2,-950,-2.97,30900,31300,30200,1178713,36354061400,4170180781250,133445785,STK,ME006
002380,KR7002380004,KCC,KOSPI,,477000,1,1000,0.21,475000,481000,465500,14180,6761557500,4124590080000,8592896,STK,ME006
082740,KR7082740002,한화엔진,KOSPI,,47600,3,0,0.0,48000,49000,47500,306583,14730908500,3976256316300,83447142,STK,ME006
001040,KR7001040005,CJ,KOSPI,,134000,1,4000,3.08,130500,135800,129500,113823,15248655700,3947647829400,29176998,STK,ME006
103590,KR7103590006,일진전기,KOSPI,,81800,1,100,0.12,83000,84000,79800,529031,43361329200,3914970519000,47685390,STK,ME006
008930,KR7008930000,한미사이언스,KOSPI,,51900,2,-200,-0.38,52500,53500,51300,103088,5370870150,3583717220000,68391550,STK,ME006
161890,KR7161890009,한국콜마,KOSPI,,148000,1,1000,0.68,146000,151100,145600,114637,17010121550,3502993426800,23605077,STK,ME006
018880,KR7018880005,한온시스템,KOSPI,,3290,1,70,2.17,3245,3330,3225,2741189,9020712315,3381498171890,1026251342,STK,ME006
036460,KR7036460004,한국가스공사,KOSPI,,35300,2,-300,-0.84,35250,35550,35100,73063,2582665850,3277111500000,92313000,STK,ME006
004170,KR7004170007,신세계,KOSPI,,343000,2,-4000,-1.15,349000,354000,342000,46539,16113325250,3244419673500,9445181,STK,ME006
375500,KR7375500006,DL이앤씨,KOSPI,,81700,1,800,0.99,80300,83400,78200,297340,24311754100,3172877086000,38693623,STK,ME006
012750,KR7012750006,에스원,KOSPI,,82600,2,-700,-0.84,83300,83700,81500,99204,8182473931,3165331527400,37999178,STK,ME006
111770,KR7111770004,영원무역,KOSPI,,71100,1,1800,2.6,69700,71800,69500,37840,2694426900,3163838815200,44311468,STK,ME006
035250,KR7035250000,강원랜드,KOSPI,,14450,1,130,0.91,14380,14500,14270,276335,3985540610,3091440225000,213940500,STK,ME006
192820,KR7192820009,코스맥스,KOSPI,,270500,2,-1500,-0.55,270500,277000,268000,46574,12682473750,3075716939000,11349509,STK,ME006
022100,KR7022100002,포스코DX,KOSPI,,20150,1,160,0.8,20050,20500,19810,186719,3777623785,3071101525800,152034729,STK,ME006
028670,KR7028670008,팬오션,KOSPI,,5720,1,120,2.14,5600,5810,5590,1465358,8353883970,3047046218400,534569512,STK,ME006
006360,KR7006360002,GS건설,KOSPI,,35400,1,800,2.31,34500,36600,33850,1433103,51161931550,3042421969500,85581490,STK,ME006
336260,KR7336260005,두산퓨얼셀,KOSPI,,46300,2,-900,-1.91,48700,49300,46100,427325,20285549500,3042183572700,65493726,STK,ME006
031210,KR7031210008,서울보증보험,KOSPI,,43100,1,1800,4.36,41800,43200,41500,61615,2627900925,3016293033600,69821598,STK,ME006
139130,KR7139130009,iM금융지주,KOSPI,,18700,1,890,5.0,17820,18920,17810,457805,8534073115,2989901143040,158363408,STK,ME006
011780,KR7011780004,금호석유화학,KOSPI,,117900,1,1000,0.86,117000,119600,115400,53059,6271851000,2978627280000,25157325,STK,ME006
007340,KR7007340003,DN오토모티브,KOSPI,,50300,1,2400,5.01,47900,51200,47150,182364,9070109400,2966500855500,58510865,STK,ME006
251270,KR7251270005,넷마블,KOSPI,,35350,1,1000,2.91,34400,35550,34300,140586,4955292450,2952124087500,83158425,STK,ME006
023530,KR7023530009,롯데쇼핑,KOSPI,,102400,2,-1500,-1.44,104000,104500,101700,86210,8842452250,2902426263000,28288755,STK,ME006
017800,KR7017800004,현대엘리베이터,KOSPI,,73700,3,0,0.0,73800,74300,73100,80809,5964837650,2888927251500,39092385,STK,ME006
302440,KR7302440003,SK바이오사이언스,KOSPI,,36150,1,400,1.12,35750,36850,35500,68011,2468358350,2859741356850,78456553,STK,ME006
097950,KR7097950000,CJ제일제당,KOSPI,,178800,1,3000,1.71,176300,179500,175300,50709,9053233550,2696204712600,15054186,STK,ME006
383220,KR7383220001,F&F,KOSPI,,69200,1,1400,2.06,68300,69900,67500,34312,2378071500,2666172420000,38307075,STK,ME006
011170,KR7011170008,롯데케미칼,KOSPI,,62200,1,2000,3.32,60000,62900,58100,180842,11108279550,2664908603700,42775419,STK,ME006
004800,KR7004800009,효성,KOSPI,,158300,2,-5900,-3.59,163900,164500,157700,19747,3153477550,2644984306000,16740407,STK,ME006
085620,KR7085620003,미래에셋생명,KOSPI,,19370,1,50,0.26,19520,19820,19190,60752,1188247970,2638713600000,135180000,STK,ME006
003690,KR7003690005,코리안리,KOSPI,,14850,1,180,1.23,14640,14930,14610,168868,2502365950,2627841730970,176721031,STK,ME006
026960,KR7026960005,동서,KOSPI,,25650,1,300,1.18,25400,25850,25350,44474,1141781650,2572260000000,99700000,STK,ME006
014680,KR7014680003,한솔케미칼,KOSPI,,238500,1,2000,0.85,237000,241000,232000,52528,12480090500,2558186532000,10794036,STK,ME006
450080,KR7450080007,에코프로머티,KOSPI,,35450,1,500,1.43,34950,36500,34400,346430,12329527500,2535136546000,70813870,STK,ME006
004990,KR7004990008,롯데지주,KOSPI,,24550,1,150,0.61,24400,24650,24300,82953,2032616225,2446745700800,99663776,STK,ME006
004370,KR7004370003,농심,KOSPI,,395500,1,5500,1.41,390000,398500,386500,16063,6354061750,2414808874000,6082642,STK,ME006
000240,KR7000240002,한국앤컴퍼니,KOSPI,,25150,1,500,2.03,24650,25250,24350,62633,1565277475,2392368048000,94935240,STK,ME006
005850,KR7005850003,에스엘,KOSPI,,50300,1,2000,4.14,48400,50800,48400,92529,4642921650,2350295112000,46448520,STK,ME006
005440,KR7005440003,현대지에프홀딩스,KOSPI,,12780,2,-240,-1.84,13090,13290,12680,366321,4726163555,2345650175210,183397199,STK,ME006
001720,KR7001720002,신영증권,KOSPI,,141500,1,3500,2.54,138500,142500,136600,6985,980553550,2342700000000,16440000,STK,ME006
489790,KR7489790006,한화비전,KOSPI,,46100,2,-1850,-3.86,47550,47550,46250,117916,5513129575,2335088037500,50488390,STK,ME006
282330,KR7282330000,BGF리테일,KOSPI,,133500,1,600,0.45,133700,134600,130000,45637,6062582300,2303944669800,17283906,STK,ME006
483650,KR7483650008,달바글로벌,KOSPI,,183500,1,1400,0.77,182200,189800,180600,82303,15143220850,2302492927000,12527165,STK,ME006
009420,KR7009420001,한올바이오파마,KOSPI,,43200,2,-3400,-7.3,42150,44450,41600,437991,19034783975,2267243689200,52240638,STK,ME006
279570,KR7279570006,케이뱅크,KOSPI,,5490,1,140,2.62,5340,5520,5320,615870,3367605725,2235380282010,405695151,STK,ME006
112610,KR7112610001,씨에스윈드,KOSPI,,52300,1,2200,4.39,50100,54200,49200,451727,23511271950,2230867218700,42171403,STK,ME006
018670,KR7018670000,SK가스,KOSPI,,241000,1,500,0.21,239000,245000,237500,3502,844172500,2229253182000,9269244,STK,ME006
020150,KR7020150009,롯데에너지머티리얼즈,KOSPI,,42450,1,2300,5.73,40150,44700,39800,374475,16136572325,2228150450650,52365463,STK,ME006
103140,KR7103140000,풍산,KOSPI,,77900,1,1200,1.56,77400,79300,76200,58471,4576349250,2183091256200,28024278,STK,ME006
204320,KR7204320006,HL만도,KOSPI,,46350,1,850,1.87,45500,47050,45350,200954,9340735625,2181158224000,46957120,STK,ME006
009970,KR7009970005,영원무역홀딩스,KOSPI,,167800,1,4400,2.69,165600,168300,164300,8001,1335023200,2178832019400,12953817,STK,ME006
051600,KR7051600005,한전KPS,KOSPI,,46000,1,250,0.55,45550,46500,45000,71311,3289658375,2088000000000,45000000,STK,ME006
030000,KR7030000004,제일기획,KOSPI,,17760,1,80,0.45,17770,17900,17670,230342,4102079335,2048884217250,115041225,STK,ME006
002790,KR7002790004,아모레퍼시픽홀딩스,KOSPI,,26600,1,250,0.95,26300,26850,26250,67388,1791097400,2037610497000,76458180,STK,ME006
081660,KR7081660003,미스토홀딩스,KOSPI,,38200,1,450,1.19,38100,38950,37950,85834,3287646675,2030762880000,53091840,STK,ME006
139480,KR7139480008,이마트,KOSPI,,72000,1,600,0.84,71700,72300,71000,66868,4807328650,1989658549900,27595819,STK,ME006
069960,KR7069960003,현대백화점,KOSPI,,91200,2,-5200,-5.39,95800,96300,90100,143363,13179238200,1966719974400,21564912,STK,ME006
457190,KR7457190007,이수스페셜티케미컬,KOSPI,,64600,1,800,1.25,64000,66400,63100,138730,9030065400,1961204792800,30218872,STK,ME006
073240,KR7073240004,금호타이어,KOSPI,,6820,1,250,3.81,6550,6950,6550,1677745,11501900455,1956242554470,287260287,STK,ME006
007070,KR7007070006,GS리테일,KOSPI,,22850,1,50,0.22,22850,23150,22650,127188,2916400225,1922970545000,83607415,STK,ME006
229640,KR7229640008,LS에코에너지,KOSPI,,62300,2,-1700,-2.66,63700,64800,61600,165783,10386505350,1920179913300,30624879,STK,ME006
462870,KR7462870007,시프트업,KOSPI,,31500,2,-50,-0.16,31150,31700,31150,19079,601139750,1853306629500,58741890,STK,ME006
181710,KR7181710005,NHN,KOSPI,,56000,3,0,0.0,56900,57300,55400,116240,6537081700,1823353626000,32328965,STK,ME006
089860,KR7089860001,롯데렌탈,KOSPI,,49450,2,-200,-0.4,49550,50000,49100,37844,1867376775,1804576583600,36309388,STK,ME006
475150,KR7475150009,SK이터닉스,KOSPI,,51400,1,600,1.18,50900,52600,50800,802123,41507739850,1744230604800,34067004,STK,ME006
439260,KR7439260001,대한조선,KOSPI,,45600,1,100,0.22,45600,46150,45350,16052,732964200,1734941651500,38088730,STK,ME006
020560,KR7020560009,아시아나항공,KOSPI,,8410,1,50,0.6,8390,8440,8220,82715,693667280,1724142251070,205990711,STK,ME006
023590,KR7023590003,다우기술,KOSPI,,39000,2,-200,-0.51,39200,39400,38350,30061,1168875500,1705520092800,43287312,STK,ME006
120110,KR7120110002,코오롱인더,KOSPI,,55900,1,1700,3.14,54500,56500,54200,97499,5439183150,1682966998400,29946032,STK,ME006
281820,KR7281820001,케이씨텍,KOSPI,,83700,2,-3100,-3.57,86000,88000,83000,158425,13399443500,1678926452800,19798661,STK,ME006
071970,KR7071970008,HD현대마린엔진,KOSPI,,48950,2,-50,-0.1,49150,49850,48500,102388,5028842950,1665545404500,33921495,STK,ME006
007810,KR7007810005,코리아써키트,KOSPI,,69100,1,4000,6.14,66400,71500,65500,1741195,120319953600,1654800780000,23982620,STK,ME006
000120,KR7000120006,CJ대한통운,KOSPI,,70500,1,700,1.0,70100,71200,69700,30706,2165133100,1615113955200,22812344,STK,ME006
006040,KR7006040000,동원산업,KOSPI,,35950,1,750,2.13,35250,36250,35050,27545,988441825,1600104688750,44140819,STK,ME006
001430,KR7001430008,세아베스틸지주,KOSPI,,44650,1,350,0.79,44400,46850,44200,184413,8433531050,1599450507400,35862119,STK,ME006
001120,KR7001120005,LX인터내셔널,KOSPI,,40900,1,700,1.74,40400,41450,40050,61278,2514420000,1587222000000,38760000,STK,ME006
008770,KR7008770000,호텔신라,KOSPI,,40400,1,250,0.62,40250,40600,40050,98521,3974605300,1585624088400,39248121,STK,ME006
294870,KR7294870001,IPARK현대산업개발,KOSPI,,23450,2,-250,-1.05,23350,23850,23350,207336,4937969225,1568594454000,65907330,STK,ME006
012630,KR7012630000,HDC,KOSPI,,26200,1,750,2.95,25450,26350,24950,61575,1604780225,1547310573900,59741721,STK,ME006
001820,KR7001820000,삼화콘덴서,KOSPI,,143800,2,-3100,-2.11,150100,151900,143500,522781,77143976750,1507275000000,10395000,STK,ME006
093370,KR7093370005,후성,KOSPI,,13990,1,40,0.29,13950,14520,13730,2613828,36860634090,1501574620000,107255330,STK,ME006
361610,KR7361610009,SK아이이테크놀로지,KOSPI,,18190,1,1020,5.94,17010,18540,16850,548132,9936778715,1492614575000,81787100,STK,ME006
005070,KR7005070008,코스모신소재,KOSPI,,44250,1,2700,6.5,41750,46300,41400,371756,16542961500,1473066223850,33214571,STK,ME006
011210,KR7011210002,현대위아,KOSPI,,53600,1,1100,2.1,52600,54700,52500,55715,3010866950,1468534482000,27195083,STK,ME006
001800,KR7001800002,오리온홀딩스,KOSPI,,24100,1,350,1.47,23650,24250,23450,45379,1091895750,1455790978400,60156652,STK,ME006
006280,KR7006280002,녹십자,KOSPI,,123000,2,-300,-0.24,123400,124800,122600,12545,1546163650,1439781481600,11686538,STK,ME006
322000,KR7322000001,HD현대에너지솔루션,KOSPI,,125100,1,5000,4.16,122400,131500,122400,473337,60331567700,1401120000000,11200000,STK,ME006
298020,KR7298020009,효성티앤씨,KOSPI,,312000,1,500,0.16,309500,316500,306500,5759,1804958000,1361055989000,4327682,STK,ME006
097230,KR7097230007,HJ중공업,KOSPI,,14920,1,260,1.77,14710,15170,14600,220998,3296077835,1349915392800,90295344,STK,ME006
007310,KR7007310006,오뚜기,KOSPI,,319000,1,7500,2.41,312000,322000,312000,4412,1405119000,1286513430000,4007830,STK,ME006
069620,KR7069620003,대웅제약,KOSPI,,107800,1,1600,1.51,106900,109050,106800,11221,1212183550,1254826072500,11586575,STK,ME006
192080,KR7192080000,더블유게임즈,KOSPI,,58800,1,500,0.86,58000,59300,57600,26957,1584733300,1247117265200,21173468,STK,ME006
003540,KR7003540002,대신증권,KOSPI,,26000,2,-50,-0.19,26050,26250,25800,32969,857344425,1244085888600,47666126,STK,ME006
001740,KR7001740000,SK네트웍스,KOSPI,,6100,1,30,0.49,6080,6230,5990,595113,3656339780,1227634600680,200593889,STK,ME006
300720,KR7300720000,한일시멘트,KOSPI,,16270,1,140,0.87,16020,16390,16000,58425,952110550,1204670523420,73545209,STK,ME006
280360,KR7280360009,롯데웰푸드,KOSPI,,127000,1,2700,2.17,124600,127800,123000,11389,1435842200,1162537696200,9204574,STK,ME006
004000,KR7004000006,롯데정밀화학,KOSPI,,44100,1,1000,2.32,43100,44400,42850,51867,2276427800,1144230000000,25800000,STK,ME006
030610,KR7030610000,교보증권,KOSPI,,9990,2,-10,-0.1,10000,10090,9880,13208,131842030,1139629610000,113962961,STK,ME006
006120,KR7006120000,SK디스커버리,KOSPI,,63700,1,3400,5.64,60900,65000,60200,66263,4182089550,1119704189300,17413751,STK,ME006
000210,KR7000210005,DL,KOSPI,,51800,1,1300,2.57,50600,53000,50500,39715,2077481750,1095992733200,20955884,STK,ME006
000080,KR7000080002,하이트진로,KOSPI,,15140,1,110,0.73,15020,15190,14940,75567,1141383880,1061822870540,70133611,STK,ME006
017960,KR7017960006,한국카본,KOSPI,,20400,1,150,0.74,20350,20900,20200,103243,2112370050,1054200314400,51676486,STK,ME006
006340,KR7006340004,대원전선,KOSPI,,13120,2,-370,-2.74,13520,13580,13150,1296662,17264609200,1035070291200,78414416,STK,ME006
003160,KR7003160009,디아이,KOSPI,,35900,2,-850,-2.31,36550,36900,35450,340082,12301533775,1023045000000,28300000,STK,ME006
195870,KR7195870001,해성디에스,KOSPI,,59800,2,-1400,-2.29,60900,61500,59500,125508,7571441350,1020000000000,17000000,STK,ME006
003240,KR7003240009,태광산업,KOSPI,,904000,2,-6000,-0.66,910000,915000,901000,593,537190000,1004286800000,1113400,STK,ME006
003570,KR7003570009,SNT다이내믹스,KOSPI,,29700,1,3650,14.01,26300,30650,25900,195830,5692196850,990930370600,33252697,STK,ME006
003530,KR7003530003,한화투자증권,KOSPI,,4585,3,0,0.0,4585,4655,4500,647456,2975674039,990137981625,214547775,STK,ME006
192400,KR7192400000,쿠쿠홀딩스,KOSPI,,27500,1,250,0.92,27250,27550,27000,10994,300273150,976181978250,35562185,STK,ME006
009240,KR7009240003,한샘,KOSPI,,40450,1,650,1.63,39650,41000,39450,43465,1760782375,959007566000,23533928,STK,ME006
030190,KR7030190003,NICE평가정보,KOSPI,,16200,1,610,3.91,15590,16360,15590,61074,988171975,946867041250,58268741,STK,ME006
032350,KR7032350001,롯데관광개발,KOSPI,,11810,1,80,0.68,11730,12290,11710,314489,3747257020,940760404400,79725458,STK,ME006
003090,KR7003090008,대웅,KOSPI,,15940,1,50,0.31,16050,16100,15810,54496,866123065,927364581000,58141980,STK,ME006
000370,KR7000370007,한화손해보험,KOSPI,,7880,1,270,3.55,7680,8060,7620,585950,4617456640,921070039350,116738915,STK,ME006
071320,KR7071320006,지역난방공사,KOSPI,,78900,1,700,0.9,79400,79400,78200,19020,1497577700,915878650400,11578744,STK,ME006
185750,KR7185750007,종근당,KOSPI,,65000,1,100,0.15,65400,65500,64600,25150,1638428950,902701812000,13802780,STK,ME006
285130,KR7285130001,SK케미칼,KOSPI,,51600,1,1600,3.2,49850,52300,49600,29603,1526604350,901265708600,17298766,STK,ME006
005300,KR7005300009,롯데칠성,KOSPI,,96100,1,300,0.31,95500,96800,95100,16248,1558672300,896340194400,9278884,STK,ME006
034230,KR7034230003,파라다이스,KOSPI,,9660,1,120,1.26,9560,9740,9540,176141,1698556260,893873536300,92629382,STK,ME006
009450,KR7009450008,경동나비엔,KOSPI,,60600,1,400,0.66,60700,61300,59900,16831,1024959150,888684112000,14568592,STK,ME006
077970,KR7077970002,STX엔진,KOSPI,,22050,1,100,0.46,22050,22650,21850,111009,2462364250,881249982850,40148063,STK,ME006
006110,KR7006110001,삼아알미늄,KOSPI,,58100,1,4200,7.79,53800,60500,53600,204984,11999415800,877160390000,15123455,STK,ME006
079160,KR7079160008,CJ CGV,KOSPI,,5200,1,20,0.39,5180,5240,5100,308174,1596964380,865998028310,165582797,STK,ME006
003470,KR7003470002,유안타증권,KOSPI,,4400,2,-10,-0.23,4425,4440,4350,166645,731981095,847792448800,192680102,STK,ME006
004490,KR7004490009,세방전지,KOSPI,,59300,3,0,0.0,59300,60600,58500,25944,1548198600,823284000000,13860000,STK,ME006
000670,KR7000670000,영풍,KOSPI,,42600,2,-700,-1.62,43200,43500,41500,61062,2611842450,790738834850,18410683,STK,ME006
036530,KR7036530004,SNT홀딩스,KOSPI,,48000,1,2500,5.49,45600,49550,45250,39314,1885055575,789923276700,16303886,STK,ME006
499790,KR7499790004,GS피앤엘,KOSPI,,39200,1,2500,6.81,37050,40350,37050,80394,3181337500,781335135400,19830841,STK,ME006
005180,KR7005180005,빙그레,KOSPI,,87700,1,3400,4.03,84300,89100,84300,50724,4444438150,779846848200,8841801,STK,ME006
100840,KR7100840008,SNT에너지,KOSPI,,36950,1,250,0.68,36500,37900,36100,112304,4174971425,768291088450,20680783,STK,ME006
298050,KR7298050006,HS효성첨단소재,KOSPI,,165300,1,5800,3.64,159600,167000,159400,8910,1468894050,746807331600,4479948,STK,ME006
137310,KR7137310009,에스디바이오센서,KOSPI,,6120,1,50,0.82,6100,6210,6070,116772,717848950,737777013220,120749102,STK,ME006
005690,KR7005690003,파미셀,KOSPI,,12200,2,-340,-2.71,12700,12750,12230,790302,9865522780,735649211640,60004014,STK,ME006
100090,KR7100090000,SK오션플랜트,KOSPI,,11690,1,330,2.9,11360,11830,11360,429762,5032410900,731618890590,62478129,STK,ME006
214320,KR7214320004,이노션,KOSPI,,18200,1,150,0.83,18050,18300,17910,46281,841215930,729200000000,40000000,STK,ME006
064960,KR7064960008,SNT모티브,KOSPI,,27400,1,1900,7.45,25650,28450,25600,262925,7235283625,727203452800,26540272,STK,ME006
094800,KR7094800000,맵스리얼티,KOSPI,,7700,1,10,0.13,7850,7850,7540,69615,532212310,716681035320,92834331,STK,ME006
456040,KR7456040005,OCI,KOSPI,,79500,1,2600,3.38,78000,82000,77700,50173,4041128950,713513851500,8952495,STK,ME006
003850,KR7003850005,보령,KOSPI,,8280,3,0,0.0,8300,8380,8230,46999,389508960,709460201890,85787207,STK,ME006
005090,KR7005090006,SGC에너지,KOSPI,,47750,2,-1150,-2.35,48900,49950,47450,76508,3706019425,694529850600,14409333,STK,ME006
090460,KR7090460007,비에이치,KOSPI,,20100,2,-150,-0.74,20200,21150,19960,586241,12055795645,686029798300,33711538,STK,ME006
002960,KR7002960003,한국쉘석유,KOSPI,,525000,1,15000,2.94,509000,530000,509000,2402,1254311000,685100000000,1300000,STK,ME006
005880,KR7005880000,대한해운,KOSPI,,2065,1,79,3.98,1987,2075,1987,1377130,2826924474,669700730500,322747340,STK,ME006
069260,KR7069260008,TKG휴켐스,KOSPI,,16400,1,200,1.23,16200,16430,16170,183792,3125859680,669591271440,40878588,STK,ME006
268280,KR7268280005,미원에스씨,KOSPI,,131400,2,-2200,-1.65,133500,133500,130400,1078,142314500,660500000000,5000000,STK,ME006
093050,KR7093050003,LF,KOSPI,,22050,1,400,1.85,21900,22050,21500,6535,142890300,640356000000,29240000,STK,ME006
000400,KR7000400002,롯데손해보험,KOSPI,,2050,1,35,1.74,2020,2055,1990,214602,436714120,636189456000,310336320,STK,ME006
001680,KR7001680008,대상,KOSPI,,18340,1,530,2.98,17820,18410,17630,80168,1462559425,636137739000,34648025,STK,ME006
000640,KR7000640003,동아쏘시오홀딩스,KOSPI,,93700,1,1100,1.19,93500,94100,92200,6115,569197900,632857538000,6732527,STK,ME006
017940,KR7017940008,E1,KOSPI,,92300,1,600,0.65,91200,93800,90300,6767,626396850,632492000000,6860000,STK,ME006
383800,KR7383800000,LX홀딩스,KOSPI,,8190,1,60,0.74,8090,8240,8070,175585,1435594020,627027271800,76280690,STK,ME006
001060,KR7001060003,JW중외제약,KOSPI,,26750,2,-100,-0.37,26750,27050,26500,20877,558236375,624062924000,23285930,STK,ME006
248070,KR7248070005,솔루엠,KOSPI,,13020,1,20,0.15,12920,13300,12810,83765,1093886605,624001879800,47816236,STK,ME006
002840,KR7002840007,미원상사,KOSPI,,138600,1,2000,1.46,136800,138600,135200,2587,355526300,623700000000,4500000,STK,ME006
317450,KR7317450005,명인제약,KOSPI,,42550,1,550,1.31,42150,42600,41900,4933,208932850,619040000000,14600000,STK,ME006
014820,KR7014820005,동원시스템즈,KOSPI,,21200,1,400,1.92,20650,21350,20600,20774,437857250,618963870700,28991282,STK,ME006
453340,KR7453340002,현대그린푸드,KOSPI,,19220,2,-120,-0.62,19300,19350,18920,35126,673625030,618908448220,32471587,STK,ME006
006650,KR7006650006,대한유화,KOSPI,,91600,1,800,0.88,90800,93000,89400,26821,2468577750,599950000000,6500000,STK,ME006
079900,KR7079900007,전진건설로봇,KOSPI,,40550,2,-1750,-4.14,40950,41500,40550,50303,2058697075,594646208750,14592545,STK,ME006
108320,KR7108320003,LX세미콘,KOSPI,,36350,2,-200,-0.55,36450,36900,35850,42817,1556306025,591207305000,16264300,STK,ME006
025540,KR7025540006,한국단자,KOSPI,,56700,1,700,1.25,55800,57300,55700,9154,519573400,578578000000,10115000,STK,ME006
033240,KR7033240003,자화전자,KOSPI,,26300,1,500,1.94,26000,26900,25400,64882,1710547400,569304977700,21605502,STK,ME006
016380,KR7016380008,KG스틸,KOSPI,,5640,1,90,1.62,5550,5690,5510,225541,1270478930,568050534960,100008897,STK,ME006
075580,KR7075580001,세진중공업,KOSPI,,10000,1,40,0.4,10060,10130,9910,46037,460833420,567926065440,56849456,STK,ME006
004710,KR7004710000,한솔테크닉스,KOSPI,,10650,1,750,7.58,10460,11500,10440,2570809,28416048720,567035196730,53043517,STK,ME006
002350,KR7002350007,넥센타이어,KOSPI,,5750,1,160,2.86,5640,5800,5570,131584,753187730,563543650290,97667877,STK,ME006
00104K,KR700104K010,CJ4우(전환),KOSPI,,130700,1,2400,1.87,128200,132300,126100,6898,899650700,559167537600,4226512,STK,ME006
178920,KR7178920005,PI첨단소재,KOSPI,,18790,1,590,3.24,18310,19380,18200,57473,1090195025,557666454780,29366322,STK,ME006
017900,KR7017900002,광전자,KOSPI,,9600,2,-280,-2.83,9880,10190,9580,1217248,11961028185,556260124800,57943763,STK,ME006
336370,KR7336370002,솔루스첨단소재,KOSPI,,7810,1,190,2.49,7650,8180,7640,197434,1572637225,549762293340,70212298,STK,ME006
114090,KR7114090004,GKL,KOSPI,,8910,1,50,0.56,8870,8920,8850,48596,431855615,548041236200,61855670,STK,ME006
284740,KR7284740008,쿠쿠홈시스,KOSPI,,24200,1,200,0.83,23750,24450,23750,11960,290337500,545227119000,22437330,STK,ME006
001530,KR7001530005,DI동일,KOSPI,,26300,1,1200,4.78,25200,26800,24800,43775,1154665125,544820832300,20715621,STK,ME006
003300,KR7003300001,한일홀딩스,KOSPI,,17500,2,-10,-0.06,17850,17850,17310,8711,153211300,543558357720,30831444,STK,ME006
005810,KR7005810007,풍산홀딩스,KOSPI,,37100,1,350,0.95,36700,37450,36350,11183,413991125,534160668600,14417292,STK,ME006
001510,KR7001510007,SK증권,KOSPI,,2310,2,-10,-0.43,2315,2340,2275,1369734,3161202877,533135170925,231295085,STK,ME006
452260,KR7452260003,한화갤러리아,KOSPI,,2730,2,-35,-1.27,2775,2815,2710,904866,2485981701,533113927500,193859610,STK,ME006
007700,KR7007700008,F&F홀딩스,KOSPI,,13450,1,170,1.28,13240,13490,13200,2868,38441410,526088236150,39114367,STK,ME006
001270,KR7001270008,부국증권,KOSPI,,50600,2,-1200,-2.32,51000,51500,50600,1427,72769200,524716231600,10369886,STK,ME006
192650,KR7192650000,드림텍,KOSPI,,7970,2,-480,-5.68,8450,8450,7900,1004077,8147397360,522482553970,65886829,STK,ME006
009410,KR7009410002,태영건설,KOSPI,,1632,1,14,0.87,1625,1650,1600,122191,199319017,521347519584,319453137,STK,ME006
058650,KR7058650003,세아홀딩스,KOSPI,,126000,2,-1400,-1.1,126500,130100,126000,1592,202861800,517042590000,4055236,STK,ME006
0220W0,KR70220W0000,한화머시너리앤서비스홀딩스,KOSPI,,6090,2,-310,-4.84,6390,6400,6090,2087978,12976835790,515544763500,84515535,STK,ME006
003620,KR7003620002,KG모빌리티,KOSPI,,2530,1,60,2.43,2475,2550,2465,362934,914087349,513020401920,202374912,STK,ME006
484870,KR7484870001,엠앤씨솔루션,KOSPI,,18160,1,560,3.18,17800,18420,17500,126910,2301670990,494859834000,27461700,STK,ME006
161000,KR7161000005,애경케미칼,KOSPI,,10150,1,280,2.84,9980,10310,9940,123816,1257544780,494757370530,48648709,STK,ME006
001500,KR7001500008,현대차증권,KOSPI,,7860,1,20,0.26,7880,7930,7790,55850,438448310,487244386720,61833044,STK,ME006
019170,KR7019170000,신풍제약,KOSPI,,9220,2,-30,-0.32,9230,9400,9200,113591,1055302435,485919698940,52418522,STK,ME006
029460,KR7029460003,케이씨,KOSPI,,43550,1,200,0.46,43950,43950,43100,28408,1237447925,482699433000,11020535,STK,ME006
002990,KR7002990000,금호건설,KOSPI,,12980,2,-30,-0.23,13100,13120,12850,1092351,14171450305,481398864080,37259974,STK,ME006
004690,KR7004690004,삼천리,KOSPI,,130200,2,-700,-0.53,130100,132000,128700,3980,520778400,476558497800,3626777,STK,ME006
377740,KR7377740006,바이오노트,KOSPI,,4665,1,20,0.43,4650,4665,4560,21372,99163240,474788983680,101886048,STK,ME006
145990,KR7145990008,삼양사,KOSPI,,45200,2,-400,-0.88,45300,46250,45000,5315,243524750,474418654000,10313449,STK,ME006
008060,KR7008060006,대덕,KOSPI,,15080,1,290,1.96,14780,15300,14760,78958,1191358275,472435179800,31287098,STK,ME006
460860,KR7460860000,동국제강,KOSPI,,9430,1,40,0.43,9450,9610,9250,54984,521644955,471276161500,49608017,STK,ME006
039130,KR7039130000,하나투어,KOSPI,,30350,2,-50,-0.16,30500,30700,30150,21767,660762525,469344939600,15489932,STK,ME006
000070,KR7000070003,삼양홀딩스,KOSPI,,58300,3,0,0.0,58400,58500,57600,7268,420983850,452594035300,7763191,STK,ME006
005250,KR7005250006,녹십자홀딩스,KOSPI,,9580,1,140,1.48,9490,9650,9420,40463,387630220,450530251800,47028210,STK,ME006
002240,KR7002240000,고려제강,KOSPI,,16740,1,180,1.09,16670,16790,16540,11790,196933955,450360000000,27000000,STK,ME006
003030,KR7003030004,세아제강지주,KOSPI,,106400,1,5400,5.35,101100,108200,100700,22828,2425037900,445228127500,4141657,STK,ME006
249420,KR7249420001,일동제약,KOSPI,,14010,1,170,1.23,14100,14320,13900,147607,2091592795,444833823120,31638252,STK,ME006
010780,KR7010780005,아이에스동서,KOSPI,,14960,3,0,0.0,15050,15170,14870,67721,1015869225,444681033280,29724668,STK,ME006
034310,KR7034310003,NICE,KOSPI,,12060,1,310,2.64,11930,12180,11800,16280,195297060,443291313420,36757157,STK,ME006
004700,KR7004700001,조광피혁,KOSPI,,66300,1,1100,1.69,65400,66900,65400,670,44248000,440837849400,6649138,STK,ME006
003280,KR7003280005,흥아해운,KOSPI,,1853,1,76,4.28,1788,1835,1787,3294176,6010320424,439977565170,240424899,STK,ME006
009900,KR7009900002,명신산업,KOSPI,,8320,1,150,1.84,8060,8410,8060,140712,1169121870,438125610550,52470133,STK,ME006
016610,KR7016610008,DB증권,KOSPI,,10300,1,10,0.1,10390,10390,10130,25232,258582560,437197806700,42446389,STK,ME006
020000,KR7020000006,한섬,KOSPI,,20350,1,610,3.09,19830,20400,19550,138648,2796033915,437056827900,21476994,STK,ME006
002030,KR7002030005,아세아,KOSPI,,206500,2,-7000,-3.28,212500,212500,203000,2589,532774000,425152938000,2058852,STK,ME006
306200,KR7306200007,세아제강,KOSPI,,146500,1,8300,6.01,139300,147500,137600,9527,1385289050,418354250000,2836300,STK,ME006
072710,KR7072710007,농심홀딩스,KOSPI,,89800,2,-200,-0.22,90600,90700,89200,1583,142137900,417864879000,4637790,STK,ME006
014830,KR7014830004,유니드,KOSPI,,61300,1,1200,2.0,60700,61900,60100,8778,539042550,414853880000,6767600,STK,ME006
092230,KR7092230002,KPX홀딩스,KOSPI,,97000,1,1700,1.78,95200,97400,91100,1987,191502200,409368197400,4224646,STK,ME006
403550,KR7403550007,쏘카,KOSPI,,10940,1,340,3.21,10710,10850,10570,3268,35090990,404819181140,37939942,STK,ME006
130660,KR7130660004,한전산업,KOSPI,,12320,1,30,0.24,12310,12670,12200,125964,1567936455,404566000000,32600000,STK,ME006
005420,KR7005420005,코스모화학,KOSPI,,10380,1,100,0.97,10270,10780,10180,126058,1323729885,402134147160,38408228,STK,ME006
271940,KR7271940009,일진하이솔루스,KOSPI,,10960,2,-40,-0.36,11120,11140,10990,18742,207199530,401623881400,36313190,STK,ME006
001200,KR7001200005,유진투자증권,KOSPI,,4130,2,-5,-0.12,4150,4150,4075,203897,839462323,400542638430,96866418,STK,ME006
002810,KR7002810000,삼영무역,KOSPI,,21500,1,550,2.63,21200,21650,21000,15855,337663125,396116034600,18466948,STK,ME006
003000,KR7003000007,부광약품,KOSPI,,4020,1,90,2.29,3970,4065,3925,200420,807170330,395645330710,98664671,STK,ME006
016590,KR7016590002,신대양제지,KOSPI,,9600,2,-60,-0.62,9900,9900,9600,6364,61494230,392903745000,40297820,STK,ME006
015360,KR7015360001,INVENI,KOSPI,,14680,1,110,0.75,14800,14800,14500,10253,150350510,386137500000,26250000,STK,ME006
029530,KR7029530003,신도리코,KOSPI,,39550,1,250,0.64,39250,39750,39000,6950,272131800,384257081950,9715729,STK,ME006
344820,KR7344820006,KCC글라스,KOSPI,,23900,1,200,0.84,23800,24150,23250,5315,127101200,384090813600,15970512,STK,ME006
001940,KR7001940006,KISCO홀딩스,KOSPI,,26750,1,350,1.33,26400,26900,26050,4500,118451850,379218165000,14176380,STK,ME006
317400,KR7317400000,자이에스앤디,KOSPI,,9640,2,-140,-1.43,9890,10330,9630,593424,5872620685,377353919600,38782520,STK,ME006
183190,KR7183190008,아세아시멘트,KOSPI,,10500,1,80,0.77,10660,10660,10360,33647,353620835,377052290560,35978272,STK,ME006
194370,KR7194370003,제이에스코퍼레이션,KOSPI,,12720,1,10,0.08,12700,12840,12600,9778,124790540,371994837560,29016758,STK,ME006
031430,KR7031430002,신세계인터내셔날,KOSPI,,10510,1,170,1.64,10350,10680,10350,50933,538707285,369452160000,34986000,STK,ME006
126560,KR7126560002,현대퓨처넷,KOSPI,,3365,1,30,0.9,3360,3370,3330,48555,162354743,366915494400,109201040,STK,ME006
006220,KR7006220008,제주은행,KOSPI,,9710,1,140,1.46,9570,9820,9570,90760,881252790,366646002900,37798557,STK,ME006
008730,KR7008730004,율촌화학,KOSPI,,14660,2,-210,-1.41,14830,15180,14610,62690,932861430,364560000000,24800000,STK,ME006
950210,KR8702070002,프레스티지바이오파마,KOSPI,,6140,1,170,2.85,5990,6190,5990,22072,134044570,364182699300,60096155,STK,ME006
089590,KR7089590004,제주항공,KOSPI,,4515,3,0,0.0,4515,4600,4410,138071,621919381,363690842350,80640985,STK,ME006
027410,KR7027410000,BGF,KOSPI,,3730,1,20,0.54,3720,3745,3680,52831,197005113,358459382295,95716791,STK,ME006
011930,KR7011930005,신성이엔지,KOSPI,,17700,1,700,4.12,17000,18500,16800,370517,6620082535,358201050480,20306182,STK,ME006
092790,KR7092790005,넥스틸,KOSPI,,13700,1,300,2.24,13110,13840,13030,305828,4140605555,356747440000,26002000,STK,ME006
007690,KR7007690001,국도화학,KOSPI,,38100,1,1300,3.53,36800,38450,36800,17986,683698550,354689865600,9260832,STK,ME006
0120G0,KR70120G0001,삼양바이오팜,KOSPI,,47600,1,1100,2.37,48050,49450,47300,35770,1727836350,352088444500,7435870,STK,ME006
060980,KR7060980000,HL홀딩스,KOSPI,,39050,1,50,0.13,39000,39400,38300,7665,298483050,351984437100,8956347,STK,ME006
012030,KR7012030003,DB,KOSPI,,1750,1,58,3.43,1715,1772,1682,888902,1547754616,351450860951,201173933,STK,ME006
003350,KR7003350006,한국화장품제조,KOSPI,,15360,2,-490,-3.09,15850,16240,15320,517861,8093802435,350776800000,22660000,STK,ME006
015860,KR7015860000,일진홀딩스,KOSPI,,7050,1,60,0.86,7030,7180,6950,76874,541527080,349873654470,49347483,STK,ME006
104700,KR7104700000,한국철강,KOSPI,,9480,1,30,0.32,9400,9580,9330,13571,128223040,349191000000,36450000,STK,ME006
105630,KR7105630008,한세실업,KOSPI,,8580,1,30,0.35,8570,8630,8530,41943,359367500,342000000000,40000000,STK,ME006
170900,KR7170900005,동아에스티,KOSPI,,34850,1,400,1.16,34450,35000,34200,3548,123231200,339503046900,9727881,STK,ME006
011760,KR7011760006,현대코퍼레이션,KOSPI,,25350,1,250,1.0,25050,25500,25050,12998,329308000,336677184700,13228966,STK,ME006
017810,KR7017810003,풀무원,KOSPI,,8770,1,50,0.57,8910,8910,8710,14609,128532540,335841975020,38120542,STK,ME006
005610,KR7005610001,삼립,KOSPI,,39350,1,600,1.55,38900,39450,38550,1459,56674400,335668450100,8629009,STK,ME006
217590,KR7217590009,티엠씨,KOSPI,,13850,2,-480,-3.35,14310,14540,13800,543854,7653971205,334186900750,24094225,STK,ME006
001230,KR7001230002,동국홀딩스,KOSPI,,2120,1,10,0.47,2130,2195,2075,529125,1127645173,332008971525,155507715,STK,ME006
002310,KR7002310001,아세아제지,KOSPI,,8290,2,-110,-1.31,8360,8390,8160,61173,502386175,328219923200,39449510,STK,ME006
009290,KR7009290008,광동제약,KOSPI,,6530,1,140,2.19,6400,6550,6330,151806,984061570,326188742400,49799808,STK,ME006
097520,KR7097520001,엠씨넥스,KOSPI,,18600,1,260,1.42,18490,18950,18000,37253,694232570,325060020000,17401500,STK,ME006
096760,KR7096760004,JW홀딩스,KOSPI,,4370,1,45,1.04,4330,4380,4280,50152,217944252,321943122410,73924942,STK,ME006
145720,KR7145720009,덴티움,KOSPI,,37150,1,550,1.5,36450,37300,36350,9107,336680100,320808745200,8623891,STK,ME006
024720,KR7024720005,콜마홀딩스,KOSPI,,9350,1,110,1.19,9300,9410,9120,15176,141528575,320670021650,34296259,STK,ME006
381970,KR7381970003,KG모빌리티플랫폼,KOSPI,,6510,1,190,3.01,6330,6620,6320,96460,632670510,315382678080,48820848,STK,ME006
272450,KR7272450008,진에어,KOSPI,,5990,2,-50,-0.83,6070,6160,5880,64240,384157035,312678000000,52200000,STK,ME006
002020,KR7002020006,코오롱,KOSPI,,24150,1,250,1.05,24000,24550,23800,20087,486822150,312365856000,12907680,STK,ME006
020120,KR7020120002,키다리스튜디오,KOSPI,,8390,1,440,5.53,7620,8750,7600,345058,2882717620,310964996740,37063766,STK,ME006
009160,KR7009160003,SIMPAC,KOSPI,,4800,1,60,1.27,4745,4815,4720,58338,278485865,310838952840,65370968,STK,ME006
026890,KR7026890004,스틱인베스트먼트,KOSPI,,8030,1,150,1.9,7880,8060,7740,29518,234199260,309003570890,38770837,STK,ME006
126720,KR7126720002,수산인더스트리,KOSPI,,21600,1,250,1.17,21500,21650,21250,10327,221888600,307863300000,14286000,STK,ME006
002710,KR7002710002,TCC스틸,KOSPI,,11540,1,350,3.13,11260,11760,11150,106763,1239153770,305651707020,26213697,STK,ME006
025860,KR7025860008,남해화학,KOSPI,,6150,1,80,1.32,6080,6180,6010,135749,832584160,305524884450,49678843,STK,ME006
123890,KR7123890006,한국자산신탁,KOSPI,,2465,1,40,1.65,2425,2480,2420,175107,430912540,303487336480,122373926,STK,ME006
010820,KR7010820009,퍼스텍,KOSPI,,6160,2,-140,-2.22,6310,6410,6200,238428,1494697025,302873734980,48771938,STK,ME006
108670,KR7108670001,LX하우시스,KOSPI,,33450,1,1100,3.4,32900,33850,32350,13918,464439300,299071794500,8967670,STK,ME006
018250,KR7018250001,애경산업,KOSPI,,11220,1,150,1.36,11010,11250,11010,14610,163152850,296583570050,26409935,STK,ME006
010580,KR7010580009,에스엠벡셀,KOSPI,,2650,2,-115,-4.16,2700,2895,2590,2260249,6155318611,295929681600,111251760,STK,ME006
200880,KR7200880003,서연이화,KOSPI,,10970,1,170,1.57,10910,10990,10810,22447,245707960,295691100780,27028437,STK,ME006
000430,KR7000430009,대원강업,KOSPI,,4760,2,-90,-1.86,4900,4930,4705,102222,490389350,295430000000,62000000,STK,ME006
244920,KR7244920005,에이플러스에셋,KOSPI,,13010,1,410,3.25,12640,13030,12350,15109,193958655,291413162770,22607693,STK,ME006
001750,KR7001750009,한양증권,KOSPI,,19300,1,90,0.47,19300,19300,19000,15670,299176800,290404320920,15109486,STK,ME006
003120,KR7003120003,일성아이에스,KOSPI,,21700,2,-250,-1.14,22200,22200,21500,3925,85309650,288610000000,13300000,STK,ME006
005720,KR7005720008,넥센,KOSPI,,5490,1,90,1.67,5390,5500,5370,16968,91764320,288466433730,52543977,STK,ME006
034830,KR7034830000,한국토지신탁,KOSPI,,1136,1,3,0.26,1135,1141,1122,287864,325331037,287332743740,252489230,STK,ME006
005950,KR7005950001,이수화학,KOSPI,,10900,1,320,3.02,10680,11020,10550,240754,2622933360,287132325480,26294169,STK,ME006
001390,KR7001390004,KG케미칼,KOSPI,,4295,1,80,1.9,4210,4310,4160,80185,342380590,283543525720,66403636,STK,ME006
084690,KR7084690007,대상홀딩스,KOSPI,,7820,1,70,0.9,7750,7870,7710,19579,152605460,282819921780,36212538,STK,ME006
004310,KR7004310009,현대약품,KOSPI,,8800,2,-60,-0.68,9030,9290,8770,2809991,25332925685,282560000000,32000000,STK,ME006
016800,KR7016800005,퍼시스,KOSPI,,24550,1,200,0.82,24500,24600,23650,1041,24842200,282325000000,11500000,STK,ME006
044450,KR7044450005,KSS해운,KOSPI,,12250,1,390,3.29,11900,12650,11610,412191,5074664065,280638635750,22577525,STK,ME006
033270,KR7033270000,유나이티드제약,KOSPI,,17640,1,10,0.06,17750,17760,17570,22102,389726440,280506963250,15910775,STK,ME006
122900,KR7122900004,아이마켓코리아,KOSPI,,8370,2,-20,-0.24,8390,8420,8300,79890,667573670,278462237200,33428840,STK,ME006
084010,KR7084010008,대한제강,KOSPI,,7990,1,110,1.4,7810,8100,7760,11222,89205140,278409927600,34371596,STK,ME006
058430,KR7058430000,포스코스틸리온,KOSPI,,4595,1,85,1.88,4560,4685,4530,115584,534128336,277500000000,60000000,STK,ME006
005430,KR7005430004,한국공항,KOSPI,,87300,1,2800,3.31,84800,89100,84200,7867,689437250,276739427000,3166355,STK,ME006
002900,KR7002900009,TYM,KOSPI,,6690,1,80,1.21,6580,6740,6540,135448,903439385,276552000000,41400000,STK,ME006
004430,KR7004430005,송원산업,KOSPI,,11500,1,220,1.95,11280,11570,11260,64026,734467780,276240000000,24000000,STK,ME006
105840,KR7105840003,우진,KOSPI,,13580,2,-190,-1.38,13760,14130,13560,246011,3397701780,274082381900,20197670,STK,ME006
091810,KR7091810002,트리니티항공,KOSPI,,2640,1,55,2.13,2635,2690,2550,60635,160903265,271091671605,102106091,STK,ME006
017390,KR7017390006,서울가스,KOSPI,,54400,2,-100,-0.18,54500,54800,54000,4852,263604600,269775000000,4950000,STK,ME006
078520,KR7078520004,에이블씨엔씨,KOSPI,,10720,1,190,1.8,10660,10930,10510,30972,333946940,268356829500,24963426,STK,ME006
037710,KR7037710001,광주신세계,KOSPI,,34750,1,100,0.29,34650,35150,34650,16130,563861225,265425585600,7627172,STK,ME006
286940,KR7286940002,롯데이노베이트,KOSPI,,17320,1,90,0.52,17300,17370,17150,9547,164781390,262494517450,15129367,STK,ME006
010690,KR7010690006,화신,KOSPI,,7470,1,130,1.77,7360,7530,7340,98584,735720510,260157054500,34920410,STK,ME006
005680,KR7005680004,삼영전자,KOSPI,,12780,1,60,0.47,12720,12920,12650,14195,181471775,255400000000,20000000,STK,ME006
004360,KR7004360004,세방,KOSPI,,13400,1,10,0.07,13300,13390,13260,12628,168471690,255193300050,19115603,STK,ME006
003200,KR7003200003,일신방직,KOSPI,,11120,1,20,0.18,10950,11190,10860,57695,637574115,255085600000,22960000,STK,ME006
005500,KR7005500004,삼진제약,KOSPI,,18680,1,230,1.25,18390,18810,18390,19404,362463890,248950800000,13320000,STK,ME006
003960,KR7003960002,사조대림,KOSPI,,26950,1,350,1.32,26700,27150,26650,2674,72010900,246982385650,9164467,STK,ME006
298690,KR7298690009,에어부산,KOSPI,,1515,2,-11,-0.72,1527,1530,1514,31808,48426749,246816031080,162914872,STK,ME006
136490,KR7136490000,선진,KOSPI,,10270,2,-120,-1.15,10300,10430,10230,28877,297778055,245881105360,23779604,STK,ME006
001790,KR7001790005,대한제당,KOSPI,,2840,1,35,1.25,2825,2865,2790,145546,412740255,245789457750,86241915,STK,ME006
007160,KR7007160005,사조산업,KOSPI,,48800,3,0,0.0,49500,49500,48650,428,20919500,244750000000,5000000,STK,ME006
044820,KR7044820009,코스맥스비티아이,KOSPI,,25400,2,-750,-2.87,26000,26000,25000,16615,422087450,243459397350,9603921,STK,ME006
030210,KR7030210009,다올투자증권,KOSPI,,3960,1,55,1.41,3905,3980,3830,93521,370235685,241512535290,60911106,STK,ME006
025000,KR7025000001,KPX케미칼,KOSPI,,57400,1,400,0.7,56900,57800,56500,5583,320521300,239266609500,4146735,STK,ME006
003920,KR7003920006,남양유업,KOSPI,,42200,1,100,0.24,42200,42700,41750,3804,160222300,238852118700,5673447,STK,ME006
053690,KR7053690004,한미글로벌,KOSPI,,21650,1,250,1.17,21500,22200,21050,66121,1438177200,237778835000,10957550,STK,ME006
008490,KR7008490005,서흥,KOSPI,,20250,1,420,2.12,20050,20500,19850,18272,367894220,236009905200,11569113,STK,ME006
000680,KR7000680009,LS네트웍스,KOSPI,,2970,1,60,2.06,2955,3000,2910,43436,129235705,234044957520,78803016,STK,ME006
003070,KR7003070000,코오롱글로벌,KOSPI,,9200,1,30,0.33,9230,9280,9090,6042,55591430,233900422800,25423959,STK,ME006
900140,KYG5307W1015,엘브이엠씨홀딩스,KOSPI,,1210,1,110,10.0,1110,1327,1100,2707589,3367025620,233434441856,193240432,STK,ME006
226320,KR7226320000,잇츠한불,KOSPI,,10590,1,90,0.86,10600,10610,10470,11105,116962170,231573566400,21929315,STK,ME006
002320,KR7002320000,한진,KOSPI,,14680,1,560,3.97,14290,14910,14130,76227,1111382860,229675516800,15518616,STK,ME006
001340,KR7001340009,PKC,KOSPI,,5050,2,-70,-1.37,5100,5270,5040,129428,663709420,226941568560,45028089,STK,ME006
000540,KR7000540005,흥국화재,KOSPI,,3510,1,80,2.33,3460,3505,3400,25951,89482335,224849257500,64242645,STK,ME006
017860,KR7017860008,DS단석,KOSPI,,12670,1,460,3.77,12290,12970,12200,139428,1773114820,223141933760,17653634,STK,ME006
005010,KR7005010004,휴스틸,KOSPI,,3970,1,140,3.66,3870,3980,3820,162532,639377756,222504777000,56188075,STK,ME006
000490,KR7000490003,대동,KOSPI,,7710,1,170,2.25,7510,7790,7460,73397,563672900,221678591850,28826865,STK,ME006
001460,KR7001460005,BYC,KOSPI,,35450,1,500,1.43,34550,35800,34550,2290,80693250,221426017500,6246150,STK,ME006
035510,KR7035510007,신세계 I&C,KOSPI,,15670,1,120,0.77,15680,16110,15660,128939,2044771050,221177838000,13980900,STK,ME006
134380,KR7134380005,미원화학,KOSPI,,10040,1,10,0.1,10210,10210,10040,1609,16217780,220806507200,21992680,STK,ME006
009680,KR7009680000,모토닉,KOSPI,,10140,2,-70,-0.69,10120,10220,10060,14063,142630830,220373573160,21733094,STK,ME006
028100,KR7028100006,동아지질,KOSPI,,19640,2,-60,-0.3,19700,19720,19110,17815,348346010,219953493200,11222117,STK,ME006
001250,KR7001250000,GS글로벌,KOSPI,,2645,1,110,4.34,2530,2685,2525,419049,1101298686,219127143420,82533764,STK,ME006
000050,KR7000050005,경방,KOSPI,,7980,2,-10,-0.13,7990,8000,7920,17562,139569320,219048007300,27415270,STK,ME006
034120,KR7034120006,SBS,KOSPI,,11750,2,-30,-0.25,11800,11800,11650,4843,56638875,217977046500,18551238,STK,ME006
003720,KR7003720000,삼영,KOSPI,,6360,2,-80,-1.24,6460,6640,6380,141609,918432490,217940000000,34000000,STK,ME006
003650,KR7003650009,미창석유,KOSPI,,125200,2,-100,-0.08,125300,129700,122100,3616,453181250,217632967200,1739672,STK,ME006
033920,KR7033920000,무학,KOSPI,,7520,1,80,1.08,7510,7610,7440,22490,168622030,216885000000,28500000,STK,ME006
475560,KR7475560009,더본코리아,KOSPI,,14540,2,-20,-0.14,14580,14770,14570,15184,222740830,216636641700,14827970,STK,ME006
092200,KR7092200005,디아이씨,KOSPI,,5550,2,-10,-0.18,5570,5740,5490,153334,863190705,216220443640,38888569,STK,ME006
077500,KR7077500007,유니퀘스트,KOSPI,,9660,1,470,5.11,9100,10410,8970,996013,9757502960,211032996540,21600102,STK,ME006
011500,KR7011500006,한농화성,KOSPI,,13390,1,320,2.45,13110,13770,13070,53644,725869860,209379992380,15637042,STK,ME006
000320,KR7000320002,노루홀딩스,KOSPI,,15850,1,20,0.13,15710,15800,15610,3757,59062850,208538159190,13291151,STK,ME006
004980,KR7004980009,성신양회,KOSPI,,8250,1,110,1.35,8150,8400,8070,51276,426750155,204709209550,24516073,STK,ME006
035150,KR7035150002,백산,KOSPI,,10310,2,-60,-0.58,10330,10500,10320,6514,67568375,204630667650,19771079,STK,ME006
000650,KR7000650002,천일고속,KOSPI,,142600,1,600,0.42,142000,146800,140600,917,132813800,203806772000,1429220,STK,ME006
013580,KR7013580006,계룡건설,KOSPI,,22500,1,50,0.22,22400,22800,22000,23488,528774825,202285043550,8930907,STK,ME006
000480,KR7000480004,CR홀딩스,KOSPI,,4300,1,20,0.47,4305,4305,4265,7741,33211640,201629107000,46890490,STK,ME006
037270,KR7037270006,YG PLUS,KOSPI,,3120,1,40,1.3,3095,3145,3065,75008,234031286,199902165400,63663110,STK,ME006
025560,KR7025560004,미래산업,KOSPI,,7080,1,560,8.59,6560,7650,6340,1797865,12757856985,199450908040,27778678,STK,ME006
298000,KR7298000001,효성화학,KOSPI,,52700,1,1100,2.13,51500,53300,50500,15782,828123750,199449258600,3791811,STK,ME006
100250,KR7100250000,진양홀딩스,KOSPI,,3100,1,35,1.14,3065,3115,3050,11257,34671970,198090000000,63900000,STK,ME006
117580,KR7117580001,대성에너지,KOSPI,,7200,1,160,2.27,7010,7170,7010,75508,538307840,196350000000,27500000,STK,ME006
095570,KR7095570008,AJ네트웍스,KOSPI,,4300,1,15,0.35,4290,4380,4230,131585,568986832,195265655085,45252759,STK,ME006
000390,KR7000390005,SP삼화,KOSPI,,7090,1,50,0.71,7030,7250,6980,84526,604887440,194232768660,27203469,STK,ME006
005960,KR7005960000,동부건설,KOSPI,,8420,1,120,1.45,8460,8460,8240,23530,197031420,193440369090,22946663,STK,ME006
039570,KR7039570007,HDC랩스,KOSPI,,7540,1,30,0.4,7450,7500,7410,13420,99847880,193124551440,25957601,STK,ME006
002420,KR7002420008,우양피앤엘,KOSPI,,6150,2,-30,-0.49,6100,6220,5970,5664,34596920,191682486600,31167884,STK,ME006
339770,KR7339770000,교촌에프앤비,KOSPI,,3835,1,25,0.66,3840,3840,3785,14831,56474288,191116431000,49965080,STK,ME006
053210,KR7053210001,스카이라이프,KOSPI,,4000,1,10,0.25,3990,4015,3965,29830,118953145,190804664325,47522955,STK,ME006
016580,KR7016580003,환인제약,KOSPI,,10100,1,40,0.4,10070,10190,10030,15057,152713690,189162711900,18600070,STK,ME006
003520,KR7003520004,영진약품,KOSPI,,1037,1,15,1.47,1042,1065,1022,346356,362612530,188928191123,182892731,STK,ME006
487570,KR7487570004,HS효성,KOSPI,,49400,2,-50,-0.1,49650,51000,48100,4023,202657050,188159313500,3725927,STK,ME006
001630,KR7001630003,종근당홀딩스,KOSPI,,37650,1,200,0.53,37450,37650,37400,1198,44946850,188120280550,5009861,STK,ME006
102460,KR7102460003,이연제약,KOSPI,,10080,3,0,0.0,9950,10170,9950,22699,227882990,187355054880,18586811,STK,ME006
004560,KR7004560009,현대비앤지스틸,KOSPI,,12460,1,40,0.32,12500,12700,12300,22092,275470655,186675680180,15078811,STK,ME006
001130,KR7001130004,대한제분,KOSPI,,10990,3,0,0.0,11090,11100,10820,13963,152469245,185731000000,16900000,STK,ME006
102260,KR7102260007,동성케미컬,KOSPI,,3665,1,50,1.38,3620,3675,3600,37378,136451312,184944007150,50669591,STK,ME006
128820,KR7128820008,대성산업,KOSPI,,4075,1,45,1.12,4005,4160,3980,84929,348477630,184334572850,45235478,STK,ME006
033530,KR7033530007,SJG세종,KOSPI,,6760,1,60,0.9,6660,6820,6630,21948,148854425,183685110210,27052299,STK,ME006
003610,KR7003610003,방림,KOSPI,,5700,3,0,0.0,5700,5800,5670,131933,753162155,182710326820,32110778,STK,ME006
000140,KR7000140004,하이트진로홀딩스,KOSPI,,7940,1,190,2.45,7890,7890,7740,2987,23359325,182405172900,23206765,STK,ME006
213500,KR7213500002,한솔제지,KOSPI,,7590,1,110,1.47,7500,7600,7470,52236,394685880,180884377600,23800576,STK,ME006
000520,KR7000520007,삼일제약,KOSPI,,8180,1,80,0.99,8100,8520,8040,50749,414677655,177872850200,21691811,STK,ME006
003220,KR7003220001,대원제약,KOSPI,,7890,1,40,0.51,7840,7950,7840,21963,173472125,176953629870,22427583,STK,ME006
007860,KR7007860000,서연,KOSPI,,7500,1,200,2.74,7390,7600,7310,60665,454140030,176803225320,23479844,STK,ME006
015230,KR7015230006,대창단조,KOSPI,,6560,2,-30,-0.46,6590,6700,6470,37189,242961945,176433530000,27143620,STK,ME006
002100,KR7002100006,경농,KOSPI,,9120,1,140,1.56,8970,9060,8970,10278,92632510,175703175000,19522575,STK,ME006
234080,KR7234080000,JW생명과학,KOSPI,,11110,1,130,1.18,10980,11080,10910,8199,89980480,174971821700,15834554,STK,ME006
000700,KR7000700005,유수홀딩스,KOSPI,,6690,1,50,0.75,6640,6700,6600,16864,112157705,172657213560,26041812,STK,ME006
016450,KR7016450009,한세예스24홀딩스,KOSPI,,4360,1,50,1.16,4310,4345,4305,5874,25349872,172400000000,40000000,STK,ME006
009470,KR7009470006,삼화전기,KOSPI,,25850,2,-100,-0.39,25950,26800,25700,31687,824761250,170636556000,6613820,STK,ME006
002150,KR7002150001,도화엔지니어링,KOSPI,,5070,1,40,0.8,5030,5060,4955,23164,116070270,170286000000,33720000,STK,ME006
003460,KR7003460003,유화증권,KOSPI,,3000,1,15,0.5,3000,3000,2960,20699,61781791,170107245000,56702415,STK,ME006
241590,KR7241590009,화승엔터프라이즈,KOSPI,,2775,1,75,2.78,2695,2760,2640,30629,83393777,166923455380,60589276,STK,ME006
014710,KR7014710008,사조씨푸드,KOSPI,,9360,1,160,1.74,9250,9500,9220,5080,47564425,161165562480,17218543,STK,ME006
002170,KR7002170009,SYTS,KOSPI,,53300,1,300,0.57,53000,54300,52700,302,16135600,159900000000,3000000,STK,ME006
460850,KR7460850001,동국씨엠,KOSPI,,5320,1,30,0.57,5300,5350,5210,32723,172801115,159658823040,29898656,STK,ME006
000860,KR7000860007,강남제비스코,KOSPI,,12190,1,180,1.5,11920,12220,11920,2294,27784360,158470000000,13000000,STK,ME006
090350,KR7090350000,노루페인트,KOSPI,,7900,1,100,1.28,7800,7910,7720,21501,169123190,158200000000,20000000,STK,ME006
013890,KR7013890009,지누스,KOSPI,,7060,2,-280,-3.81,7340,7350,7090,28600,204918440,155454014170,21925813,STK,ME006
004380,KR7004380002,삼익THK,KOSPI,,7640,1,270,3.66,7370,7680,7300,24367,182631600,155250000000,20700000,STK,ME006
001780,KR7001780006,알루코,KOSPI,,1571,1,25,1.62,1554,1598,1543,297725,468747770,152507457900,96830132,STK,ME006
007570,KR7007570005,일양약품,KOSPI,,8060,1,340,4.4,8030,8030,7750,15885,126748410,151731028800,19085664,STK,ME006
462520,KR7462520008,조선내화,KOSPI,,12780,1,60,0.47,12660,12940,12600,15215,194786660,150560633600,11855168,STK,ME006
000970,KR7000970004,한국주철관,KOSPI,,6580,1,20,0.3,6550,6680,6510,16972,111503230,150483300000,22800500,STK,ME006
004090,KR7004090007,한국석유,KOSPI,,11930,1,400,3.47,11590,11850,11520,121287,1431798270,149282851200,12694120,STK,ME006
004150,KR7004150009,한솔홀딩스,KOSPI,,3585,1,130,3.76,3445,3625,3445,119999,431839519,148721497500,41026620,STK,ME006
272550,KR7272550005,삼양패키징,KOSPI,,9800,1,210,2.19,9590,9820,9500,14641,141177325,147821062860,15068406,STK,ME006
271980,KR7271980005,제일약품,KOSPI,,9990,1,20,0.2,10090,10200,9960,21625,217275850,146460525120,14704872,STK,ME006
293480,KR7293480000,하나제약,KOSPI,,8200,1,40,0.49,8220,8280,8150,10722,88201995,146271345580,17772946,STK,ME006
003830,KR7003830007,대한화섬,KOSPI,,110000,1,200,0.18,113500,113500,110000,47,5223000,146080000000,1328000,STK,ME006
014280,KR7014280002,금강공업,KOSPI,,4850,1,485,11.11,4400,5450,4340,7239421,37347801468,146060197860,29329357,STK,ME006
016880,KR7016880007,웅진,KOSPI,,1810,2,-29,-1.58,1854,1879,1793,127328,230365718,145547212680,79927080,STK,ME006
004970,KR7004970000,신라교역,KOSPI,,9030,1,50,0.56,9030,9050,8970,5415,48772080,144160000000,16000000,STK,ME006
025820,KR7025820002,이구산업,KOSPI,,4290,2,-30,-0.69,4300,4390,4240,48224,207813834,143298970000,33442000,STK,ME006
000020,KR7000020008,동화약품,KOSPI,,5110,1,120,2.4,5010,5130,4995,54101,275289455,142729811700,27931470,STK,ME006
071840,KR7071840003,롯데하이마트,KOSPI,,6010,1,50,0.84,5960,6010,5870,16400,97558040,141882349120,23607712,STK,ME006
107590,KR7107590002,미원홀딩스,KOSPI,,61000,1,800,1.33,61000,61000,61000,4,244000,141520000000,2320000,STK,ME006
008350,KR7008350001,남선알미늄,KOSPI,,1070,1,7,0.66,1063,1082,1050,447978,479937805,139534496290,129079090,STK,ME006
003480,KR7003480001,한진중공업홀딩스,KOSPI,,4785,1,80,1.7,4735,4765,4675,29576,139166750,139528361700,29529812,STK,ME006
094280,KR7094280005,효성ITX,KOSPI,,12090,1,50,0.42,12020,12060,11960,6920,83126360,139276310000,11558200,STK,ME006
015890,KR7015890007,태경산업,KOSPI,,4735,1,10,0.21,4735,4795,4700,21240,100982690,138398131250,29228750,STK,ME006
004080,KR7004080008,신흥,KOSPI,,14500,2,-150,-1.02,14740,14740,14570,5492,80241210,135594000000,9300000,STK,ME006
012610,KR7012610002,경인양행,KOSPI,,3225,1,35,1.1,3190,3285,3160,157568,507751063,134004695300,41616365,STK,ME006
081000,KR7081000002,일진다이아,KOSPI,,9410,1,210,2.28,9180,9440,9180,7585,71044930,133792024500,14202975,STK,ME006
018470,KR7018470005,조일알미늄,KOSPI,,5250,1,120,2.34,5120,5350,5110,107434,564086535,133216569440,25326344,STK,ME006
024090,KR7024090003,디씨엠,KOSPI,,11400,2,-80,-0.7,11480,11530,11420,495,5675800,130188000000,11400000,STK,ME006
214390,KR7214390007,경보제약,KOSPI,,5520,1,130,2.41,5500,5530,5330,12197,66531685,129336112600,23906860,STK,ME006
001080,KR7001080001,만호제강,KOSPI,,3775,1,70,1.89,3670,3750,3660,14896,56418695,129047478000,35114960,STK,ME006
004960,KR7004960001,한신공영,KOSPI,,11040,1,180,1.66,10970,11150,10870,6730,74114510,128087671140,11570702,STK,ME006
267290,KR7267290005,경동도시가스,KOSPI,,21750,1,200,0.93,21550,21700,21500,2730,58803950,127930310200,5895406,STK,ME006
092220,KR7092220003,KEC,KOSPI,,3140,2,-25,-0.79,3165,3440,3115,810673,2632778140,127083067620,40152628,STK,ME006
013520,KR7013520002,화승코퍼레이션,KOSPI,,2510,2,-25,-0.99,2535,2535,2485,34936,87338765,125878898780,50051252,STK,ME006
009270,KR7009270000,신원,KOSPI,,1099,2,-10,-0.9,1092,1112,1090,215308,236366882,125558809942,114770393,STK,ME006
001210,KR7001210004,금호전기,KOSPI,,9900,1,60,0.61,10100,10130,9800,965622,9598359310,124877064110,12626599,STK,ME006
210540,KR7210540001,디와이파워,KOSPI,,11150,1,50,0.45,11090,11270,11070,25724,288171660,124440049160,11041708,STK,ME006
011690,KR7011690005,와이투솔루션,KOSPI,,3375,1,30,0.9,3315,3410,3270,106656,359385080,124408803180,36698762,STK,ME006
006060,KR7006060008,화승인더,KOSPI,,2260,1,50,2.26,2245,2245,2205,12170,27107175,123916800000,55320000,STK,ME006
001520,KR7001520006,동양,KOSPI,,1148,2,-5,-0.43,1152,1160,1134,543782,622350925,123511702896,107122032,STK,ME006
001360,KR7001360007,삼성제약,KOSPI,,1339,1,32,2.45,1307,1309,1270,523062,681045503,123163999332,94162079,STK,ME006
078000,KR7078000007,텔코웨어,KOSPI,,13400,1,70,0.53,13450,13450,13020,1614,21457260,122800623330,9240077,STK,ME006
002210,KR7002210003,동성제약,KOSPI,,1277,1,12,0.95,1285,1289,1259,60941,77482381,122320295862,96619507,STK,ME006
089470,KR7089470009,HDC현대EP,KOSPI,,3855,1,110,2.94,3745,3830,3705,34539,130953145,122177000000,31900000,STK,ME006
008970,KR7008970006,KBI동양철관,KOSPI,,1174,1,44,3.89,1125,1178,1113,594210,687454285,121718581911,103766907,STK,ME006
005800,KR7005800008,신영와코루,KOSPI,,13500,2,-10,-0.07,13870,13870,13500,1355,18317730,121500000000,9000000,STK,ME006
009070,KR7009070004,KCTC,KOSPI,,4025,1,20,0.5,4005,4045,3975,71525,287621350,121350000000,30000000,STK,ME006
214420,KR7214420002,토니모리,KOSPI,,5010,1,25,0.5,4985,5080,4945,24426,122892555,120514542990,24054799,STK,ME006
002620,KR7002620003,제일파마홀딩스,KOSPI,,7390,2,-110,-1.47,7560,7600,7420,1031,7714310,119800162500,15973355,STK,ME006
037560,KR7037560000,LG헬로비전,KOSPI,,1534,1,1,0.07,1535,1568,1519,101355,156750675,119500512695,77446865,STK,ME006
003010,KR7003010006,혜인,KOSPI,,9370,1,30,0.32,9200,9870,9120,269661,2561226995,119245566860,12712747,STK,ME006
014530,KR7014530000,극동유화,KOSPI,,3385,1,115,3.52,3310,3400,3285,102725,345376996,117858639600,34869420,STK,ME006
227840,KR7227840006,현대코퍼레이션홀딩스,KOSPI,,12860,1,80,0.63,13100,13100,12780,4722,60664330,117036750960,9100836,STK,ME006
002390,KR7002390003,한독,KOSPI,,8680,1,300,3.58,8380,8550,8380,4174,35439165,116439489180,13763533,STK,ME006
034590,KR7034590000,인천도시가스,KOSPI,,26300,2,-100,-0.38,26300,26400,26250,704,18523700,115274767900,4374754,STK,ME006
004100,KR7004100004,태양금속,KOSPI,,3105,1,30,0.98,3090,3175,2990,372137,1148004913,114687500000,36700000,STK,ME006
017550,KR7017550005,수산세보틱스,KOSPI,,1817,2,-4,-0.22,1828,1838,1803,132788,242051721,114315206160,62399130,STK,ME006
016740,KR7016740003,두올,KOSPI,,4055,1,35,0.87,4050,4050,3970,15979,63905055,113835875280,28674024,STK,ME006
079430,KR7079430005,현대리바트,KOSPI,,5610,1,10,0.18,5670,5670,5550,5330,29961420,112840673220,20114202,STK,ME006
002460,KR7002460004,HS화성,KOSPI,,11100,1,70,0.63,11030,11190,11010,4496,49792750,112665000000,10150000,STK,ME006
023450,KR7023450000,동남합성,KOSPI,,32100,1,100,0.31,32000,32450,32000,574,18392350,112350000000,3500000,STK,ME006
015590,KR7015590003,DKME,KOSPI,,2150,1,40,1.9,2095,2240,2080,92888,198188105,112132246800,53396308,STK,ME006
016710,KR7016710006,대성홀딩스,KOSPI,,7010,1,10,0.14,6950,7000,6890,2139,14835390,111660845460,16089459,STK,ME006
009580,KR7009580002,무림P&P,KOSPI,,1795,1,1,0.06,1790,1992,1735,5946578,11239452401,111639299960,62368324,STK,ME006
083420,KR7083420000,그린케미칼,KOSPI,,4680,1,45,0.97,4645,4675,4590,10706,49779130,111480000000,24000000,STK,ME006
013570,KR7013570007,디와이,KOSPI,,4100,2,-55,-1.32,4185,4185,4110,26646,110303110,109752869610,26319633,STK,ME006
37550L,KR737550K029,DL이앤씨2우(전환),KOSPI,,51900,1,1200,2.37,49500,51900,49500,2988,153166600,109610256900,2111951,STK,ME006
012800,KR7012800009,대창,KOSPI,,1180,1,14,1.2,1172,1198,1157,198312,234357777,107181226824,91140499,STK,ME006
021820,KR7021820006,세원정공,KOSPI,,10700,1,230,2.2,10690,10700,10380,5686,60090920,106800000000,10000000,STK,ME006
014580,KR7014580005,태경비케이,KOSPI,,3805,1,10,0.26,3765,3835,3740,23688,89924840,105091611000,27583100,STK,ME006
004250,KR7004250007,NPC,KOSPI,,2865,1,30,1.06,2835,2915,2820,14306,40940152,104652000000,36720000,STK,ME006
120030,KR7120030002,조선선재,KOSPI,,84300,1,700,0.84,82800,83900,81700,253,20915200,104636563200,1257651,STK,ME006
012320,KR7012320008,경동인베스트,KOSPI,,44100,2,-250,-0.56,44100,44850,44000,4096,181173950,104179263150,2365023,STK,ME006
003580,KR7003580008,HLB글로벌,KOSPI,,2055,1,472,29.82,2055,2055,2055,396761,815343855,104113502775,50663505,STK,ME006
027970,KR7027970003,한국제지,KOSPI,,2725,2,-5,-0.18,2730,2730,2675,7736,20887080,103632142400,38030144,STK,ME006
010100,KR7010100006,한국무브넥스,KOSPI,,3440,1,105,3.15,3320,3430,3315,37420,127438405,103379175900,30450420,STK,ME006
006660,KR7006660005,삼성공조,KOSPI,,12650,1,220,1.77,12450,12850,12430,73765,935634785,103285450940,8126314,STK,ME006
008040,KR7008040008,사조동아원,KOSPI,,7580,1,100,1.34,7710,7710,7110,9391,69639980,103035558000,14114460,STK,ME006
123690,KR7123690000,한국화장품,KOSPI,,6330,2,-10,-0.16,6310,6410,6270,40294,256268580,102513840000,16068000,STK,ME006
267850,KR7267850006,아시아나IDT,KOSPI,,9180,1,10,0.11,9210,9270,9170,3808,34995655,101898000000,11100000,STK,ME006
248170,KR7248170003,샘표식품,KOSPI,,22200,3,0,0.0,22150,22300,22000,23710,525816100,101415949200,4568286,STK,ME006
035000,KR7035000009,HS애드,KOSPI,,6180,2,-130,-2.06,6320,6340,6110,142750,880952705,99514934160,16207644,STK,ME006
002450,KR7002450005,삼익악기,KOSPI,,1091,1,13,1.21,1075,1099,1071,39252,42557905,98678697350,90530915,STK,ME006
070960,KR7070960000,모나용평,KOSPI,,2035,1,5,0.25,2040,2090,2015,26218,53920615,98673332650,48133333,STK,ME006
002780,KR7002780005,진흥기업,KOSPI,,6740,3,0,0.0,6750,6820,6630,28643,193346045,98484367980,14547174,STK,ME006
014790,KR7014790000,HL D&I,KOSPI,,2595,1,145,5.92,2480,2630,2480,136205,350498729,98053776590,37858601,STK,ME006
011280,KR7011280005,태림포장,KOSPI,,1383,1,7,0.51,1376,1416,1366,30624,42227114,97570585320,70805940,STK,ME006
008700,KR7008700007,아남전자,KOSPI,,1265,1,12,0.96,1272,1279,1248,188259,239080857,97562897300,77124820,STK,ME006
013700,KR7013700000,까뮤이앤씨,KOSPI,,1600,1,29,1.85,1566,1621,1540,158540,251298433,96736593770,59750830,STK,ME006
264900,KR7264900002,크라운제과,KOSPI,,7750,1,70,0.91,7790,7790,7620,7918,60733020,96057929500,12523850,STK,ME006
007540,KR7007540008,샘표,KOSPI,,47200,2,-200,-0.42,47450,47700,46800,12960,612297075,95533183200,2015468,STK,ME006
032560,KR7032560005,황금에스티,KOSPI,,5620,1,130,2.37,5510,5590,5480,12314,68283770,94520000000,17000000,STK,ME006
008260,KR7008260002,NI스틸,KOSPI,,3300,1,50,1.54,3275,3355,3235,49565,163282264,94380386100,28600117,STK,ME006
014440,KR7014440002,영보화학,KOSPI,,4645,2,-50,-1.06,4695,4700,4625,12038,56254240,94000000000,20000000,STK,ME006
002200,KR7002200004,한국수출포장,KOSPI,,2820,1,5,0.18,2865,2865,2785,8037,22451751,93799834800,33499941,STK,ME006
067830,KR7067830000,세이브존I&C,KOSPI,,2285,3,0,0.0,2295,2295,2270,7163,16326615,93778445075,41040895,STK,ME006
007210,KR7007210008,벽산,KOSPI,,1428,2,-2,-0.14,1418,1435,1417,39726,56664888,93660880000,65360000,STK,ME006
025620,KR7025620006,차AI헬스케어,KOSPI,,5110,1,390,8.26,4745,5300,4745,33175,168457357,92658222570,18203973,STK,ME006
036580,KR7036580009,팜스코,KOSPI,,2525,2,-10,-0.39,2535,2605,2485,26275,65752575,92554416360,36727943,STK,ME006
001290,KR7001290006,상상인증권,KOSPI,,4270,1,215,5.3,4055,4360,4035,67486,286764038,92086552000,21667424,STK,ME006
363280,KR7363280009,티와이홀딩스,KOSPI,,1994,2,-26,-1.29,2020,2050,1951,13233,26263112,91449639330,45497333,STK,ME006
019180,KR7019180009,티에이치엔,KOSPI,,4970,1,60,1.22,4910,5030,4905,44644,221972648,90360000000,18000000,STK,ME006
058850,KR7058850009,KTcs,KOSPI,,2185,1,10,0.46,2190,2195,2175,47882,104625070,90261701000,41404450,STK,ME006
058860,KR7058860008,KTis,KOSPI,,2585,1,10,0.39,2605,2635,2570,314669,815202860,90137180000,34802000,STK,ME006
006840,KR7006840003,AK홀딩스,KOSPI,,6790,2,-40,-0.59,6880,7080,6740,4575,31082730,89950939190,13247561,STK,ME006
023000,KR7023000003,삼원강재,KOSPI,,2195,3,0,0.0,2220,2220,2185,6375,14093078,87825302760,39739956,STK,ME006
139990,KR7139990006,아주스틸,KOSPI,,2210,1,65,3.03,2140,2225,2130,22720,49957060,86037019080,38755414,STK,ME006
012200,KR7012200002,계양전기,KOSPI,,3170,2,-65,-2.01,3250,3295,3160,613771,1974260225,86024139640,27222829,STK,ME006
007980,KR7007980006,TP,KOSPI,,1823,1,33,1.84,1790,1837,1790,447115,812315264,85493869050,46897350,STK,ME006
004140,KR7004140000,동방,KOSPI,,1782,1,36,2.06,1746,1792,1746,125795,222959564,84670166990,47971766,STK,ME006
004890,KR7004890000,동일산업,KOSPI,,34550,2,-50,-0.14,34400,35050,34200,33,1140600,83791178250,2425215,STK,ME006
006090,KR7006090005,사조오양,KOSPI,,8850,2,-80,-0.9,8820,8980,8790,3747,33407730,83391213600,9422736,STK,ME006
000850,KR7000850008,화천기공,KOSPI,,37750,1,450,1.21,37300,37850,37300,3133,117836350,82940000000,2200000,STK,ME006
002600,KR7002600005,조흥,KOSPI,,136700,2,-800,-0.58,136700,136700,136700,10,1367000,82020000000,600000,STK,ME006
000590,KR7000590000,CS홀딩스,KOSPI,,68100,2,-300,-0.44,67900,70500,67900,948,65285400,81160084600,1154482,STK,ME006
011700,KR7011700002,한신기계,KOSPI,,2415,1,30,1.26,2450,2490,2385,80171,196961215,79817531460,32446151,STK,ME006
023800,KR7023800006,인지컨트롤스,KOSPI,,5020,1,10,0.2,5010,5070,4980,33193,166033765,79520260910,15809197,STK,ME006
111380,KR7111380002,동인기연,KOSPI,,12930,2,-80,-0.61,13010,13160,12790,4268,55224570,79235040000,6128000,STK,ME006
007610,KR7007610009,선도전기,KOSPI,,4365,2,-50,-1.13,4510,4550,4295,290965,1283421517,78660000000,18000000,STK,ME006
069730,KR7069730000,DSR제강,KOSPI,,5580,1,220,4.1,5360,5450,5340,21517,116181680,78048000000,14400000,STK,ME006
009180,KR7009180001,한솔로지스틱스,KOSPI,,2785,1,25,0.91,2760,2775,2735,15113,41773839,77569297875,28155825,STK,ME006
005740,KR7005740006,크라운해태홀딩스,KOSPI,,5220,1,70,1.36,5200,5240,5100,24274,125902290,77503151340,14847347,STK,ME006
001260,KR7001260009,남광토건,KOSPI,,9150,1,1480,19.3,7800,7950,7700,369710,3520227100,76792387320,9832572,STK,ME006
163560,KR7163560006,동일고무벨트,KOSPI,,5480,1,60,1.11,5420,5500,5410,8295,45424860,76172000000,13900000,STK,ME006
002220,KR7002220002,한일철강,KOSPI,,2815,2,-55,-1.92,2870,2950,2815,138300,397812580,76087761000,26697460,STK,ME006
007590,KR7007590003,동방아그로,KOSPI,,5570,3,0,0.0,5570,5570,5520,1485,8236380,75713728120,13617577,STK,ME006
109070,KR7109070003,주성코퍼레이션,KOSPI,,7250,2,-500,-6.45,7750,7750,7000,69764,503823180,75518628900,10562046,STK,ME006
004840,KR7004840005,DRB동일,KOSPI,,3895,2,-5,-0.13,3930,3935,3880,5901,23049710,75451305060,19272364,STK,ME006
013360,KR7013360003,일성건설,KOSPI,,1384,1,2,0.14,1370,1397,1351,127509,176362040,74608359280,54024880,STK,ME006
010960,KR7010960003,삼호개발,KOSPI,,3115,1,55,1.8,3070,3125,3050,86233,267232325,74530800000,24120000,STK,ME006
013870,KR7013870001,지엠비코리아,KOSPI,,3825,1,35,0.92,3840,3875,3790,6385,24349375,72951471000,19072280,STK,ME006
004770,KR7004770004,써니전자,KOSPI,,2025,1,20,1.0,1997,2065,1997,488039,992974490,72080099140,35507438,STK,ME006
063160,KR7063160006,종근당바이오,KOSPI,,13060,1,240,1.87,12950,14000,12820,17629,234270815,71975821440,5485962,STK,ME006
005750,KR7005750005,대림바스,KOSPI,,4270,2,-90,-2.06,4315,4405,4300,56689,245186265,71678476800,16592240,STK,ME006
055490,KR7055490007,테이팩스,KOSPI,,14790,1,40,0.27,14750,15170,14590,13057,195071050,71656150500,4786650,STK,ME006
001020,KR7001020007,페이퍼코리아,KOSPI,,2085,1,95,4.77,1990,1990,1855,4720,9188541,70552584084,35596662,STK,ME006
214330,KR7214330003,금호에이치티,KOSPI,,6730,1,130,1.97,6640,6760,6540,32210,215350080,70165993590,10456929,STK,ME006
024900,KR7024900003,디와이덕양,KOSPI,,2165,2,-55,-2.48,2220,2245,2125,271136,591991993,70014707000,32564980,STK,ME006
084670,KR7084670009,동양고속,KOSPI,,23900,1,250,1.06,23650,25300,23600,17629,434036750,69783212900,2895569,STK,ME006
095720,KR7095720009,웅진씽크빅,KOSPI,,1242,1,12,0.98,1230,1276,1225,14029,17339755,69726833295,56827085,STK,ME006
004440,KR7004440004,삼일씨엔에스,KOSPI,,5400,1,380,7.57,5350,5580,5230,152445,824962105,69643750090,12731947,STK,ME006
031820,KR7031820004,아이티센씨티에스,KOSPI,,5770,1,120,2.12,5650,5760,5600,16429,93755230,69604589500,12105146,STK,ME006
009770,KR7009770009,삼정펄프,KOSPI,,27700,1,400,1.47,27450,27900,27200,1670,45751550,69249196700,2499971,STK,ME006
155660,KR7155660004,DSR,KOSPI,,4315,1,5,0.12,4320,4320,4240,24653,105265000,68960000000,16000000,STK,ME006
000230,KR7000230003,일동홀딩스,KOSPI,,5940,3,0,0.0,5950,6040,5900,6950,41456260,68896188000,11540400,STK,ME006
071090,KR7071090005,하이스틸,KOSPI,,3365,2,-45,-1.32,3380,3470,3325,405744,1379818735,68852916110,20191471,STK,ME006
002720,KR7002720001,국제약품,KOSPI,,3245,1,10,0.31,3210,3265,3155,20869,67457600,68769454000,21159832,STK,ME006
011150,KR7011150000,CJ씨푸드,KOSPI,,1891,1,15,0.8,1867,1927,1860,21928,41666923,68376261019,35930773,STK,ME006
001560,KR7001560002,제일연마,KOSPI,,9030,1,50,0.56,9190,9190,8980,726,6575340,68248000000,7600000,STK,ME006
000180,KR7000180000,성창기업지주,KOSPI,,4885,2,-25,-0.51,5060,5060,4815,19852,96540200,68007810000,13950320,STK,ME006
004720,KR7004720009,팜젠사이언스,KOSPI,,2965,1,140,4.96,2850,2970,2825,13749,39980310,67170192225,22654365,STK,ME006
010660,KR7010660009,화천기계,KOSPI,,3060,1,80,2.68,2980,3090,2920,61482,187044735,66440000000,22000000,STK,ME006
079980,KR7079980009,휴비스,KOSPI,,1923,1,21,1.1,1920,1939,1906,24485,47106395,66343500000,34500000,STK,ME006
058730,KR7058730003,다스코,KOSPI,,3270,1,70,2.19,3225,3295,3170,235533,763479297,66120334515,20251251,STK,ME006
019680,KR7019680008,대교,KOSPI,,1636,3,0,0.0,1637,1656,1604,24593,39893458,65983514000,40233850,STK,ME006
010040,KR7010040004,한국내화,KOSPI,,1637,1,101,6.58,1582,1611,1567,26116,41813273,65748366262,41067062,STK,ME006
085310,KR7085310001,엔케이,KOSPI,,8820,1,20,0.23,8800,8890,8680,10162,89056290,65204870460,7418074,STK,ME006
100220,KR7100220003,비상교육,KOSPI,,5010,1,15,0.3,4995,5030,4950,4221,21104505,65113672410,12996741,STK,ME006
210980,KR7210980009,SK디앤디,KOSPI,,3510,1,175,5.25,3390,3620,3345,126967,444076957,64974663180,18617382,STK,ME006
007280,KR7007280001,한국특강,KOSPI,,2250,1,20,0.9,2250,2300,2200,2605,5858945,64454715000,28646540,STK,ME006
002700,KR7002700003,신일전자,KOSPI,,934,1,13,1.41,921,943,919,279659,261048625,64091932135,68547521,STK,ME006
017370,KR7017370008,우신시스템,KOSPI,,3530,1,190,5.69,3450,3530,3350,9880,34106535,63549767380,18314054,STK,ME006
009200,KR7009200007,무림페이퍼,KOSPI,,1516,1,12,0.8,1504,1555,1488,105636,160782948,63079713960,41609310,STK,ME006
005870,KR7005870001,휴니드,KOSPI,,4420,1,65,1.49,4400,4485,4320,40018,177936455,62392786300,14116015,STK,ME006
016090,KR7016090003,대현,KOSPI,,1402,3,0,0.0,1400,1405,1391,19221,26871380,62083798620,44282310,STK,ME006
004450,KR7004450003,삼화왕관,KOSPI,,28550,1,50,0.18,28500,28650,27950,880,24966600,61507520450,2154379,STK,ME006
018500,KR7018500009,동원모빌리티,KOSPI,,1333,1,18,1.37,1344,1351,1314,32999,43819087,61435981962,46754933,STK,ME006
068290,KR7068290006,삼성출판사,KOSPI,,6210,1,90,1.47,6200,6250,6110,5484,33805635,61200000000,10000000,STK,ME006
372910,KR7372910000,한컴라이프케어,KOSPI,,2170,1,75,3.58,2095,2185,2065,299297,642269817,60330205080,27674406,STK,ME006
002760,KR7002760007,보락,KOSPI,,1002,1,6,0.6,996,1002,987,66630,66505730,59959900000,59900000,STK,ME006
072130,KR7072130008,유엔젤,KOSPI,,4765,1,10,0.21,4810,4835,4715,12362,58768850,59859065610,12695454,STK,ME006
000220,KR7000220004,유유제약,KOSPI,,3710,1,15,0.41,3695,3770,3695,25118,93796340,59052982500,15747462,STK,ME006
014990,KR7014990006,인디에프,KOSPI,,3800,2,-510,-11.83,4060,4100,3825,293221,1152977450,58062345135,15022599,STK,ME006
480370,KR7480370006,씨케이솔루션,KOSPI,,1784,1,14,0.79,1761,1817,1757,65490,117339704,57784424832,32481408,STK,ME006
006890,KR7006890008,태경케미컬,KOSPI,,4990,1,50,1.01,4940,4975,4900,11096,54731087,57246000000,11600000,STK,ME006
111110,KR7111110003,호전실업,KOSPI,,6390,2,-40,-0.62,6440,6440,6200,6726,42252115,57115800000,9066000,STK,ME006
003780,KR7003780004,진양산업,KOSPI,,4390,1,105,2.45,4300,4470,4250,78923,343449518,57005000000,13000000,STK,ME006
075180,KR7075180000,새론오토모티브,KOSPI,,2920,2,-30,-1.02,2965,2990,2930,5123,15122285,56256000000,19200000,STK,ME006
129260,KR7129260006,인터지스,KOSPI,,1880,1,16,0.86,1870,1897,1858,8727,16359510,56193733986,29747874,STK,ME006
090080,KR7090080003,평화산업,KOSPI,,1025,1,25,2.5,1006,1020,1000,134084,135188303,55945401921,54902259,STK,ME006
001550,KR7001550003,조비,KOSPI,,10420,2,-50,-0.48,10470,10640,10380,28747,304271650,55141578180,5192239,STK,ME006
025530,KR7025530007,SJM홀딩스,KOSPI,,3660,1,5,0.14,3655,3665,3625,3516,12806430,54509129200,14934008,STK,ME006
006980,KR7006980007,우성,KOSPI,,16660,2,-750,-4.31,17500,18000,17200,2061,35871510,54291300000,3090000,STK,ME006
092440,KR7092440007,기신정기,KOSPI,,1853,1,3,0.16,1860,1885,1831,71354,132486392,54136800000,29200000,STK,ME006
378850,KR7378850002,화승알앤에이,KOSPI,,2830,2,-15,-0.53,2845,2845,2810,10680,30165750,53846921205,18993623,STK,ME006
002630,KR7002630002,오리엔트바이오,KOSPI,,1790,2,-39,-2.13,1824,1824,1775,61198,109851915,53154831543,29645751,STK,ME006
123700,KR7123700007,SJM,KOSPI,,3380,1,35,1.05,3460,3460,3330,18329,62307720,52354432790,15604898,STK,ME006
004830,KR7004830006,덕성,KOSPI,,3270,1,20,0.62,3250,3315,3225,11894,38948680,51587200000,15680000,STK,ME006
012690,KR7012690004,모나리자,KOSPI,,1414,1,14,1.0,1400,1428,1394,57996,81770655,51565469550,36571255,STK,ME006
010770,KR7010770006,평화홀딩스,KOSPI,,3555,1,60,1.72,3500,3530,3480,11312,39660615,51408512990,14625466,STK,ME006
011230,KR7011230000,삼화전자,KOSPI,,2680,3,0,0.0,2720,2730,2660,98434,264568419,50980988100,19165785,STK,ME006
021050,KR7021050000,서원,KOSPI,,1076,2,-3,-0.28,1069,1089,1049,192725,206807641,50797811300,47474590,STK,ME006
006880,KR7006880009,신송홀딩스,KOSPI,,4255,1,15,0.35,4240,4305,4180,18959,79973320,50686656530,11828858,STK,ME006
011390,KR7011390002,부산산업,KOSPI,,48000,2,-1850,-3.71,48700,48850,47500,3632,174251525,50582400000,1056000,STK,ME006
000950,KR7000950006,전방,KOSPI,,29950,1,450,1.53,29300,30950,29050,381,11240750,50316000000,1680000,STK,ME006
023810,KR7023810005,인팩,KOSPI,,5070,2,-100,-1.93,5170,5200,5000,19896,100267955,50200000000,10000000,STK,ME006
007460,KR7007460009,에이프로젠,KOSPI,,2055,1,45,2.24,2010,2110,2005,139602,287898130,50148425060,24825953,STK,ME006
196170,KR7196170005,알테오젠,KOSDAQ GLOBAL,우량기업부,251500,1,1500,0.6,256500,260000,251500,267352,68245131750,17587921082500,69655133,KSQ,ME006
086520,KR7086520004,에코프로,KOSDAQ GLOBAL,중견기업부,81300,1,1200,1.5,80000,83000,79100,609883,49858289700,11120066848800,135776152,KSQ,ME006
247540,KR7247540008,에코프로비엠,KOSDAQ GLOBAL,중견기업부,110200,1,5200,4.95,104500,113500,102900,577164,63497910100,10888527304200,97830434,KSQ,ME006
036930,KR7036930006,주성엔지니어링,KOSDAQ GLOBAL,우량기업부,209000,2,-500,-0.24,209500,215000,204000,765863,161518601750,9714554289000,46481121,KSQ,ME006
277810,KR7277810008,레인보우로보틱스,KOSDAQ,기술성장기업부,421500,2,-11500,-2.66,438000,438500,421000,42997,18333898250,8177040147000,19399858,KSQ,ME006
240810,KR7240810002,원익IPS,KOSDAQ GLOBAL,우량기업부,123500,2,-10200,-7.63,132000,132000,123100,1020790,129263545450,6047136603200,49083901,KSQ,ME006
039030,KR7039030002,이오테크닉스,KOSDAQ,우량기업부,468000,2,-13500,-2.8,476000,484000,468000,67263,31920192250,5771709175000,12319550,KSQ,ME006
222800,KR7222800005,심텍,KOSDAQ GLOBAL,중견기업부,145700,2,-3800,-2.54,149500,153500,146800,586637,87725488800,5664922227200,38484526,KSQ,ME006
058470,KR7058470006,리노공업,KOSDAQ GLOBAL,우량기업부,71000,2,-3300,-4.44,73400,74300,71200,573521,41440943400,5426283720000,76211850,KSQ,ME006
028300,KR7028300002,HLB,KOSDAQ,중견기업부,39700,1,9150,29.95,39700,39700,39700,344130,13661961000,5287969453100,133198223,KSQ,ME006
403870,KR7403870009,HPSP,KOSDAQ GLOBAL,우량기업부,55600,1,100,0.18,55500,57200,54800,1461640,81978770900,4608800000000,82300000,KSQ,ME006
095340,KR7095340006,ISC,KOSDAQ,우량기업부,204500,2,-8000,-3.76,213000,213000,203000,116976,24071424500,4313601303000,21197058,KSQ,ME006
108490,KR7108490004,로보티즈,KOSDAQ,기술성장기업부,283500,2,-17500,-5.81,297500,300000,281500,209201,60569657250,4128768382000,14667028,KSQ,ME006
319660,KR7319660007,피에스케이,KOSDAQ,우량기업부,141000,2,-3800,-2.62,139300,146500,136400,274692,39259997800,4084306674000,28966714,KSQ,ME006
440110,KR7440110005,파두,KOSDAQ,기술성장기업부,80000,2,-1600,-1.96,82400,86600,79600,829503,68730901150,4053982084300,50111027,KSQ,ME006
000250,KR7000250001,삼천당제약,KOSDAQ,중견기업부,162700,2,-3000,-1.81,169200,170800,162300,85629,14235091600,3811839200000,23457472,KSQ,ME006
031980,KR7031980006,피에스케이홀딩스,KOSDAQ,우량기업부,166900,1,3700,2.27,160400,172500,160300,102852,17399637850,3598763725500,21562395,KSQ,ME006
084370,KR7084370006,유진테크,KOSDAQ,우량기업부,154800,2,-8800,-5.38,159400,159400,154500,113843,17825968250,3554278114200,22916042,KSQ,ME006
214450,KR7214450009,파마리서치,KOSDAQ GLOBAL,우량기업부,318500,2,-4000,-1.24,324000,325500,318000,45297,14554055750,3324687360000,10389648,KSQ,ME006
131290,KR7131290009,티에스이,KOSDAQ,우량기업부,293000,1,4000,1.38,285000,299500,279500,71079,20554280250,3240998697000,11061429,KSQ,ME006
087010,KR7087010005,펩트론,KOSDAQ,기술성장기업부,137100,2,-8400,-5.77,144200,150900,137200,126604,17973191700,3201472155000,23317350,KSQ,ME006
095610,KR7095610002,테스,KOSDAQ GLOBAL,우량기업부,161900,3,0,0.0,161900,166100,157200,220000,35729526550,3134384000000,19360000,KSQ,ME006
064760,KR7064760002,티씨케이,KOSDAQ GLOBAL,우량기업부,277000,2,-9000,-3.15,283000,286500,274500,47683,13372645500,3130236480000,11179416,KSQ,ME006
067310,KR7067310003,하나마이크론,KOSDAQ,중견기업부,45200,2,-1000,-2.16,46000,46800,45200,1234743,56809414600,3055255430550,66490869,KSQ,ME006
141080,KR7141080002,리가켐바이오,KOSDAQ GLOBAL,기술성장기업부,79400,2,-1400,-1.73,83400,83500,79300,210499,17097623800,2954149556400,37019418,KSQ,ME006
357780,KR7357780006,솔브레인,KOSDAQ GLOBAL,우량기업부,364500,2,-5500,-1.49,370000,382500,362000,45455,16998759250,2858623005000,7778566,KSQ,ME006
298380,KR7298380007,에이비엘바이오,KOSDAQ GLOBAL,기술성장기업부,49900,2,-900,-1.77,51900,52100,49750,343178,17400618950,2810570642600,55987463,KSQ,ME006
010170,KR7010170009,대한광통신,KOSDAQ,중견기업부,17220,2,-480,-2.71,17770,18690,17230,9668658,173903158530,2686792204800,155485660,KSQ,ME006
080220,KR7080220007,제주반도체,KOSDAQ,우량기업부,74600,2,-3000,-3.87,77000,78500,74500,650786,49816049700,2569435341800,34442833,KSQ,ME006
310210,KR7310210000,보로노이,KOSDAQ,기술성장기업부,137100,2,-10200,-6.92,147600,147600,135300,95924,13324727750,2552422071600,18536108,KSQ,ME006
257720,KR7257720003,실리콘투,KOSDAQ,우량기업부,38650,2,-100,-0.26,39200,40750,38450,591021,23219868500,2537800952400,65576252,KSQ,ME006
140410,KR7140410002,메지온,KOSDAQ,투자주의환기종목(소속부없음),78800,2,-3400,-4.14,83200,84300,78400,131978,10624695550,2412987911200,30621674,KSQ,ME006
226950,KR7226950004,올릭스,KOSDAQ GLOBAL,기술성장기업부,103600,1,900,0.88,104500,109300,102300,218605,23142030500,2375156271600,22750539,KSQ,ME006
145020,KR7145020004,휴젤,KOSDAQ,우량기업부,186100,2,-900,-0.48,187700,190800,182300,85281,15961390400,2329073695300,12515173,KSQ,ME006
319400,KR7319400008,현대무벡스,KOSDAQ,우량기업부,20700,2,-250,-1.19,21000,21100,20500,491621,10268601100,2305484007300,111376039,KSQ,ME006
005290,KR7005290002,동진쎄미켐,KOSDAQ,우량기업부,45050,2,-1750,-3.74,46350,46700,44800,540635,24662055525,2298752682600,50970126,KSQ,ME006
178320,KR7178320008,서진시스템,KOSDAQ,중견기업부,36100,1,3950,12.29,33550,37550,33500,3121547,112841686300,2287673255100,63723489,KSQ,ME006
032820,KR7032820003,우리기술,KOSDAQ,벤처기업부,12640,2,-320,-2.47,12960,13130,12700,2234760,28798274850,2196092418520,172784612,KSQ,ME006
058610,KR7058610007,에스피지,KOSDAQ,우량기업부,96800,2,-3900,-3.87,99600,100600,97000,150063,14799540250,2151203920000,22177360,KSQ,ME006
214370,KR7214370009,케어젠,KOSDAQ,벤처기업부,40200,3,0,0.0,40650,41150,39550,47161,1891184675,2132485500000,53715000,KSQ,ME006
030530,KR7030530000,원익홀딩스,KOSDAQ,중견기업부,27200,2,-1100,-3.89,28200,28800,27200,1078540,30123020825,2104734982250,77237981,KSQ,ME006
263750,KR7263750002,펄어비스,KOSDAQ,우량기업부,33150,2,-750,-2.21,33700,34200,33100,218030,7299132775,2089560007500,62843910,KSQ,ME006
214150,KR7214150005,클래시스,KOSDAQ GLOBAL,우량기업부,30900,1,200,0.65,30850,31300,30600,70034,2167804475,2005996514250,65235659,KSQ,ME006
098460,KR7098460009,고영,KOSDAQ,우량기업부,29000,2,-150,-0.51,29300,29750,28950,645263,18918544050,1988152808950,68204213,KSQ,ME006
347850,KR7347850000,디앤디파마텍,KOSDAQ,기술성장기업부,43100,2,-1400,-3.15,45150,45700,43150,517946,22942361000,1987035364800,45996189,KSQ,ME006
237690,KR7237690003,에스티팜,KOSDAQ GLOBAL,우량기업부,92800,1,1500,1.64,92800,94700,92100,101355,9468281000,1943614997800,20876638,KSQ,ME006
041510,KR7041510009,에스엠,KOSDAQ GLOBAL,우량기업부,82300,2,-300,-0.36,82700,83500,81200,112824,9281683350,1884232987000,22894690,KSQ,ME006
043260,KR7043260009,성호전자,KOSDAQ,우량기업부,24700,2,-1500,-5.73,26750,27150,24550,2409951,61867169350,1882523607600,75451848,KSQ,ME006
083650,KR7083650002,비에이치아이,KOSDAQ,우량기업부,60100,1,200,0.33,60300,61900,59100,184675,11219338550,1872134687500,30944375,KSQ,ME006
140860,KR7140860008,파크시스템스,KOSDAQ GLOBAL,우량기업부,260500,2,-4000,-1.51,261000,267000,258000,16380,4312654250,1841649347000,7002469,KSQ,ME006
089030,KR7089030001,테크윙,KOSDAQ,중견기업부,48950,2,-200,-0.41,49000,49900,48050,385639,19006958525,1828597380750,37053645,KSQ,ME006
131970,KR7131970006,두산테스나,KOSDAQ GLOBAL,우량기업부,89700,2,-4000,-4.27,92500,92800,90000,165203,15052100500,1752980486600,19327238,KSQ,ME006
068760,KR7068760008,셀트리온제약,KOSDAQ,우량기업부,39250,1,200,0.51,39250,39900,38900,111723,4401923725,1747231764200,44402332,KSQ,ME006
060370,KR7060370004,LS마린솔루션,KOSDAQ,우량기업부,33000,2,-650,-1.93,33450,33600,32550,128844,4267864200,1742165780900,52238854,KSQ,ME006
036540,KR7036540003,SFA반도체,KOSDAQ,중견기업부,10480,2,-90,-0.85,10470,10680,10350,3787472,39913971580,1738345402710,164460303,KSQ,ME006
007390,KR7007390008,네이처셀,KOSDAQ,중견기업부,25350,1,700,2.84,24750,25800,24750,265811,6761279025,1636650422400,64435056,KSQ,ME006
096530,KR7096530001,씨젠,KOSDAQ GLOBAL,우량기업부,34200,1,200,0.59,33850,34750,33700,286958,9863903246,1602989988600,46734402,KSQ,ME006
420770,KR7420770000,기가비스,KOSDAQ,우량기업부,125900,1,2800,2.27,123100,129700,121000,81939,10238112450,1595877932200,12675758,KSQ,ME006
437730,KR7437730005,삼현,KOSDAQ,기술성장기업부,49950,2,-1950,-3.76,50800,52200,49750,197641,10042113050,1588549106700,31707567,KSQ,ME006
089970,KR7089970008,브이엠,KOSDAQ,우량기업부,59900,2,-2500,-4.01,62700,62700,60000,443908,27066014500,1579605900000,26326765,KSQ,ME006
183300,KR7183300003,코미코,KOSDAQ,우량기업부,30250,2,-1550,-4.87,31500,31500,30000,313881,9666697425,1566579887500,51363275,KSQ,ME006
218410,KR7218410009,RFHIC,KOSDAQ,우량기업부,56600,2,-2000,-3.41,58700,59600,56800,262795,15182011650,1522772826600,26575442,KSQ,ME006
078600,KR7078600004,대주전자재료,KOSDAQ,우량기업부,91800,1,5600,6.5,86300,94800,86300,304686,28030490050,1457344006400,15704138,KSQ,ME006
323280,KR7323280008,태성,KOSDAQ,중견기업부,47800,1,1300,2.8,48350,50300,47500,375194,18360959525,1455134747000,30537980,KSQ,ME006
0009K0,KR70009K0001,에임드바이오,KOSDAQ,기술성장기업부,22300,1,900,4.21,22200,22900,22000,117334,2627661600,1452585973350,64992661,KSQ,ME006
950160,KR8840120008,코오롱티슈진,KOSDAQ,외국기업(소속부없음),16340,1,540,3.42,16180,17120,16110,998636,16570733255,1393510624000,84970160,KSQ,ME006
035900,KR7035900000,JYP Ent.,KOSDAQ GLOBAL,우량기업부,38050,1,350,0.93,37850,38300,37600,137324,5221826625,1353787945200,35532492,KSQ,ME006
039200,KR7039200001,오스코텍,KOSDAQ,벤처기업부,35250,2,-550,-1.54,36200,36800,35050,83991,3013414850,1348600704000,38258176,KSQ,ME006
241710,KR7241710003,코스메카코리아,KOSDAQ GLOBAL,우량기업부,125300,2,-2000,-1.57,126500,129500,124000,87766,11025032650,1343544000000,10680000,KSQ,ME006
204270,KR7204270003,제이앤티씨,KOSDAQ,중견기업부,22950,2,-850,-3.57,24800,26150,22850,1096776,26635543275,1327622294700,57848466,KSQ,ME006
082920,KR7082920000,비츠로셀,KOSDAQ GLOBAL,우량기업부,28600,1,750,2.69,27900,29150,27700,145474,4180638125,1297759963750,45139477,KSQ,ME006
003380,KR7003380003,하림지주,KOSDAQ GLOBAL,우량기업부,11140,1,110,1.0,11020,11350,11020,250343,2804894395,1249982730360,112005621,KSQ,ME006
290650,KR7290650001,엘앤씨바이오,KOSDAQ,우량기업부,45600,2,-1600,-3.39,47850,47850,45350,122639,5644750300,1235212443200,26969704,KSQ,ME006
950260,KR8840280000,인제니아테라퓨틱스(Reg.S),KOSDAQ,기술성장기업부,25850,1,1450,5.94,23800,24500,22650,2356334,60017519750,1203976180450,49444607,KSQ,ME006
127120,KR7127120004,제이에스링크,KOSDAQ,벤처기업부,32000,1,200,0.63,32100,33450,31700,414861,12755147800,1197572418000,37191690,KSQ,ME006
347700,KR7347700007,스피어,KOSDAQ,기술성장기업부,22300,2,-1000,-4.29,23500,24150,22000,957832,21862609325,1144440236400,51551362,KSQ,ME006
232140,KR7232140004,와이씨,KOSDAQ,우량기업부,13740,2,-510,-3.58,14300,14300,13760,1372446,19173693870,1141250818500,82045350,KSQ,ME006
166090,KR7166090001,하나머티리얼즈,KOSDAQ,우량기업부,56300,2,-2400,-4.09,58700,59100,56700,68280,3934205200,1127327418000,19777674,KSQ,ME006
252990,KR7252990007,샘씨엔에스,KOSDAQ,우량기업부,18480,1,550,3.07,18060,19000,17900,758579,14112422485,1117041840950,60217889,KSQ,ME006
195940,KR7195940002,HK이노엔,KOSDAQ GLOBAL,우량기업부,39150,1,300,0.77,38900,39800,38850,68848,2709047800,1111948221750,28329891,KSQ,ME006
458870,KR7458870003,씨어스,KOSDAQ,기술성장기업부,27700,1,2650,10.58,25750,29100,25700,592422,16452437575,1067918331700,38345362,KSQ,ME006
356860,KR7356860007,티엘비,KOSDAQ,우량기업부,43550,2,-1050,-2.35,45150,46300,43550,821617,36711401200,1035745062000,23701260,KSQ,ME006
293490,KR7293490009,카카오게임즈,KOSDAQ GLOBAL,중견기업부,9440,1,420,4.66,9000,9770,8910,420870,3992497160,1025821996650,106745265,KSQ,ME006
056190,KR7056190002,SFA,KOSDAQ GLOBAL,우량기업부,27900,2,-100,-0.36,27950,28300,27200,85981,2404238425,1009036156000,35908760,KSQ,ME006
086450,KR7086450004,동국제약,KOSDAQ GLOBAL,우량기업부,20900,2,-450,-2.11,21600,21600,21000,237097,5021164300,952100341000,45230420,KSQ,ME006
101490,KR7101490001,에스앤에스텍,KOSDAQ GLOBAL,우량기업부,42950,2,-1150,-2.61,44200,44800,43000,155378,6793752600,917399797000,21334879,KSQ,ME006
160190,KR7160190005,하이젠알앤엠,KOSDAQ,중견기업부,29200,2,-200,-0.68,29150,30450,28500,137002,4048183325,912740400000,30888000,KSQ,ME006
100790,KR7100790005,미래에셋벤처투자,KOSDAQ,우량기업부,17180,2,-630,-3.54,17850,17850,17160,296893,5199409025,911549118480,53120578,KSQ,ME006
083450,KR7083450007,GST,KOSDAQ,우량기업부,49200,2,-50,-0.1,49900,50400,48800,81829,4060231375,910442000000,18430000,KSQ,ME006
119850,KR7119850006,지엔씨에너지,KOSDAQ,우량기업부,54500,2,-1600,-2.85,56400,57100,54800,270701,15184291400,909624667700,16448909,KSQ,ME006
417200,KR7417200003,LS머트리얼즈,KOSDAQ,중견기업부,13040,2,-340,-2.54,13450,14100,12940,1075705,14559192355,884896779720,67652659,KSQ,ME006
099320,KR7099320004,쎄트렉아이,KOSDAQ,우량기업부,80300,1,2400,3.08,78500,83100,77500,74869,6041075500,876102240000,10951278,KSQ,ME006
328130,KR7328130000,루닛,KOSDAQ,기술성장기업부,11090,1,1280,13.05,11360,12490,11110,4743942,56075081755,868926960600,74458180,KSQ,ME006
445680,KR7445680002,큐리옥스바이오시스템즈,KOSDAQ,기술성장기업부,50600,1,1000,2.02,49400,52000,49050,110653,5611016200,866402359700,17224699,KSQ,ME006
065350,KR7065350001,신성델타테크,KOSDAQ,우량기업부,31300,2,-150,-0.48,31450,32550,31150,90351,2869204275,862995967200,27483948,KSQ,ME006
035760,KR7035760008,CJ ENM,KOSDAQ GLOBAL,중견기업부,38700,2,-50,-0.13,38850,39550,38450,59379,2316599225,854140548300,21929154,KSQ,ME006
115180,KR7115180002,큐리언트,KOSDAQ,벤처기업부,22500,2,-100,-0.44,23050,23350,22400,52324,1196174425,846395105050,37534151,KSQ,ME006
031330,KR7031330004,에스에이엠티,KOSDAQ,우량기업부,8380,1,140,1.7,8270,8700,8230,514971,4366398370,839958562800,99995067,KSQ,ME006
053800,KR7053800009,안랩,KOSDAQ,우량기업부,74100,2,-200,-0.27,74200,77600,73900,76794,5785112300,830037347600,11126506,KSQ,ME006
327260,KR7327260006,RF머트리얼즈,KOSDAQ,벤처기업부,45550,2,-1500,-3.19,47000,49200,45100,1155808,54006617000,829285477900,17988839,KSQ,ME006
014620,KR7014620009,성광벤드,KOSDAQ GLOBAL,우량기업부,31200,1,500,1.63,31100,32000,30400,90815,2846836675,827261888600,26557364,KSQ,ME006
036830,KR7036830008,솔브레인홀딩스,KOSDAQ GLOBAL,우량기업부,40400,2,-1100,-2.65,41150,42150,40200,45413,1859104300,826310434300,20503981,KSQ,ME006
388210,KR7388210007,씨엠티엑스,KOSDAQ,벤처기업부,85100,2,-3400,-3.84,89300,89600,85000,86559,7533382900,823523561400,9654438,KSQ,ME006
161580,KR7161580006,필옵틱스,KOSDAQ,중견기업부,33800,1,1150,3.52,35200,35650,33800,457345,15924698025,804069072100,23442247,KSQ,ME006
388720,KR7388720005,유일로보틱스,KOSDAQ,벤처기업부,68000,2,-900,-1.31,68400,69800,67300,13886,951439800,798775191000,11781345,KSQ,ME006
122870,KR7122870009,와이지엔터테인먼트,KOSDAQ GLOBAL,우량기업부,42800,2,-300,-0.7,43050,43700,42400,104906,4500254825,797173239850,18691049,KSQ,ME006
032500,KR7032500001,케이엠더블유,KOSDAQ,중견기업부,18810,2,-750,-3.83,19450,19710,18840,184379,3546286710,797001231890,42191701,KSQ,ME006
425420,KR7425420007,티에프이,KOSDAQ,우량기업부,63000,2,-1300,-2.02,64300,64800,62000,65206,4123269000,785280711600,12347181,KSQ,ME006
033100,KR7033100009,제룡전기,KOSDAQ GLOBAL,우량기업부,47100,2,-550,-1.15,48000,48300,47150,56480,2691942625,762964427500,16062409,KSQ,ME006
251970,KR7251970000,펌텍코리아,KOSDAQ GLOBAL,우량기업부,61900,1,4400,7.65,57700,63200,57700,115636,7150237300,762600000000,12400000,KSQ,ME006
085660,KR7085660009,차바이오텍,KOSDAQ,중견기업부,8240,1,280,3.52,8130,8320,8030,208327,1706683450,762377337200,92972846,KSQ,ME006
032190,KR7032190001,다우데이타,KOSDAQ,우량기업부,19740,2,-70,-0.35,19830,20100,19620,55716,1104541730,759489000000,38300000,KSQ,ME006
491000,KR7491000006,리브스메드,KOSDAQ,기술성장기업부,29800,2,-400,-1.32,30300,31550,29450,143012,4386842300,758920893550,25255271,KSQ,ME006
074600,KR7074600008,원익QnC,KOSDAQ,우량기업부,28350,2,-1100,-3.74,29100,29300,28550,93931,2707726800,751836800000,26288000,KSQ,ME006
044490,KR7044490001,태웅,KOSDAQ,우량기업부,37100,2,-1000,-2.62,37850,38750,37150,113596,4295790450,744274573200,20007381,KSQ,ME006
090360,KR7090360009,로보스타,KOSDAQ,중견기업부,76500,2,-2500,-3.16,78500,79700,76200,61542,4795815550,742950000000,9750000,KSQ,ME006
041960,KR7041960006,코미팜,KOSDAQ,벤처기업부,9900,1,50,0.51,9930,10000,9700,179776,1765339730,738720189900,74618201,KSQ,ME006
090710,KR7090710005,휴림로봇,KOSDAQ,중견기업부,6150,2,-180,-2.84,6250,6360,6080,1108659,6889260825,735288028350,119559029,KSQ,ME006
041830,KR7041830001,인바디,KOSDAQ,우량기업부,54200,1,1000,1.88,53700,54900,52200,59141,3184260800,732011892600,13480882,KSQ,ME006
059090,KR7059090001,미코,KOSDAQ,벤처기업부,21600,2,-950,-4.21,22300,22400,21700,165412,3651190675,728485760400,33416778,KSQ,ME006
225570,KR7225570001,넥슨게임즈,KOSDAQ,중견기업부,10950,3,0,0.0,10890,11070,10780,67210,734791460,728413524440,65860174,KSQ,ME006
281740,KR7281740001,레이크머티리얼즈,KOSDAQ,우량기업부,11090,1,440,4.13,10650,11320,10560,511625,5662801285,725665249920,65730548,KSQ,ME006
476060,KR7476060009,온코닉테라퓨틱스,KOSDAQ,기술성장기업부,15870,1,740,4.89,16120,16430,15780,580351,9347325065,725617283200,45407840,KSQ,ME006
171090,KR7171090004,선익시스템,KOSDAQ,우량기업부,71400,1,2800,4.08,69000,75400,67000,83871,6086261600,725138021600,10127626,KSQ,ME006
038500,KR7038500005,삼표시멘트,KOSDAQ GLOBAL,우량기업부,6650,1,20,0.3,6660,7030,6470,456013,3106070845,723039250200,107916306,KSQ,ME006
189300,KR7189300007,인텔리안테크,KOSDAQ,우량기업부,67200,2,-2500,-3.59,69900,70700,67300,40026,2755579750,722633548100,10737497,KSQ,ME006
213420,KR7213420003,덕산네오룩스,KOSDAQ,우량기업부,29200,1,200,0.69,28700,29850,28500,61199,1794466000,722587308900,24831179,KSQ,ME006
006730,KR7006730006,서부T&D,KOSDAQ GLOBAL,우량기업부,11190,1,590,5.57,10600,11580,10600,670508,7573380765,719901537600,64276923,KSQ,ME006
295310,KR7295310007,에이치브이엠,KOSDAQ,기술성장기업부,58200,2,-4900,-7.77,62100,62500,57600,174819,10347061500,718272623600,12426862,KSQ,ME006
023160,KR7023160005,태광,KOSDAQ GLOBAL,우량기업부,27500,1,1100,4.17,26550,28000,26100,174518,4785830800,715229241300,25867242,KSQ,ME006
476830,KR7476830005,알지노믹스,KOSDAQ,기술성장기업부,25150,2,-400,-1.57,27650,27750,25200,379207,9969662700,709802530800,28055436,KSQ,ME006
064290,KR7064290000,인텍플러스,KOSDAQ,중견기업부,54200,2,-600,-1.09,54800,56700,52800,365931,19794335950,707483758800,12957578,KSQ,ME006
033790,KR7033790007,피노,KOSDAQ,중견기업부,8370,1,770,10.13,7610,8590,7510,2770287,23120134195,697404194190,83321887,KSQ,ME006
466100,KR7466100005,클로봇,KOSDAQ,기술성장기업부,22600,2,-450,-1.95,22900,23200,22500,154473,3517480675,696459127500,30953739,KSQ,ME006
137400,KR7137400008,피엔티,KOSDAQ GLOBAL,우량기업부,29450,1,700,2.43,28800,29750,28550,134704,3947991875,694138330400,23690728,KSQ,ME006
121600,KR7121600001,나노신소재,KOSDAQ,우량기업부,55100,1,3200,6.17,51700,56400,51100,128729,7111045100,684230257800,12262191,KSQ,ME006
122640,KR7122640006,예스티,KOSDAQ,벤처기업부,31350,2,-650,-2.03,32050,32500,31200,213959,6785216675,684181870000,21651325,KSQ,ME006
124500,KR7124500000,아이티센글로벌,KOSDAQ,우량기업부,29150,2,-600,-2.02,29450,30250,29150,117431,3464603450,678732414750,23204527,KSQ,ME006
093320,KR7093320000,케이아이엔엑스,KOSDAQ,우량기업부,136000,1,3000,2.26,133100,137800,131500,6970,948813200,669048000000,4880000,KSQ,ME006
053610,KR7053610002,프로텍,KOSDAQ,우량기업부,73000,2,-3000,-3.95,76100,76900,71700,35871,2659172100,662400000000,9000000,KSQ,ME006
102710,KR7102710001,이엔에프테크놀로지,KOSDAQ,우량기업부,46000,2,-100,-0.22,45500,47650,42850,89458,4199363425,658669239600,14287836,KSQ,ME006
048410,KR7048410005,현대바이오,KOSDAQ,중견기업부,6820,2,-30,-0.44,6930,7140,6810,767094,5332862575,657202945320,96505572,KSQ,ME006
036810,KR7036810000,에프에스티,KOSDAQ,중견기업부,30250,2,-950,-3.04,31200,31600,30100,60317,1851587250,657071096150,21649789,KSQ,ME006
024850,KR7024850000,HLB이노베이션,KOSDAQ,중견기업부,19680,1,4540,29.99,19650,19680,19010,1287575,25236678625,624909745920,31753544,KSQ,ME006
033640,KR7033640004,네패스,KOSDAQ,중견기업부,26700,2,-900,-3.26,27650,27950,26950,128762,3513542100,623751414100,23059202,KSQ,ME006
253450,KR7253450001,스튜디오드래곤,KOSDAQ GLOBAL,우량기업부,20700,1,350,1.72,20200,20800,20150,33203,683506650,622210908600,30058498,KSQ,ME006
092870,KR7092870005,엑시콘,KOSDAQ,우량기업부,46100,1,3150,7.33,43400,47450,42850,764357,35077386625,613387459000,13050797,KSQ,ME006
126340,KR7126340009,비나텍,KOSDAQ,벤처기업부,83400,2,-3400,-3.92,88400,88400,83500,101515,8670368450,601718693200,7180414,KSQ,ME006
468530,KR7468530001,프로티나,KOSDAQ,기술성장기업부,53300,1,6050,12.8,50000,56200,49750,404466,21644312550,596346447600,11105148,KSQ,ME006
046890,KR7046890000,서울반도체,KOSDAQ GLOBAL,중견기업부,10170,2,-350,-3.33,10350,10480,10160,206639,2125338885,595881188000,58305400,KSQ,ME006
222080,KR7222080004,SFA넥셀,KOSDAQ GLOBAL,우량기업부,7590,1,130,1.74,7460,7790,7370,384177,2931256935,588795690080,77780144,KSQ,ME006
077360,KR7077360006,덕산하이메탈,KOSDAQ,벤처기업부,12840,2,-300,-2.28,13200,13600,12850,575551,7607638800,585228585760,45437002,KSQ,ME006
253590,KR7253590004,네오셈,KOSDAQ,우량기업부,13100,2,-580,-4.24,13500,13940,13300,705602,9526622765,584775956120,43869164,KSQ,ME006
050890,KR7050890003,쏠리드,KOSDAQ,우량기업부,9480,2,-50,-0.52,9490,10030,9400,1163825,11330993295,580224899700,60756534,KSQ,ME006
456160,KR7456160001,지투지바이오,KOSDAQ,기술성장기업부,34500,1,2450,7.64,32400,36350,32050,296526,10290795775,577872553500,16629426,KSQ,ME006
094170,KR7094170008,동운아나텍,KOSDAQ,우량기업부,27150,2,-200,-0.73,27200,28050,26850,46327,1274460500,569795756000,20909936,KSQ,ME006
052400,KR7052400009,코나아이,KOSDAQ GLOBAL,우량기업부,38200,1,1300,3.52,37150,39050,36800,55461,2123209325,559230374400,14563291,KSQ,ME006
490470,KR7490470002,세미파이브,KOSDAQ,기술성장기업부,16130,2,-80,-0.49,16250,16790,15950,390121,6394681340,556656198400,34025440,KSQ,ME006
045100,KR7045100005,한양이엔지,KOSDAQ,우량기업부,31550,2,-600,-1.87,32150,32250,31500,36732,1166269600,553875000000,17500000,KSQ,ME006
358570,KR7358570000,지아이이노베이션,KOSDAQ,기술성장기업부,8630,2,-240,-2.71,8970,9190,8550,218776,1921971245,553547331480,64516006,KSQ,ME006
144960,KR7144960002,뉴파워프라즈마,KOSDAQ,우량기업부,12600,2,-190,-1.49,12780,12970,12310,909097,11486969985,550963988640,43692624,KSQ,ME006
060250,KR7060250008,NHN KCP,KOSDAQ,우량기업부,13610,1,330,2.48,13270,13740,13040,207069,2797971830,548192340150,40160611,KSQ,ME006
079940,KR7079940003,가비아,KOSDAQ,우량기업부,40050,2,-1300,-3.14,40600,41050,39750,47387,1917708900,541524599400,13420684,KSQ,ME006
399720,KR7399720002,가온칩스,KOSDAQ,벤처기업부,45300,2,-2100,-4.43,46250,46650,45200,113902,5216136125,539577402000,11858844,KSQ,ME006
080580,KR7080580004,오킨스전자,KOSDAQ,벤처기업부,25100,1,250,1.01,24700,26550,24300,649933,16485938925,529382970500,21090955,KSQ,ME006
356680,KR7356680009,엑스게이트,KOSDAQ,벤처기업부,18410,1,190,1.04,18220,19980,17900,6948461,133079624000,528340036920,28543492,KSQ,ME006
475830,KR7475830006,오름테라퓨틱,KOSDAQ,기술성장기업부,24150,2,-850,-3.4,25750,26000,24100,364802,9111834375,527508213000,21752916,KSQ,ME006
112040,KR7112040001,위메이드,KOSDAQ,중견기업부,15480,1,290,1.91,15160,15780,15120,131999,2054204605,526880456160,33948483,KSQ,ME006
052020,KR7052020005,에스티큐브,KOSDAQ,투자주의환기종목(소속부없음),7700,2,-310,-3.87,8010,8140,7580,156755,1220334430,523471340700,67983291,KSQ,ME006
219130,KR7219130002,타이거일렉,KOSDAQ,벤처기업부,82900,1,2100,2.6,81900,84800,79000,36683,3020210000,523454641000,6314290,KSQ,ME006
009520,KR7009520008,포스코엠텍,KOSDAQ GLOBAL,중견기업부,12480,1,240,1.96,12240,12730,12170,120265,1508366420,519700933440,41642703,KSQ,ME006
397030,KR7397030008,에이프릴바이오,KOSDAQ,기술성장기업부,18750,1,640,3.53,18600,19540,18360,278022,5269490670,515349223400,27558782,KSQ,ME006
037460,KR7037460003,삼지전자,KOSDAQ,우량기업부,30850,1,350,1.15,30550,31850,30450,38387,1202958150,511585664700,16318522,KSQ,ME006
376900,KR7376900007,로킷헬스케어,KOSDAQ,기술성장기업부,28950,1,850,3.02,30350,32900,29100,441899,13562802000,510274732500,17445290,KSQ,ME006
089890,KR7089890008,코세스,KOSDAQ,우량기업부,30300,1,1250,4.3,29050,32300,28550,282238,8591356025,505841341000,16584962,KSQ,ME006
086900,KR7086900008,메디톡스,KOSDAQ,우량기업부,68400,1,1000,1.48,68000,69200,67400,16908,1158679200,501406743900,7298497,KSQ,ME006
101160,KR7101160000,월덱스,KOSDAQ,우량기업부,30050,2,-850,-2.75,31050,31050,30050,33649,1021792000,499457538250,16510993,KSQ,ME006
025980,KR7025980004,아난티,KOSDAQ,우량기업부,5000,2,-220,-4.21,5100,5150,4970,1253190,6304587998,490396989600,97300990,KSQ,ME006
214430,KR7214430001,아이쓰리시스템,KOSDAQ,우량기업부,66500,2,-1900,-2.78,67100,68400,65400,23956,1596452900,488852683500,7307215,KSQ,ME006
098120,KR7098120009,마이크로컨텍솔,KOSDAQ,우량기업부,57900,2,-100,-0.17,58000,59700,57000,120040,7008132550,487959364200,8312766,KSQ,ME006
211050,KR7211050000,인카금융서비스,KOSDAQ,우량기업부,9930,2,-60,-0.6,9990,10150,9800,49121,490310960,487710204300,49263657,KSQ,ME006
033500,KR7033500000,동성화인텍,KOSDAQ,우량기업부,15980,1,50,0.31,16000,16220,15810,104252,1671190320,478932219180,29989494,KSQ,ME006
383310,KR7383310000,에코프로에이치엔,KOSDAQ,우량기업부,22500,1,850,3.93,21550,22750,21350,171415,3853624750,477179703000,20974932,KSQ,ME006
348340,KR7348340001,뉴로메카,KOSDAQ,기술성장기업부,20300,1,250,1.25,20000,20950,19700,291256,5920631825,474020586000,23408424,KSQ,ME006
019210,KR7019210004,와이지-원,KOSDAQ,우량기업부,12730,1,590,4.86,12290,13080,12230,637087,8123397430,473104220160,37193728,KSQ,ME006
099190,KR7099190001,아이센스,KOSDAQ,중견기업부,15980,1,120,0.76,15980,16080,15820,14200,226466580,471107655090,29573613,KSQ,ME006
034950,KR7034950006,한국기업평가,KOSDAQ,우량기업부,103500,2,-500,-0.48,104000,104000,103500,879,91150800,469943199000,4540514,KSQ,ME006
015750,KR7015750003,성우하이텍,KOSDAQ,우량기업부,5850,1,90,1.56,5730,5880,5730,117451,684437675,467200000000,80000000,KSQ,ME006
027360,KR7027360007,아주IB투자,KOSDAQ,중견기업부,3820,2,-200,-4.98,4075,4075,3800,1853077,7280904745,466409813100,121145406,KSQ,ME006
035890,KR7035890003,서희건설,KOSDAQ,중견기업부,2255,2,-25,-1.1,2270,2305,2230,185514,419494452,466036263320,207588536,KSQ,ME006
041190,KR7041190000,우리기술투자,KOSDAQ,우량기업부,5760,2,-300,-4.95,5880,6000,5770,1407635,8258962090,462840000000,79800000,KSQ,ME006
460930,KR7460930001,현대힘스,KOSDAQ,우량기업부,13000,1,70,0.54,13000,13230,12910,54374,712201140,462348936420,35510671,KSQ,ME006
082270,KR7082270000,젬백스,KOSDAQ,벤처기업부,10170,2,-510,-4.78,10200,10430,10010,121657,1239643185,458899122830,45480587,KSQ,ME006
365340,KR7365340009,성일하이텍,KOSDAQ,기술성장기업부,35250,1,1050,3.07,34450,36250,34050,31262,1113033650,455469303750,12921115,KSQ,ME006
042000,KR7042000000,카페24,KOSDAQ,우량기업부,18670,1,640,3.55,17530,19560,17040,733732,13640217770,454066013820,24178169,KSQ,ME006
078340,KR7078340007,컴투스,KOSDAQ GLOBAL,중견기업부,37500,1,2550,7.3,34600,37900,34600,158736,5883017675,452819671850,12091313,KSQ,ME006
348370,KR7348370008,엔켐,KOSDAQ,중견기업부,20600,1,400,1.98,20050,21300,19910,164746,3424677585,452462026100,21910994,KSQ,ME006
056080,KR7056080005,유진로봇,KOSDAQ,중견기업부,11880,2,-50,-0.42,12000,12330,11680,245790,2944495810,451561089660,38235486,KSQ,ME006
069540,KR7069540003,빛과전자,KOSDAQ,벤처기업부,3995,2,-25,-0.62,4020,4180,3955,3154168,12775911249,450204128515,112691897,KSQ,ME006
340570,KR7340570001,티앤엘,KOSDAQ,우량기업부,28050,2,-350,-1.23,28850,28950,27900,52154,1480476525,449963360000,16070120,KSQ,ME006
104830,KR7104830005,원익머트리얼즈,KOSDAQ,우량기업부,35550,2,-1250,-3.4,36900,37000,35300,38563,1384845800,447584000000,12608000,KSQ,ME006
013030,KR7013030002,하이록코리아,KOSDAQ,우량기업부,38150,1,450,1.19,37800,39150,37650,40245,1546103750,447189472000,11768144,KSQ,ME006
290550,KR7290550003,디케이티,KOSDAQ,우량기업부,22150,2,-150,-0.67,22300,22650,21700,256488,5665990075,443027244500,20001230,KSQ,ME006
187660,KR7187660006,페니트리움바이오,KOSDAQ,중견기업부,6840,1,210,3.17,6740,6990,6530,659618,4477526475,437529170520,63966253,KSQ,ME006
336570,KR7336570007,원텍,KOSDAQ,우량기업부,4880,1,35,0.72,4880,4975,4830,285348,1404299708,436135955710,89280646,KSQ,ME006
278280,KR7278280003,천보,KOSDAQ,중견기업부,35650,1,950,2.74,34500,36900,34000,28480,1024838000,435595038750,12253025,KSQ,ME006
486990,KR7486990005,노타,KOSDAQ,기술성장기업부,20100,2,-250,-1.23,20150,20600,19610,390430,7904105550,431057464500,21392430,KSQ,ME006
125490,KR7125490003,한라캐스트,KOSDAQ,벤처기업부,11680,2,-430,-3.55,12000,12210,11750,474165,5663171970,429267659520,36502352,KSQ,ME006
067160,KR7067160002,SOOP,KOSDAQ GLOBAL,우량기업부,37150,1,650,1.78,36400,37300,35900,41978,1539342375,428180070750,11494767,KSQ,ME006
204620,KR7204620009,글로벌텍스프리,KOSDAQ,우량기업부,5980,1,180,3.1,5810,6200,5700,608798,3668220845,425214146500,70283330,KSQ,ME006
368770,KR7368770004,파이버프로,KOSDAQ,벤처기업부,12880,2,-300,-2.28,13240,13570,12860,169022,2236069035,423819502500,32854225,KSQ,ME006
475960,KR7475960001,토모큐브,KOSDAQ,기술성장기업부,31150,1,3300,11.85,28800,32600,28500,136093,4252810500,422478054900,13476174,KSQ,ME006
030520,KR7030520001,한컴,KOSDAQ,우량기업부,17500,1,270,1.57,17050,17700,17010,106429,1867022295,422420127680,24179744,KSQ,ME006
089010,KR7089010003,켐트로닉스,KOSDAQ,우량기업부,25150,1,1700,7.25,24600,26650,24150,543976,13923690525,421766179050,16770027,KSQ,ME006
272290,KR7272290008,이녹스첨단소재,KOSDAQ GLOBAL,우량기업부,21100,1,50,0.24,21150,21800,20950,81862,1748562375,421678315350,19937509,KSQ,ME006
170920,KR7170920003,엘티씨,KOSDAQ,벤처기업부,38750,1,50,0.13,38300,41150,38000,261634,10413252050,421508627400,10564126,KSQ,ME006
114810,KR7114810005,한솔아이원스,KOSDAQ,우량기업부,14790,1,20,0.14,14420,15160,14230,344732,5110926875,419333292600,28143174,KSQ,ME006
241770,KR7241770007,메카로,KOSDAQ,우량기업부,40650,2,-950,-2.28,41600,42250,40450,9688,400404175,415859712000,10192640,KSQ,ME006
067630,KR7067630004,HLB생명과학,KOSDAQ,투자주의환기종목(소속부없음),3405,1,785,29.96,3405,3405,3405,268547,914402535,415127582490,121917058,KSQ,ME006
078350,KR7078350006,한양디지텍,KOSDAQ,우량기업부,27000,2,-650,-2.35,27500,27650,25700,231616,6223993900,411598314000,15244382,KSQ,ME006
477850,KR7477850002,마키나락스,KOSDAQ,기술성장기업부,22750,1,1650,7.82,21400,23850,20850,1071173,24469764550,410134401600,17754736,KSQ,ME006
386380,KR7386380000,스카이랩스,KOSDAQ,기술성장기업부,21300,2,-1650,-7.19,23400,24250,21500,1604595,36436744775,404320604350,18761977,KSQ,ME006
376300,KR7376300000,디어유,KOSDAQ,우량기업부,17020,2,-20,-0.12,17000,17230,16850,54178,923139090,404265054180,23738406,KSQ,ME006
332570,KR7332570001,PS일렉트로닉스,KOSDAQ,우량기업부,8700,2,-130,-1.47,8840,9040,8760,804097,7130940910,403817900370,45940603,KSQ,ME006
018290,KR7018290007,브이티,KOSDAQ,우량기업부,11580,1,460,4.14,11180,11550,11060,117203,1338756785,402180555380,34941838,KSQ,ME006
033160,KR7033160003,엠케이전자,KOSDAQ,중견기업부,16070,2,-470,-2.84,16500,16870,16040,630039,10367307520,401131067140,24564058,KSQ,ME006
078130,KR7078130002,국일제지,KOSDAQ,중견기업부,3455,2,-35,-1.0,3490,3530,3440,76100,264701345,394028351565,112740587,KSQ,ME006
417840,KR7417840006,저스템,KOSDAQ,벤처기업부,16690,2,-390,-2.28,17010,17430,16490,948042,15952919540,391011444240,22946681,KSQ,ME006
095660,KR7095660007,네오위즈,KOSDAQ,우량기업부,17840,2,-90,-0.5,17930,18040,17730,29024,520437290,387292616100,21636459,KSQ,ME006
236200,KR7236200002,슈프리마,KOSDAQ,우량기업부,55700,1,500,0.91,55700,56900,53800,22197,1243865850,387074260500,6974311,KSQ,ME006
079370,KR7079370003,제우스,KOSDAQ,우량기업부,12370,2,-480,-3.74,12800,12960,12060,801591,9921339570,386781865300,31016990,KSQ,ME006
174900,KR7174900001,앱클론,KOSDAQ,벤처기업부,19410,2,-190,-0.97,20050,20250,19270,92522,1816481770,385275610990,19952129,KSQ,ME006
101730,KR7101730000,위메이드맥스,KOSDAQ,중견기업부,4575,2,-90,-1.93,4625,4730,4580,162840,755649483,384657082740,83803286,KSQ,ME006
456010,KR7456010008,아이씨티케이,KOSDAQ,기술성장기업부,26150,1,3550,15.71,23250,28150,22950,2267859,60308378000,383587157500,14502350,KSQ,ME006
215200,KR7215200007,메가스터디교육,KOSDAQ,우량기업부,36950,1,700,1.93,36250,37250,35950,29384,1085600925,383512992000,10365216,KSQ,ME006
159010,KR7159010008,아스플로,KOSDAQ,벤처기업부,28400,2,-1400,-4.7,29900,30350,27500,180250,5239334000,381373535400,13334739,KSQ,ME006
441270,KR7441270006,파인엠텍,KOSDAQ,벤처기업부,8690,2,-60,-0.69,8730,8930,8530,339135,2953852315,370059593750,42292525,KSQ,ME006
092730,KR7092730001,네오팜,KOSDAQ,우량기업부,22800,2,-850,-3.59,23250,23550,22850,35434,818577700,368643747000,16027989,KSQ,ME006
107640,KR7107640005,한중엔시에스,KOSDAQ,기술성장기업부,40750,1,500,1.24,40850,42600,40600,68064,2832470075,368490054900,9064946,KSQ,ME006
439960,KR7439960006,코스모로보틱스,KOSDAQ,기술성장기업부,11400,2,-80,-0.7,11480,11780,11210,533258,6101831085,367665592580,32450626,KSQ,ME006
078020,KR7078020005,LS증권,KOSDAQ,우량기업부,6570,1,40,0.61,6530,6660,6510,74573,491608780,364511418300,55481190,KSQ,ME006
200710,KR7200710002,에이디테크놀로지,KOSDAQ,중견기업부,26550,2,-200,-0.75,26750,27150,26350,62384,1673834475,362127988300,13462007,KSQ,ME006
069080,KR7069080000,웹젠,KOSDAQ GLOBAL,우량기업부,11630,1,320,2.83,11250,11770,11210,144893,1687860905,360760598750,30966575,KSQ,ME006
003800,KR7003800000,에이스침대,KOSDAQ,우량기업부,32550,1,200,0.62,32250,32800,32250,855,27758050,360425000000,11090000,KSQ,ME006
018000,KR7018000000,유니슨,KOSDAQ,중견기업부,1237,2,-53,-4.11,1282,1294,1232,1157014,1460609077,359635678864,291912077,KSQ,ME006
078160,KR7078160009,메디포스트,KOSDAQ,벤처기업부,9190,1,220,2.45,9180,9400,9080,37846,349081540,359114163480,39204603,KSQ,ME006
006910,KR7006910004,보성파워텍,KOSDAQ,우량기업부,7250,2,-170,-2.29,7610,7630,7260,605196,4465642005,356682522240,49129824,KSQ,ME006
052710,KR7052710001,아모텍,KOSDAQ,중견기업부,18890,2,-30,-0.16,19150,19430,18100,575191,10851995680,356056048000,18680800,KSQ,ME006
348210,KR7348210006,넥스틴,KOSDAQ,우량기업부,33250,2,-100,-0.3,33550,34450,33150,49033,1651865800,350979667500,10477005,KSQ,ME006
036800,KR7036800001,나이스정보통신,KOSDAQ,우량기업부,7620,1,200,2.7,7420,7910,7380,103249,795407860,350350000000,45500000,KSQ,ME006
092190,KR7092190008,서울바이오시스,KOSDAQ,투자주의환기종목(소속부없음),7600,2,-410,-5.12,8000,8090,7510,187642,1448804870,348599710800,45868383,KSQ,ME006
025320,KR7025320003,시노펙스,KOSDAQ,우량기업부,3785,2,-5,-0.13,3785,3895,3760,322068,1232704511,348594446340,92220753,KSQ,ME006
025900,KR7025900002,동화기업,KOSDAQ,중견기업부,6880,1,150,2.23,6730,7040,6650,69775,483166810,347328547950,50557285,KSQ,ME006
330860,KR7330860008,네패스아크,KOSDAQ,중견기업부,27850,2,-1400,-4.79,29100,29250,27800,105692,3002904150,344199271250,12184045,KSQ,ME006
138080,KR7138080007,오이솔루션,KOSDAQ,벤처기업부,27350,2,-1000,-3.53,29000,31300,27550,561397,16366983475,342863896600,12377758,KSQ,ME006
393890,KR7393890009,더블유씨피,KOSDAQ,기술성장기업부,10090,2,-440,-4.18,10530,10750,10030,284748,2933119820,342154185840,33843144,KSQ,ME006
200470,KR7200470003,에이팩트,KOSDAQ,중견기업부,7720,2,-440,-5.39,8210,8210,7700,803140,6332711115,341385501240,43823556,KSQ,ME006
046970,KR7046970000,우리로,KOSDAQ,벤처기업부,7640,2,-270,-3.41,7930,8140,7700,1909578,15088864785,338767242270,43824999,KSQ,ME006
064260,KR7064260003,다날,KOSDAQ,중견기업부,4455,1,85,1.95,4375,4510,4315,751125,3359071972,338513420075,75645457,KSQ,ME006
093520,KR7093520005,매커스,KOSDAQ,우량기업부,28050,2,-1200,-4.1,28850,29450,27750,13500,382838750,336226895250,11901837,KSQ,ME006
060280,KR7060280005,큐렉소,KOSDAQ,중견기업부,8200,1,450,5.81,7870,8460,7820,329465,2718654860,335442092700,41259790,KSQ,ME006
424870,KR7424870004,이뮨온시아,KOSDAQ,기술성장기업부,3620,1,540,17.53,3330,3815,3330,9904707,35810643304,333618281850,91402269,KSQ,ME006
036620,KR7036620003,감성코퍼레이션,KOSDAQ,우량기업부,3660,2,-55,-1.48,3695,3720,3625,437335,1603075626,329797004480,89862944,KSQ,ME006
372320,KR7372320002,큐로셀,KOSDAQ,기술성장기업부,21450,1,250,1.18,21800,22500,21350,41544,918449050,328906483200,15227152,KSQ,ME006
121440,KR7121440002,골프존홀딩스,KOSDAQ,우량기업부,7670,1,140,1.86,7520,7950,7520,34994,271783430,328558394060,42836818,KSQ,ME006
017890,KR7017890005,한국알콜,KOSDAQ,우량기업부,15690,1,300,1.95,15480,16420,15410,312339,4954636450,325194249380,20673506,KSQ,ME006
0010S0,KR70010S0000,와이즈플래닛컴퍼니,KOSDAQ,중견기업부,32450,2,-13850,-29.91,46900,47800,32450,6021480,233106957400,325149973500,10020030,KSQ,ME006
039440,KR7039440003,에스티아이,KOSDAQ,우량기업부,20750,2,-650,-3.04,21300,21300,20750,40610,850745825,323321929950,15507047,KSQ,ME006
199800,KR7199800004,툴젠,KOSDAQ,기술성장기업부,35800,1,2050,6.07,35400,36650,34500,78499,2820515425,323014881100,8997629,KSQ,ME006
110990,KR7110990009,디아이티,KOSDAQ,우량기업부,16970,2,-760,-4.29,17620,17630,16850,93127,1596750320,322245000000,18900000,KSQ,ME006
448900,KR7448900001,한국피아이엠,KOSDAQ,기술성장기업부,52400,2,-2100,-3.85,53900,54900,52300,26752,1429365700,320731329600,6074457,KSQ,ME006
452430,KR7452430002,사피엔반도체,KOSDAQ,기술성장기업부,39100,2,-1150,-2.86,39600,40650,37400,89223,3489733875,320723105850,8255421,KSQ,ME006
117730,KR7117730002,티로보틱스,KOSDAQ,벤처기업부,14150,2,-220,-1.53,14250,14440,14050,129682,1850093145,319647469310,22558043,KSQ,ME006
215600,KR7215600008,신라젠,KOSDAQ,중견기업부,2300,1,60,2.68,2260,2335,2260,479824,1107333818,319365965020,138553564,KSQ,ME006
455900,KR7455900001,엔젤로보틱스,KOSDAQ,기술성장기업부,20850,2,-400,-1.88,21150,21250,20700,18129,378820475,318634706700,15392981,KSQ,ME006
389470,KR7389470006,인벤티지랩,KOSDAQ,기술성장기업부,23900,2,-600,-2.45,25000,25450,23700,59900,1476884400,318054221200,13307708,KSQ,ME006
047920,KR7047920004,HLB제약,KOSDAQ,기술성장기업부,9620,1,2220,30.0,9620,9620,9620,32890,316401800,315529804720,32799356,KSQ,ME006
234340,KR7234340008,헥토파이낸셜,KOSDAQ,우량기업부,22200,2,-350,-1.55,22150,23000,21700,234596,5267743250,314339760000,13970656,KSQ,ME006
488900,KR7488900002,비츠로넥스텍,KOSDAQ,기술성장기업부,10700,2,-30,-0.28,10860,10940,10600,42511,456117155,311786526680,28976443,KSQ,ME006
900290,HK0000307485,GRT,KOSDAQ,외국기업(소속부없음),3345,2,-40,-1.18,3450,3450,3310,168945,565976704,310718144750,92751685,KSQ,ME006
061970,KR7061970000,LB세미콘,KOSDAQ,중견기업부,4380,2,-20,-0.45,4480,4585,4370,355374,1590546421,310467716580,70083006,KSQ,ME006
206650,KR7206650004,유바이오로직스,KOSDAQ,우량기업부,8370,1,130,1.58,8300,8590,8250,81226,686758075,309454424940,36752307,KSQ,ME006
168360,KR7168360006,펨트론,KOSDAQ,벤처기업부,13620,2,-670,-4.69,14390,14390,13570,74397,1027059355,307897658750,22392557,KSQ,ME006
482630,KR7482630001,삼양엔씨켐,KOSDAQ,중견기업부,13670,2,-310,-2.22,13950,13950,13390,160795,2193521240,299869436000,21888280,KSQ,ME006
484590,KR7484590005,삼양컴텍,KOSDAQ,벤처기업부,7170,1,540,8.14,6640,7690,6630,824213,5965332085,299599971500,41210450,KSQ,ME006
352480,KR7352480008,씨앤씨인터내셔널,KOSDAQ,우량기업부,21900,2,-50,-0.23,22250,22300,21700,10172,224398450,297813336850,13629901,KSQ,ME006
071200,KR7071200000,인피니트헬스케어,KOSDAQ,중견기업부,12140,1,320,2.71,11820,12360,11820,34187,415746780,296173000120,24396458,KSQ,ME006
035810,KR7035810001,이지홀딩스,KOSDAQ,우량기업부,4565,1,35,0.77,4510,4590,4460,148831,679296256,295806708225,64516185,KSQ,ME006
025770,KR7025770009,한국정보통신,KOSDAQ,우량기업부,7860,3,0,0.0,7890,7960,7660,21597,169508650,294311970060,37444271,KSQ,ME006
446540,KR7446540007,메가터치,KOSDAQ,중견기업부,10040,2,-860,-7.89,10900,10900,9960,901925,9249216875,292535856660,29079111,KSQ,ME006
042370,KR7042370007,비츠로테크,KOSDAQ,우량기업부,11130,1,480,4.51,10710,11540,10600,2726190,30502522790,292130278750,26200025,KSQ,ME006
203650,KR7203650007,드림시큐리티,KOSDAQ,중견기업부,2815,1,25,0.9,2805,3045,2750,7658013,22234276081,290366301820,101704484,KSQ,ME006
425040,KR7425040003,티이엠씨,KOSDAQ,우량기업부,13200,1,310,2.4,12750,13220,12700,1044698,13593728600,289382253600,21922898,KSQ,ME006
101930,KR7101930006,인화정공,KOSDAQ,우량기업부,6320,2,-60,-0.94,6340,6410,6300,10647,67485700,289247267430,45694671,KSQ,ME006
265520,KR7265520007,AP시스템,KOSDAQ,우량기업부,19120,2,-40,-0.21,19210,19320,18940,28063,535872080,287621189310,15050821,KSQ,ME006
036200,KR7036200004,유니셈,KOSDAQ,우량기업부,9350,2,-230,-2.4,9520,9760,9330,170377,1617523590,287017127280,30664223,KSQ,ME006
012210,KR7012210001,삼미금속,KOSDAQ,중견기업부,12150,2,-290,-2.33,12300,13520,12070,7505890,96891526455,286300611180,23051579,KSQ,ME006
160980,KR7160980009,싸이맥스,KOSDAQ,우량기업부,25850,2,-1000,-3.72,27100,27100,25800,105312,2775859650,286215166600,10924243,KSQ,ME006
049070,KR7049070006,인탑스,KOSDAQ,우량기업부,18160,1,60,0.33,18230,18410,18010,34058,620634410,286037591000,15742300,KSQ,ME006
472850,KR7472850007,폰드그룹,KOSDAQ,중견기업부,4940,1,15,0.3,4975,4985,4885,17176,84535650,285843252180,57571652,KSQ,ME006
092460,KR7092460005,한라IMS,KOSDAQ,우량기업부,16620,1,320,1.96,16540,16790,16330,11117,185125345,284876172000,17109680,KSQ,ME006
091580,KR7091580001,상신이디피,KOSDAQ,우량기업부,21250,1,150,0.71,20900,22200,20600,226840,4874350500,283891064700,13328219,KSQ,ME006
136480,KR7136480001,하림,KOSDAQ,우량기업부,2655,1,15,0.57,2650,2670,2640,204009,541823148,283048855830,106209702,KSQ,ME006
228760,KR7228760005,지노믹트리,KOSDAQ,기술성장기업부,11330,1,330,3.0,11300,11620,11150,92829,1059442760,281654758660,24859202,KSQ,ME006
054950,KR7054950001,제이브이엠,KOSDAQ,우량기업부,23300,1,300,1.3,23150,23400,23000,5110,118767400,280485494400,12089892,KSQ,ME006
389500,KR7389500000,에스비비테크,KOSDAQ,기술성장기업부,41800,2,-1200,-2.79,43000,44600,42050,72277,3110697300,280198997600,6663472,KSQ,ME006
099440,KR7099440000,스맥,KOSDAQ,중견기업부,4090,2,-85,-2.04,4170,4220,4070,122425,504482684,279797915400,68243394,KSQ,ME006
448280,KR7448280008,에코아이,KOSDAQ,중견기업부,9290,2,-50,-0.54,9340,9430,9230,3564,33180150,279421546470,29631129,KSQ,ME006
200670,KR7200670008,휴메딕스,KOSDAQ,우량기업부,24700,1,450,1.86,24200,25000,24150,16718,411821100,276817774500,11229930,KSQ,ME006
084110,KR7084110006,휴온스글로벌,KOSDAQ,우량기업부,21700,1,400,1.88,21300,21950,21300,18473,400795425,275983901600,12659812,KSQ,ME006
035600,KR7035600006,KG이니시스,KOSDAQ,우량기업부,9940,1,30,0.3,9930,10000,9900,27731,275829890,274993251320,27554434,KSQ,ME006
086390,KR7086390002,유니테스트,KOSDAQ,중견기업부,12900,2,-400,-3.01,13150,13340,12820,146991,1919534565,273898272960,21134126,KSQ,ME006
294570,KR7294570007,쿠콘,KOSDAQ,우량기업부,26500,2,-900,-3.28,26350,27150,26200,54168,1447878450,270458417600,10091732,KSQ,ME006
317330,KR7317330009,덕산테코피아,KOSDAQ,중견기업부,13150,1,460,3.62,12830,13615,12740,103825,1380182020,269676611280,20476584,KSQ,ME006
094360,KR7094360005,칩스앤미디어,KOSDAQ,벤처기업부,12310,1,660,5.67,11960,13090,11780,769846,9644391665,268435794180,21355274,KSQ,ME006
068930,KR7068930007,디지털대성,KOSDAQ,우량기업부,9670,1,70,0.73,9510,10000,9420,330775,3247728130,267620557140,27675342,KSQ,ME006
098070,KR7098070006,한텍,KOSDAQ,중견기업부,23600,2,-300,-1.26,24100,24250,23550,62350,1486694450,264127098750,11121141,KSQ,ME006
091700,KR7091700005,파트론,KOSDAQ,우량기업부,5290,1,70,1.34,5230,5340,5200,66943,354093430,263000000000,50000000,KSQ,ME006
493280,KR7493280002,아이엠바이오로직스,KOSDAQ,기술성장기업부,17900,1,230,1.3,17670,18390,17250,118264,2106909620,262328130870,14845961,KSQ,ME006
043150,KR7043150002,바텍,KOSDAQ,우량기업부,17570,1,110,0.63,17500,17660,17270,21922,384369950,262326160960,14854256,KSQ,ME006
216080,KR7216080002,제테마,KOSDAQ,벤처기업부,7010,2,-180,-2.5,7400,7400,7000,90296,641881755,262128305970,37287099,KSQ,ME006
0161M0,KR70161M0003,네오사피엔스,KOSDAQ,기술성장기업부,20850,2,-4950,-19.19,25000,25200,21100,2154592,49052165700,261419083000,12215845,KSQ,ME006
024840,KR7024840001,KBI메탈,KOSDAQ,중견기업부,5940,2,-410,-6.46,6290,6410,5980,1936984,11837316895,261232865670,43466367,KSQ,ME006
036890,KR7036890002,진성티이씨,KOSDAQ,우량기업부,11900,2,-70,-0.58,12000,12100,11540,138615,1636101855,260425603860,22032623,KSQ,ME006
484120,KR7484120001,도우인시스,KOSDAQ,중견기업부,23150,2,-650,-2.73,24000,24250,22500,87873,2062609550,260238772500,10957422,KSQ,ME006
051500,KR7051500007,CJ프레시웨이,KOSDAQ,우량기업부,21850,1,200,0.92,21850,22000,21600,2627,57089550,259987733400,11871586,KSQ,ME006
060720,KR7060720000,KH바텍,KOSDAQ,중견기업부,10940,2,-10,-0.09,11020,11140,10950,43472,479250435,259978313160,23677442,KSQ,ME006
377450,KR7377450002,리파인,KOSDAQ,우량기업부,14960,1,710,4.98,14530,15070,14190,44798,668067360,259950000000,17330000,KSQ,ME006
389650,KR7389650003,넥스트바이오메디컬,KOSDAQ,기술성장기업부,31550,2,-850,-2.62,32700,33050,31350,25159,805493700,259492916100,8277286,KSQ,ME006
394280,KR7394280002,오픈엣지테크놀로지,KOSDAQ,기술성장기업부,9720,2,-70,-0.72,9800,10050,9550,100179,988209950,259249855200,26346530,KSQ,ME006
151860,KR7151860004,KG에코솔루션,KOSDAQ,우량기업부,5490,1,100,1.86,5430,5480,5370,57157,309686240,258960330880,47603002,KSQ,ME006
378340,KR7378340004,필에너지,KOSDAQ,중견기업부,11990,1,270,2.3,11760,12450,11760,46250,559851770,258644389900,21643882,KSQ,ME006
067390,KR7067390005,아스트,KOSDAQ,중견기업부,6200,1,100,1.64,6170,6330,6100,48857,302603785,258169590410,42115757,KSQ,ME006
287840,KR7287840003,인투셀,KOSDAQ,기술성장기업부,17170,2,-310,-1.77,17960,18090,17000,36690,648095340,256875516000,15021960,KSQ,ME006
042520,KR7042520007,한스바이오메드,KOSDAQ,벤처기업부,18050,1,270,1.52,17950,18370,17800,73625,1329634630,256847219670,14261367,KSQ,ME006
0011T0,KR70011T0008,채비,KOSDAQ,기술성장기업부,5400,2,-20,-0.37,5490,5580,5350,128308,701853870,256344766860,46949591,KSQ,ME006
267980,KR7267980001,매일유업,KOSDAQ,우량기업부,33500,1,100,0.3,33750,33750,33100,1790,59814550,255965509200,7663638,KSQ,ME006
089980,KR7089980007,상아프론테크,KOSDAQ,우량기업부,15950,1,620,4.04,15480,16140,15410,45804,728368500,255504811260,15989037,KSQ,ME006
461300,KR7461300006,아이스크림미디어,KOSDAQ,벤처기업부,18680,1,100,0.54,18880,19160,18470,30126,571252845,252811369680,13333933,KSQ,ME006
452280,KR7452280001,한선엔지니어링,KOSDAQ,우량기업부,13020,2,-340,-2.54,13500,13700,12830,503178,6696362125,251759523600,19247670,KSQ,ME006
304360,KR7304360001,에스바이오메딕스,KOSDAQ,벤처기업부,20550,1,400,1.99,20250,21000,19860,26993,548392230,251494729200,12481128,KSQ,ME006
023410,KR7023410004,유진기업,KOSDAQ,중견기업부,3250,1,35,1.09,3210,3275,3205,119731,388184760,250873750435,77310863,KSQ,ME006
439090,KR7439090002,마녀공장,KOSDAQ,우량기업부,15280,2,-110,-0.71,15360,15570,15040,41180,634744815,250652945400,16393260,KSQ,ME006
354320,KR7354320004,알멕,KOSDAQ,기술성장기업부,39100,2,-3100,-7.35,42200,42300,38800,120163,4839286250,249263859000,6391381,KSQ,ME006
036710,KR7036710002,심텍홀딩스,KOSDAQ,중견기업부,4555,1,70,1.56,4485,4750,4370,674909,3092661719,247762166260,52827754,KSQ,ME006
065680,KR7065680001,우주일렉트로,KOSDAQ,우량기업부,26300,2,-1250,-4.54,26950,26950,25850,16610,438099950,245796528600,9240471,KSQ,ME006
073490,KR7073490005,LIG아큐버,KOSDAQ,우량기업부,32000,1,50,0.16,31800,32900,31650,32553,1053385050,245224033500,7603846,KSQ,ME006
115450,KR7115450009,HLB테라퓨틱스,KOSDAQ,중견기업부,2580,1,593,29.84,2580,2580,2580,208660,538342800,244282898520,94683294,KSQ,ME006
314130,KR7314130006,지놈앤컴퍼니,KOSDAQ,기술성장기업부,4605,2,-230,-4.76,4800,4800,4545,470011,2174195147,242930829125,52299425,KSQ,ME006
036030,KR7036030005,케이티알파,KOSDAQ,우량기업부,4920,2,-5,-0.1,4920,4970,4905,14601,71913970,240929078015,49019141,KSQ,ME006
108860,KR7108860008,셀바스AI,KOSDAQ,벤처기업부,8890,1,90,1.02,8960,9220,8850,379382,3431741560,240349074700,26914790,KSQ,ME006
254490,KR7254490006,미래반도체,KOSDAQ,우량기업부,16590,2,-220,-1.31,16820,17140,16500,75950,1278238425,239670800000,14438000,KSQ,ME006
376270,KR7376270005,HEM파마,KOSDAQ,기술성장기업부,33150,2,-1050,-3.07,33600,34000,33000,5658,188225750,238592808350,7219147,KSQ,ME006
389260,KR7389260001,대명에너지,KOSDAQ,우량기업부,13260,1,430,3.35,12860,13460,12860,115008,1529410435,238107959250,17916325,KSQ,ME006
043370,KR7043370006,피에이치에이,KOSDAQ,우량기업부,11310,1,70,0.62,11110,11340,11110,20296,229008650,237300000000,21000000,KSQ,ME006
445090,KR7445090004,에이직랜드,KOSDAQ,벤처기업부,21350,2,-400,-1.84,22000,22100,21400,16033,348587775,236540495700,10925658,KSQ,ME006
011560,KR7011560000,세보엠이씨,KOSDAQ,우량기업부,23200,2,-1100,-4.53,24300,24550,23150,38099,896768125,235481761200,10084872,KSQ,ME006
064820,KR7064820004,케이프,KOSDAQ,우량기업부,7660,1,60,0.79,7630,7700,7500,16929,129090480,235463440450,30860215,KSQ,ME006
272110,KR7272110008,케이엔제이,KOSDAQ,우량기업부,28750,2,-1550,-5.12,30400,30400,28850,57286,1676299225,234341534000,8025395,KSQ,ME006
256840,KR7256840000,한국비엔씨,KOSDAQ,우량기업부,3425,1,790,29.98,2655,3425,2650,20387783,63736373424,234252484550,68394886,KSQ,ME006
064850,KR7064850001,에프앤가이드,KOSDAQ,벤처기업부,20100,1,220,1.11,20300,20750,18930,92200,1884268770,233341289400,11410332,KSQ,ME006
019010,KR7019010008,베뉴지,KOSDAQ,중견기업부,4855,2,-65,-1.32,4920,4935,4700,244562,1181273087,233047000000,48200000,KSQ,ME006
065710,KR7065710006,서호전기,KOSDAQ,우량기업부,45200,1,450,1.01,45250,45450,44700,6051,272946200,233037500000,5150000,KSQ,ME006
032580,KR7032580003,피델릭스,KOSDAQ,중견기업부,7010,2,-10,-0.14,7000,7300,6810,545683,3844023645,232255768640,33132064,KSQ,ME006
100120,KR7100120005,뷰웍스,KOSDAQ,우량기업부,26100,1,250,0.97,25750,26550,25700,9350,243879850,231910974350,8971411,KSQ,ME006
462350,KR7462350000,이노스페이스,KOSDAQ,기술성장기업부,6810,1,210,3.18,6650,6920,6600,178764,1211598665,231749952480,33881572,KSQ,ME006
394800,KR7394800007,쓰리빌리언,KOSDAQ,기술성장기업부,7070,1,1270,21.9,7260,7540,7010,4651811,34257910535,231668185840,31822553,KSQ,ME006
416180,KR7416180008,신성에스티,KOSDAQ,벤처기업부,25600,1,400,1.59,24950,28500,24750,306434,8236723550,229610361200,9039778,KSQ,ME006
180400,KR7180400004,DXVX,KOSDAQ,관리종목(소속부없음),2330,2,-55,-2.31,2390,2445,2320,26934,63361995,229340576560,98429432,KSQ,ME006
243070,KR7243070000,휴온스,KOSDAQ,우량기업부,19040,1,210,1.12,19080,19250,18800,14566,278141445,229290788100,11979665,KSQ,ME006
215000,KR7215000001,골프존,KOSDAQ,우량기업부,36450,1,700,1.96,35900,36550,35550,16929,614317400,228111335250,6275415,KSQ,ME006
144510,KR7144510005,지씨셀,KOSDAQ,중견기업부,14390,1,340,2.42,14250,14730,14200,43787,635942015,227524953600,15800344,KSQ,ME006
064550,KR7064550007,바이오니아,KOSDAQ,중견기업부,8650,1,470,5.75,8770,8980,8550,397169,3477152260,225323840430,25810291,KSQ,ME006
200130,KR7200130003,콜마비앤에이치,KOSDAQ GLOBAL,우량기업부,7850,1,200,2.61,7750,7870,7660,34786,270597310,225312619140,28775558,KSQ,ME006
094480,KR7094480001,갤럭시아머니트리,KOSDAQ,우량기업부,5660,1,100,1.8,5650,5780,5560,241567,1375676635,225179270120,39229838,KSQ,ME006
023760,KR7023760002,한국캐피탈,KOSDAQ,우량기업부,1438,1,30,2.13,1408,1428,1405,46361,65779064,225029627688,157804788,KSQ,ME006
085910,KR7085910008,네오티스,KOSDAQ,중견기업부,16320,2,-360,-2.16,16820,17380,16250,168239,2794177055,224165792500,13794818,KSQ,ME006
298830,KR7298830001,슈어소프트테크,KOSDAQ,우량기업부,4115,1,80,1.98,4050,4235,4015,207740,862220378,221585478355,53458499,KSQ,ME006
190510,KR7190510008,나무가,KOSDAQ,우량기업부,15610,2,-80,-0.51,15690,16000,15540,43849,690884700,220153504710,14085317,KSQ,ME006
0008Z0,KR70008Z0005,에스엔시스,KOSDAQ,벤처기업부,23200,2,-300,-1.28,23450,23950,23050,9504,224060450,219871941200,9436564,KSQ,ME006
481070,KR7481070001,에이유브랜즈,KOSDAQ,중견기업부,15400,1,30,0.2,15430,15480,15010,3416,52066360,219252825000,14330250,KSQ,ME006
237880,KR7237880000,클리오,KOSDAQ,우량기업부,12120,1,220,1.85,12050,12180,11890,17088,206424690,218844084830,18071353,KSQ,ME006
241520,KR7241520006,DSC인베스트먼트,KOSDAQ,중견기업부,8180,1,80,0.99,8150,8380,8020,125175,1034945340,218652000000,26600000,KSQ,ME006
114190,KR7114190002,강원에너지,KOSDAQ,중견기업부,8380,1,60,0.72,8340,8600,8260,50850,429481010,218388597680,26123038,KSQ,ME006
005710,KR7005710009,대원산업,KOSDAQ,우량기업부,10790,1,50,0.47,10600,10870,10550,7643,82208190,217207584000,20037600,KSQ,ME006
475400,KR7475400008,씨메스로보틱스,KOSDAQ,기술성장기업부,18310,1,30,0.16,18640,18680,18280,43876,811762140,216184229140,11806894,KSQ,ME006
045390,KR7045390002,대아티아이,KOSDAQ,우량기업부,3045,2,-125,-3.94,3100,3105,3010,657885,2013607026,216000900505,70473377,KSQ,ME006
067080,KR7067080002,대화제약,KOSDAQ,중견기업부,11460,1,10,0.09,11510,11680,11300,42025,485099140,215766973500,18616650,KSQ,ME006
450950,KR7450950001,아스테라시스,KOSDAQ,벤처기업부,5730,1,510,9.77,5900,6140,5510,128777,743876610,215606102160,37627592,KSQ,ME006
0001A0,KR70001A0001,덕양에너젠,KOSDAQ,중견기업부,8510,1,90,1.07,8480,8690,8380,48471,414767250,215467418520,25468962,KSQ,ME006
462860,KR7462860008,더즌,KOSDAQ,벤처기업부,2995,2,-80,-2.6,3040,3110,2960,980272,2980604230,215304309000,71768103,KSQ,ME006
243840,KR7243840006,신흥에스이씨,KOSDAQ,우량기업부,5540,1,100,1.84,5450,5690,5300,110633,613274380,214383786600,38558235,KSQ,ME006
365270,KR7365270008,큐라클,KOSDAQ,기술성장기업부,9690,1,120,1.25,9570,9990,9400,35126,341623090,214258112640,22156992,KSQ,ME006
307180,KR7307180000,아이엘,KOSDAQ,벤처기업부,5710,2,-70,-1.21,5780,5960,5390,147830,849875170,213003450520,36915676,KSQ,ME006
018310,KR7018310003,삼목에스폼,KOSDAQ,우량기업부,14470,3,0,0.0,14410,14540,14400,11254,162819150,212709000000,14700000,KSQ,ME006
125020,KR7125020008,티씨머티리얼즈,KOSDAQ,중견기업부,6030,2,-140,-2.27,6200,6300,6050,458570,2827597575,212333613000,35038550,KSQ,ME006
112290,KR7112290002,와이씨켐,KOSDAQ,기술성장기업부,10490,2,-30,-0.29,10750,10930,10030,164103,1752721970,212119234100,20221090,KSQ,ME006
290690,KR7290690007,아리바이오홀딩스,KOSDAQ,중견기업부,3990,1,10,0.25,4015,4175,3980,335997,1357511588,211760491950,53072805,KSQ,ME006
382900,KR7382900009,범한퓨얼셀,KOSDAQ,벤처기업부,23900,2,-100,-0.42,24750,24750,23950,94565,2295741200,210702050000,8761000,KSQ,ME006
206640,KR7206640005,바디텍메드,KOSDAQ,우량기업부,9490,1,140,1.5,9420,9640,9300,22488,214169950,209001566340,21907921,KSQ,ME006
053030,KR7053030003,바이넥스,KOSDAQ,중견기업부,6300,1,240,3.96,6150,6420,6070,110358,695441890,208525119440,32684188,KSQ,ME006
950170,KR8392080006,JTC,KOSDAQ,외국기업(소속부없음),4240,1,40,0.95,4315,4315,4200,5415,23004242,206066410875,48773115,KSQ,ME006
014940,KR7014940001,오리엔탈정공,KOSDAQ,우량기업부,4500,1,30,0.67,4500,4570,4445,65781,297369280,205992947720,45573661,KSQ,ME006
340450,KR7340450006,지씨지놈,KOSDAQ,기술성장기업부,8710,1,530,6.48,8210,8880,8210,1020517,8855166220,205052375310,23650793,KSQ,ME006
353810,KR7353810005,이지바이오,KOSDAQ,우량기업부,6180,3,0,0.0,6180,6200,6100,20721,127527450,204446265600,33081920,KSQ,ME006
058970,KR7058970005,엠로,KOSDAQ,기술성장기업부,16520,1,300,1.85,16360,16840,16140,14016,232806990,204233356880,12362794,KSQ,ME006
099430,KR7099430001,바이오플러스,KOSDAQ,우량기업부,3330,1,45,1.37,3300,3395,3275,96640,323091015,204030789820,61640722,KSQ,ME006
036190,KR7036190007,금화피에스시,KOSDAQ,우량기업부,34000,1,250,0.74,33400,34450,33400,2208,75288600,203400000000,6000000,KSQ,ME006
053300,KR7053300000,한국정보인증,KOSDAQ,우량기업부,5120,1,60,1.19,5040,5180,5010,112508,576275410,202969198980,39565146,KSQ,ME006
049430,KR7049430002,코메론,KOSDAQ,우량기업부,22400,2,-700,-3.03,22950,23050,22350,13346,300709575,202675200000,9048000,KSQ,ME006
095500,KR7095500005,미래나노텍,KOSDAQ,우량기업부,6510,1,100,1.56,6400,6650,6380,76896,504831145,202185193480,31009999,KSQ,ME006
459510,KR7459510004,나우로보틱스,KOSDAQ,기술성장기업부,15430,2,-260,-1.66,15660,15680,15440,24123,374629570,200645785720,12978382,KSQ,ME006
217730,KR7217730001,강스템바이오텍,KOSDAQ,기술성장기업부,2150,1,90,4.37,2105,2220,2060,314731,679404307,200335337370,94054149,KSQ,ME006
199430,KR7199430000,케이엔알시스템,KOSDAQ,기술성장기업부,17780,2,-490,-2.68,18110,18350,17720,45440,819293550,199643276690,11197043,KSQ,ME006
061090,KR7061090007,세나테크놀로지,KOSDAQ,벤처기업부,36300,2,-350,-0.95,36650,37000,36300,14800,541015400,198745442500,5467550,KSQ,ME006
078150,KR7078150000,HB테크놀러지,KOSDAQ,우량기업부,2065,1,50,2.48,2060,2110,2045,1283815,2672245898,197437339840,94921798,KSQ,ME006
314930,KR7314930009,바이오다인,KOSDAQ,기술성장기업부,6640,2,-30,-0.45,6740,6790,6580,20798,138325010,196443079800,29764103,KSQ,ME006
417030,KR7417030004,니어스랩,KOSDAQ,기술성장기업부,33300,2,-2400,-6.72,38000,38500,33250,402577,14339667250,195859148400,5777556,KSQ,ME006
126730,KR7126730001,코칩,KOSDAQ,벤처기업부,22300,2,-400,-1.76,22850,23650,22050,175195,3967562800,195135303500,8770126,KSQ,ME006
086670,KR7086670007,비엠티,KOSDAQ,우량기업부,19590,1,280,1.45,19310,19730,19010,61698,1199010945,194249569450,9925885,KSQ,ME006
083310,KR7083310003,엘오티베큠,KOSDAQ,우량기업부,10790,2,-310,-2.79,11200,11200,10680,65466,711522930,192882657390,17810033,KSQ,ME006
042420,KR7042420000,네오위즈홀딩스,KOSDAQ,우량기업부,23500,1,250,1.08,23250,23950,23150,5258,123288300,191750764650,8142283,KSQ,ME006
123330,KR7123330003,제닉,KOSDAQ,우량기업부,23900,2,-200,-0.83,24200,24550,23850,179610,4317399800,191248320000,7968680,KSQ,ME006
308430,KR7308430008,셀비온,KOSDAQ,기술성장기업부,14390,2,-310,-2.11,14800,15140,14050,25060,368104030,190868662290,12905251,KSQ,ME006
013120,KR7013120001,동원개발,KOSDAQ,우량기업부,2105,1,25,1.2,2100,2110,2080,32760,68715887,190697010000,90808100,KSQ,ME006
036560,KR7036560001,KZ정밀,KOSDAQ,우량기업부,11910,2,-130,-1.08,12170,12170,11980,2658,32050260,190260000000,15750000,KSQ,ME006
304100,KR7304100001,솔트룩스,KOSDAQ,기술성장기업부,15080,1,10,0.07,15110,15350,15060,49124,747635670,190041271950,12593855,KSQ,ME006
005160,KR7005160007,동국산업,KOSDAQ,중견기업부,3495,3,0,0.0,3495,3540,3495,269955,948580290,189584464590,54244482,KSQ,ME006
024060,KR7024060006,흥구석유,KOSDAQ,중견기업부,13150,1,790,6.39,12370,12720,12330,1302701,16739189270,189300000000,15000000,KSQ,ME006
192440,KR7192440006,슈피겐코리아,KOSDAQ,우량기업부,30400,1,450,1.5,30050,30750,30000,4920,149726900,188977435200,6216363,KSQ,ME006
194700,KR7194700001,노바렉스,KOSDAQ,우량기업부,10280,1,180,1.78,10150,10440,10140,34393,353888710,188572579840,18254848,KSQ,ME006
126600,KR7126600006,BGF에코머티리얼즈,KOSDAQ,우량기업부,3015,1,15,0.5,3005,3030,2960,30479,91039145,188300697000,62766899,KSQ,ME006
066620,KR7066620006,국보디자인,KOSDAQ,우량기업부,25050,1,200,0.8,25500,25800,24900,4634,117245500,187875000000,7500000,KSQ,ME006
034810,KR7034810002,해성산업,KOSDAQ,중견기업부,5890,2,-60,-1.01,5980,5980,5890,5713,33881980,187270301360,31580152,KSQ,ME006
102940,KR7102940004,코오롱생명과학,KOSDAQ,중견기업부,14280,1,360,2.59,14080,14530,14060,48612,695183320,187064716870,13090603,KSQ,ME006
452450,KR7452450000,피아이이,KOSDAQ,벤처기업부,5180,2,-170,-3.18,5350,5580,5190,193480,1032973620,186987915000,36028500,KSQ,ME006
143240,KR7143240000,사람인,KOSDAQ,우량기업부,17420,1,100,0.58,17500,17500,17200,6085,105600050,186964174020,10732731,KSQ,ME006
293780,KR7293780003,압타바이오,KOSDAQ,기술성장기업부,6800,1,340,5.26,6400,6820,6400,57749,384259315,186259275150,28093405,KSQ,ME006
052330,KR7052330008,코텍,KOSDAQ,우량기업부,10520,1,270,2.63,10270,10590,10240,11271,117634490,186141452720,17761589,KSQ,ME006
388050,KR7388050007,지투파워,KOSDAQ,우량기업부,9910,2,-370,-3.6,10280,10470,9900,344478,3503204120,185971803780,18709437,KSQ,ME006
484810,KR7484810007,티엑스알로보틱스,KOSDAQ,벤처기업부,11960,2,-20,-0.17,12040,12200,11860,53431,642727690,184638434250,15450915,KSQ,ME006
084850,KR7084850007,아이티엠반도체,KOSDAQ,중견기업부,8050,2,-60,-0.74,8040,8150,7980,6875,55345810,184185424080,22682934,KSQ,ME006
046120,KR7046120002,오르비텍,KOSDAQ,중견기업부,5390,2,-190,-3.41,5560,5680,5290,543101,2997627080,184173555520,33855433,KSQ,ME006
176750,KR7176750008,듀켐바이오,KOSDAQ,기술성장기업부,6450,1,180,2.87,6470,6580,6380,56513,366045260,183752244000,28488720,KSQ,ME006
163730,KR7163730005,핑거,KOSDAQ,벤처기업부,14200,1,1550,12.25,12660,14620,12360,344256,4862663105,182677410270,12765717,KSQ,ME006
214180,KR7214180002,헥토이노베이션,KOSDAQ,우량기업부,13910,2,-120,-0.86,14000,14140,13860,19466,272909835,182296939010,12993367,KSQ,ME006
464080,KR7464080001,에스오에스랩,KOSDAQ,기술성장기업부,10100,1,110,1.1,9990,10260,9790,133319,1341810825,181937046900,18013569,KSQ,ME006
230240,KR7230240004,에치에프알,KOSDAQ,중견기업부,13470,2,-340,-2.46,13820,14240,13410,135059,1859859965,181401670000,13309000,KSQ,ME006
083930,KR7083930008,아바코,KOSDAQ,우량기업부,12220,1,110,0.91,12120,12450,12020,46058,565888010,180970480170,14677249,KSQ,ME006
094820,KR7094820008,일진파워,KOSDAQ,우량기업부,11910,1,110,0.93,12020,12210,11810,57539,692291460,179285850010,15078709,KSQ,ME006
068790,KR7068790005,DMS,KOSDAQ,우량기업부,8000,1,300,3.9,7770,8150,7350,96285,760918290,178804039440,22184124,KSQ,ME006
419530,KR7419530001,SAMG엔터,KOSDAQ,기술성장기업부,17490,1,270,1.57,17360,17820,17280,42472,745903505,178424250760,10207337,KSQ,ME006
067290,KR7067290007,JW신약,KOSDAQ,중견기업부,3145,1,5,0.16,3245,3385,3150,9938739,32488580659,177637616510,56037103,KSQ,ME006
194480,KR7194480000,데브시스터즈,KOSDAQ,중견기업부,14610,1,320,2.24,14310,14870,14310,49548,726497120,177182824000,12169150,KSQ,ME006
403850,KR7403850001,더핑크퐁컴퍼니,KOSDAQ,중견기업부,12240,1,70,0.58,12210,12500,12110,44374,548332340,176804443200,14351010,KSQ,ME006
041920,KR7041920000,메디아나,KOSDAQ,우량기업부,9550,1,640,7.18,9010,9590,8990,132250,1244965580,176683118500,18598223,KSQ,ME006
274090,KR7274090000,켄코아에어로스페이스,KOSDAQ,기술성장기업부,12750,2,-180,-1.39,12950,13370,12800,516460,6732861250,176447591670,13774207,KSQ,ME006
318060,KR7318060001,그래피,KOSDAQ,기술성장기업부,15860,2,-120,-0.75,16140,16450,15740,36323,582823760,176309909520,11187177,KSQ,ME006
108380,KR7108380007,대양전기공업,KOSDAQ,우량기업부,18290,2,-50,-0.27,18400,18590,18240,16551,305042460,176230273860,9567333,KSQ,ME006
0015G0,KR70015G0009,그린광학,KOSDAQ,기술성장기업부,15130,1,560,3.84,14790,15230,14450,72744,1096589125,176123242050,11702541,KSQ,ME006
086820,KR7086820008,바이오솔루션,KOSDAQ,기술성장기업부,6710,1,320,5.01,6340,6970,6270,144379,944954785,176024537150,25924085,KSQ,ME006
138610,KR7138610001,나이벡,KOSDAQ,기술성장기업부,15340,1,60,0.39,15530,15800,15100,42074,655659340,175746079780,11367793,KSQ,ME006
387690,KR7387690001,레메디,KOSDAQ,기술성장기업부,23100,1,4250,22.55,18590,24500,18580,8079222,178017487885,175393193000,7625791,KSQ,ME006
263860,KR7263860009,지니언스,KOSDAQ,벤처기업부,19330,1,960,5.23,18380,19490,18080,295251,5663033400,175236280000,9079600,KSQ,ME006
051160,KR7051160000,지어소프트,KOSDAQ,중견기업부,12980,1,940,7.81,12030,13390,11690,511589,6495813490,175004771040,13482648,KSQ,ME006
405100,KR7405100009,큐알티,KOSDAQ,중견기업부,14150,2,-60,-0.42,14250,14470,14080,16057,229512875,174630967210,12289301,KSQ,ME006
489460,KR7489460006,바이오비쥬,KOSDAQ,벤처기업부,11810,2,-150,-1.25,11960,12170,11640,50710,604715760,174531385210,14753287,KSQ,ME006
082800,KR7082800004,비보존 제약,KOSDAQ,중견기업부,2830,1,40,1.43,2870,2895,2815,92083,261930189,171533056450,60719666,KSQ,ME006
0039P0,KR70039P0000,매드업,KOSDAQ,기술성장기업부,8870,1,1160,15.05,7800,9550,7770,11482063,103443757980,171523488000,18807400,KSQ,ME006
092130,KR7092130004,이크레더블,KOSDAQ,중견기업부,14250,1,40,0.28,14250,14320,14140,3143,44716160,171500864000,12043600,KSQ,ME006
054210,KR7054210000,이랜텍,KOSDAQ,우량기업부,6770,1,190,2.89,6580,6860,6530,66905,451652970,171221491700,25291210,KSQ,ME006
143160,KR7143160000,아이디스,KOSDAQ,우량기업부,16070,1,160,1.01,15920,15980,15780,1890,30147280,170819256600,10716390,KSQ,ME006
270660,KR7270660004,에브리봇,KOSDAQ,벤처기업부,13400,2,-240,-1.76,13410,13600,13400,12917,174132050,170688341350,12690583,KSQ,ME006
012860,KR7012860003,모베이스전자,KOSDAQ,우량기업부,2310,1,35,1.54,2280,2407,2265,504411,1187259039,170633954810,73233457,KSQ,ME006
234690,KR7234690006,녹십자웰빙,KOSDAQ,우량기업부,9410,1,440,4.91,9000,9640,9000,203030,1906172135,170471622100,17963290,KSQ,ME006
039860,KR7039860002,나노엔텍,KOSDAQ,중견기업부,4440,1,250,5.97,4190,4925,4190,2454382,11282697764,170466412175,38093053,KSQ,ME006
199820,KR7199820002,제일일렉트릭,KOSDAQ,우량기업부,7630,1,50,0.66,7590,7840,7500,98768,759492320,169983000000,22220000,KSQ,ME006
475040,KR7475040002,스트라드비젼,KOSDAQ,기술성장기업부,3140,1,60,1.95,3100,3230,3090,361282,1139790789,169818890910,53825322,KSQ,ME006
122990,KR7122990005,와이솔,KOSDAQ,중견기업부,6640,1,90,1.37,6610,6680,6520,45044,298800050,169790282980,25648079,KSQ,ME006
039830,KR7039830005,오로라,KOSDAQ,우량기업부,15760,1,150,0.96,15530,15820,15290,24612,381686790,169730775300,10762890,KSQ,ME006
264850,KR7264850009,이랜시스,KOSDAQ,중견기업부,5580,2,-140,-2.45,5720,5780,5570,171505,968253530,169649827200,30294612,KSQ,ME006
119610,KR7119610004,인터로조,KOSDAQ,우량기업부,14840,1,440,3.06,14380,15040,14250,29392,433328620,169151730540,11413747,KSQ,ME006
051370,KR7051370005,인터플렉스,KOSDAQ,우량기업부,7270,1,270,3.86,7000,7690,6990,620937,4563675155,168657622560,23327472,KSQ,ME006
123410,KR7123410003,코리아에프티,KOSDAQ,우량기업부,6080,1,170,2.88,5950,6120,5880,80505,487440115,168438437200,27841064,KSQ,ME006
382800,KR7382800001,지앤비에스 에코,KOSDAQ,우량기업부,5230,2,-20,-0.38,5170,5520,5160,737263,3922492035,168386206890,31831041,KSQ,ME006
260970,KR7260970009,에스앤디,KOSDAQ,우량기업부,57500,1,300,0.52,57200,58500,56500,10147,582673600,167779732000,2892754,KSQ,ME006
357550,KR7357550003,석경에이티,KOSDAQ,기술성장기업부,30450,2,-150,-0.49,31000,31000,30300,1732,53056150,167741250000,5455000,KSQ,ME006
104480,KR7104480009,티케이케미칼,KOSDAQ,중견기업부,1860,1,57,3.16,1809,1864,1795,209832,387201354,167429389428,90895434,KSQ,ME006
264450,KR7264450008,유비쿼스,KOSDAQ,우량기업부,11360,1,20,0.18,11410,11500,11100,93660,1058376950,167186620200,14665493,KSQ,ME006
049630,KR7049630007,재영솔루텍,KOSDAQ,우량기업부,7130,1,170,2.44,7200,7360,7100,192550,1389565875,166827092460,23365139,KSQ,ME006
032620,KR7032620007,GC메디아이,KOSDAQ,우량기업부,3205,1,135,4.4,3100,3230,3070,131870,417623485,166769859105,52197139,KSQ,ME006
036170,KR7036170009,에이치엠넥스,KOSDAQ,중견기업부,2715,1,5,0.18,2765,2765,2640,185622,500017478,166607674590,61365626,KSQ,ME006
038390,KR7038390001,레드캡투어,KOSDAQ,우량기업부,10020,3,0,0.0,10030,10080,9950,5313,53231700,166372178900,16720822,KSQ,ME006
478340,KR7478340003,나라스페이스테크놀로지,KOSDAQ,기술성장기업부,13980,2,-210,-1.48,14090,15490,14090,2215280,32640130535,165912830350,11610415,KSQ,ME006
289080,KR7289080004,SV인베스트먼트,KOSDAQ,중견기업부,2735,1,10,0.37,2725,2825,2715,816941,2266924106,165079449585,60138233,KSQ,ME006
119830,KR7119830008,아이텍,KOSDAQ,중견기업부,6220,2,-10,-0.16,6180,6370,6170,98851,619664530,165069693920,26538536,KSQ,ME006
118990,KR7118990001,모트렉스,KOSDAQ,우량기업부,6730,2,-80,-1.17,6760,6800,6690,55984,377284865,164155011990,24537371,KSQ,ME006
126700,KR7126700004,하이비젼시스템,KOSDAQ,우량기업부,10960,1,390,3.69,10610,11300,10570,54940,606242705,163914968640,14942112,KSQ,ME006
488280,KR7488280009,에스투더블유,KOSDAQ,기술성장기업부,15070,2,-800,-5.04,15310,15880,15080,352296,5444226475,163573093460,10825486,KSQ,ME006
0082N0,KR70082N0008,카나프테라퓨틱스,KOSDAQ,기술성장기업부,12210,1,230,1.92,12300,12970,12080,48207,602603150,163331122400,13300580,KSQ,ME006
402030,KR7402030001,코난테크놀로지,KOSDAQ,기술성장기업부,13040,2,-40,-0.31,13470,13470,12940,16167,211657285,162977693760,12517488,KSQ,ME006
204610,KR7204610000,티쓰리,KOSDAQ,벤처기업부,2920,2,-60,-2.01,2955,2990,2910,35913,105365707,162720562400,55726220,KSQ,ME006
134580,KR7134580000,탑코미디어,KOSDAQ,중견기업부,3320,1,140,4.4,3145,3435,3050,360554,1180182842,162424220955,49294149,KSQ,ME006
372170,KR7372170001,윤성에프앤씨,KOSDAQ,우량기업부,20300,1,430,2.16,20400,20800,19940,8765,178701735,162373626800,7979048,KSQ,ME006
950140,KR8840110108,잉글우드랩,KOSDAQ,외국기업(소속부없음),8250,1,100,1.23,7950,8200,7950,4512,36564360,162320465220,19867866,KSQ,ME006
032940,KR7032940009,원익,KOSDAQ,우량기업부,8940,2,-360,-3.87,9300,9310,8885,292540,2648481355,161919310900,18193181,KSQ,ME006
093190,KR7093190007,빅솔론,KOSDAQ,우량기업부,8470,1,430,5.35,8090,8430,8000,15490,128747440,161222023900,19238905,KSQ,ME006
088800,KR7088800008,에이스테크,KOSDAQ,중견기업부,2145,2,-60,-2.72,2220,2260,2130,158345,346123679,160828704420,75506434,KSQ,ME006
013990,KR7013990007,아가방컴퍼니,KOSDAQ,우량기업부,4850,1,85,1.78,4805,4920,4790,48741,237222965,160655613360,32887536,KSQ,ME006
123860,KR7123860009,아나패스,KOSDAQ,우량기업부,13200,2,-150,-1.12,13500,13500,12950,23689,311494780,159786609700,12123415,KSQ,ME006
355150,KR7355150004,코스텍시스,KOSDAQ,벤처기업부,20450,2,-850,-3.99,21300,21300,20200,92347,1909176925,159455807500,7797350,KSQ,ME006
149950,KR7149950008,아바텍,KOSDAQ,우량기업부,11660,2,-460,-3.8,12170,12170,11590,82934,976081320,159228739950,13667703,KSQ,ME006
080160,KR7080160005,모두투어,KOSDAQ,우량기업부,8510,1,200,2.41,8300,8570,8260,44571,376541085,158949000000,18900000,KSQ,ME006
418550,KR7418550000,제이오,KOSDAQ,기술성장기업부,4930,1,125,2.6,4795,5040,4770,61736,306041448,158327392985,32017673,KSQ,ME006
072870,KR7072870009,메가스터디,KOSDAQ,우량기업부,13280,1,110,0.84,13230,13450,13100,17216,228273665,158310335520,11920959,KSQ,ME006
024800,KR7024800005,유성티엔에스,KOSDAQ,우량기업부,4565,1,85,1.9,4595,4595,4365,32580,144081200,157809657600,35225370,KSQ,ME006
0007C0,KR70007C0003,아크릴,KOSDAQ,기술성장기업부,19550,1,510,2.68,19040,21650,19020,603898,12333267420,157795866600,8030324,KSQ,ME006
396300,KR7396300006,HT로보틱스,KOSDAQ,우량기업부,5850,2,-160,-2.66,5710,6580,5610,18544858,112664225900,157082735000,26489500,KSQ,ME006
388790,KR7388790008,라이콤,KOSDAQ,벤처기업부,5140,2,-150,-2.84,5290,5460,5090,408011,2147716870,157050640800,30614160,KSQ,ME006
187870,KR7187870001,디바이스,KOSDAQ,우량기업부,11350,2,-590,-4.94,11700,11990,11270,98031,1133179585,156787951320,13862772,KSQ,ME006
041020,KR7041020009,폴라리스오피스,KOSDAQ,벤처기업부,3180,1,160,5.3,3020,3160,3010,304143,952151050,156752366915,49683793,KSQ,ME006
445180,KR7445180003,퓨릿,KOSDAQ,우량기업부,8980,2,-20,-0.22,9050,9430,8910,164549,1511923345,156249718920,17189188,KSQ,ME006
023910,KR7023910003,대한약품,KOSDAQ,우량기업부,26200,2,-100,-0.38,26300,26400,25950,5366,140013825,155700000000,6000000,KSQ,ME006
220100,KR7220100002,퓨쳐켐,KOSDAQ,기술성장기업부,6860,1,630,10.11,6400,7190,6400,268132,1864875355,155646294800,22427420,KSQ,ME006
086890,KR7086890001,이수앱지스,KOSDAQ,중견기업부,3765,1,240,6.81,3520,4175,3520,723145,2805309010,155352711900,40774990,KSQ,ME006
067280,KR7067280008,멀티캠퍼스,KOSDAQ,우량기업부,26100,1,150,0.58,25850,26350,25650,6600,172470925,154985270850,5926779,KSQ,ME006
011040,KR7011040003,경동제약,KOSDAQ,중견기업부,5020,3,0,0.0,5010,5050,4990,16345,82208695,154459205320,30768766,KSQ,ME006
222040,KR7222040008,코스맥스엔비티,KOSDAQ,중견기업부,7440,2,-70,-0.93,7510,7650,7250,132707,978621975,153884880000,20628000,KSQ,ME006
093640,KR7093640001,케이알엠,KOSDAQ,벤처기업부,4680,2,-85,-1.78,4800,4800,4645,20026,94258593,153872809460,32843716,KSQ,ME006
092070,KR7092070002,디엔에프,KOSDAQ,중견기업부,13210,1,160,1.23,13000,13300,12780,24947,329026375,153558555660,11571858,KSQ,ME006
054450,KR7054450002,텔레칩스,KOSDAQ,중견기업부,10150,1,90,0.89,10130,10360,10030,74001,752743855,153411080290,15144233,KSQ,ME006
474650,KR7474650009,링크솔루션,KOSDAQ,기술성장기업부,26700,2,-400,-1.48,27750,28400,26600,18363,504710975,153324965300,5753282,KSQ,ME006
054800,KR7054800008,아이디스홀딩스,KOSDAQ,중견기업부,14790,1,110,0.75,15040,15100,14630,720,10660650,153043311240,10347756,KSQ,ME006
413630,KR7413630005,씨피시스템,KOSDAQ,벤처기업부,4165,2,-110,-2.57,4255,4355,4195,513370,2185611964,152851557975,36436605,KSQ,ME006
041520,KR7041520008,이엘씨,KOSDAQ,투자주의환기종목(소속부없음),12500,2,-90,-0.71,12590,12590,12240,10013,124320380,152359125000,12188730,KSQ,ME006
226590,KR7226590008,엠디바이스,KOSDAQ,기술성장기업부,13950,2,-790,-5.36,14790,14790,14030,52221,744423240,151320990080,10716784,KSQ,ME006
007330,KR7007330004,푸른저축은행,KOSDAQ,투자주의환기종목(소속부없음),10030,1,10,0.1,10000,10090,9980,6385,63870520,151280484000,15082800,KSQ,ME006
432720,KR7432720001,퀄리타스반도체,KOSDAQ,기술성장기업부,10550,2,-140,-1.31,10760,10990,10550,121280,1305822000,149962636040,14187572,KSQ,ME006
042600,KR7042600007,새로닉스,KOSDAQ,중견기업부,12000,1,220,1.87,11800,12480,11630,13076,158191850,149952538180,12423574,KSQ,ME006
078070,KR7078070000,유비쿼스홀딩스,KOSDAQ,중견기업부,8810,1,40,0.46,8750,8870,8690,16132,141590190,149947229970,17058843,KSQ,ME006
489500,KR7489500009,엘케이켐,KOSDAQ,벤처기업부,23350,1,550,2.41,23000,23400,22800,7713,178830150,149235407300,6391238,KSQ,ME006
179290,KR7179290002,엠아이텍,KOSDAQ,우량기업부,4600,1,80,1.77,4520,4635,4485,34282,157356184,149043947190,32365678,KSQ,ME006
205500,KR7205500002,넥써쓰,KOSDAQ,중견기업부,1730,2,-44,-2.48,1800,1850,1750,111483,195134529,148489313269,83561797,KSQ,ME006
148150,KR7148150006,세경하이테크,KOSDAQ,우량기업부,4170,1,135,3.35,4020,4240,4020,100457,420386600,147858122880,35542818,KSQ,ME006
046440,KR7046440004,KG파이낸셜,KOSDAQ,우량기업부,4055,2,-5,-0.12,4040,4075,4010,42781,173589775,147720322950,36250386,KSQ,ME006
084990,KR7084990001,헬릭스미스,KOSDAQ,기술성장기업부,3190,1,195,6.51,3050,3270,3030,223376,711487374,147266486415,46092797,KSQ,ME006
065660,KR7065660003,안트로젠,KOSDAQ,기술성장기업부,14640,2,-60,-0.41,14620,15040,14590,12031,178398980,147089670000,10006100,KSQ,ME006
0015N0,KR70015N0000,아로마티카,KOSDAQ,벤처기업부,11550,2,-10,-0.09,11560,11850,11400,171341,1985379255,146143833640,12576922,KSQ,ME006
023600,KR7023600000,삼보판지,KOSDAQ,우량기업부,9110,1,90,1.0,9010,9110,9010,7726,70187670,145835613000,16008300,KSQ,ME006
069510,KR7069510006,에스텍,KOSDAQ,우량기업부,13060,2,-40,-0.31,13300,13340,13220,5001,66495980,144993900000,10910000,KSQ,ME006
300080,KR7300080009,플리토,KOSDAQ,기술성장기업부,8740,1,240,2.82,8500,8770,8500,21169,183691225,144650196250,16531451,KSQ,ME006
005990,KR7005990007,매일홀딩스,KOSDAQ,우량기업부,10850,1,60,0.56,10800,10860,10300,3012,32373530,144286598400,13298304,KSQ,ME006
138360,KR7138360003,앤로보틱스,KOSDAQ,벤처기업부,1648,2,-11,-0.66,1680,1680,1635,494656,817492790,143837382090,87973934,KSQ,ME006
251370,KR7251370003,와이엠티,KOSDAQ,벤처기업부,8010,1,390,5.12,7730,8200,7600,111052,885939535,142844779090,18013213,KSQ,ME006
147830,KR7147830004,제룡산업,KOSDAQ,벤처기업부,7070,2,-30,-0.42,7090,7210,7000,64415,459021270,142800000000,20000000,KSQ,ME006
220260,KR7220260004,켐트로스,KOSDAQ,벤처기업부,4470,1,545,13.89,4050,4690,4045,897145,3999550856,142720644750,32072055,KSQ,ME006
212560,KR7212560007,네오오토,KOSDAQ,우량기업부,10500,1,90,0.86,10420,10670,10070,120503,1249694310,142550698360,13486348,KSQ,ME006
089600,KR7089600001,KT나스미디어,KOSDAQ,우량기업부,12400,1,130,1.06,12170,12500,12170,8842,109505240,141441344000,11406560,KSQ,ME006
049960,KR7049960008,쎌바이오텍,KOSDAQ,벤처기업부,15050,1,130,0.87,14920,15180,14750,5219,78195630,141000000000,9400000,KSQ,ME006
0088M0,KR70088M0003,메쥬,KOSDAQ,기술성장기업부,14240,1,500,3.64,13500,14660,13370,430536,6089289825,140617302500,9881750,KSQ,ME006
101360,KR7101360006,에코앤드림,KOSDAQ,벤처기업부,7770,1,80,1.04,7660,8050,7660,36882,291067315,139976717180,17786114,KSQ,ME006
451760,KR7451760003,컨텍,KOSDAQ,기술성장기업부,8370,1,70,0.84,8300,8730,8150,122761,1040166945,139160534820,16507774,KSQ,ME006
115310,KR7115310005,인포바인,KOSDAQ,벤처기업부,9380,2,-170,-1.78,9590,9610,9210,10660,99371520,139119929620,14831549,KSQ,ME006
048870,KR7048870000,시너지이노베이션,KOSDAQ,중견기업부,1583,1,107,7.25,1476,1647,1476,1034618,1648463774,139032787614,88106963,KSQ,ME006
114840,KR7114840002,아이패밀리에스씨,KOSDAQ,우량기업부,8330,2,-40,-0.48,8370,8450,8260,10301,85868870,138789123200,16681385,KSQ,ME006
101970,KR7101970002,우양에이치씨,KOSDAQ,중견기업부,9550,3,0,0.0,9480,9550,9380,1207,11370930,138730284420,14790009,KSQ,ME006
211270,KR7211270004,AP위성,KOSDAQ,우량기업부,9150,1,120,1.33,9090,9320,9000,60354,553208540,138455550720,15082304,KSQ,ME006
035610,KR7035610005,솔본,KOSDAQ,투자주의환기종목(소속부없음),5060,3,0,0.0,5050,5120,4995,14111,71331580,138370744820,27345997,KSQ,ME006
158430,KR7158430009,아톤,KOSDAQ,벤처기업부,5580,1,90,1.64,5550,5770,5490,1117018,6313258410,137589357040,24482092,KSQ,ME006
059120,KR7059120006,아진엑스텍,KOSDAQ,벤처기업부,7450,1,100,1.36,7350,7590,7210,478882,3577721450,137508595660,18310066,KSQ,ME006
469610,KR7469610000,이노테크,KOSDAQ,중견기업부,15230,2,-400,-2.56,15520,15690,15250,44020,679462555,136915799000,8942900,KSQ,ME006
102120,KR7102120003,어보브반도체,KOSDAQ,벤처기업부,7730,1,50,0.65,7690,7850,7575,90735,698997005,136556183040,17780753,KSQ,ME006
232680,KR7232680009,라온로보틱스,KOSDAQ,기술성장기업부,10250,1,180,1.79,10120,10670,10070,152857,1591010810,136419675000,13257500,KSQ,ME006
052860,KR7052860004,아이앤씨,KOSDAQ,벤처기업부,7410,1,620,9.13,6790,7670,6790,284291,2098431590,136145427480,17866854,KSQ,ME006
073010,KR7073010001,케이에스피,KOSDAQ,우량기업부,3345,1,20,0.6,3320,3415,3285,114506,384866853,135846425000,40191250,KSQ,ME006
418420,KR7418420006,라온텍,KOSDAQ,기술성장기업부,4270,1,140,3.39,4130,4480,4065,339402,1483638728,135254182410,30774558,KSQ,ME006
321550,KR7321550006,티움바이오,KOSDAQ,기술성장기업부,4535,1,95,2.14,4450,4665,4440,109478,499551990,135173137500,30038475,KSQ,ME006
054920,KR7054920004,한컴위드,KOSDAQ,중견기업부,4775,1,30,0.63,4790,5120,4755,1218567,5973688507,135018732585,28217081,KSQ,ME006
003100,KR7003100005,선광,KOSDAQ,우량기업부,20500,1,100,0.49,20450,20550,20300,5608,114887925,134970000000,6600000,KSQ,ME006
115500,KR7115500001,케이씨에스,KOSDAQ,중견기업부,11160,1,1080,10.71,10100,11910,10060,1749052,19760185760,134400000000,12000000,KSQ,ME006
146320,KR7146320007,비씨엔씨,KOSDAQ,벤처기업부,10400,2,-170,-1.61,10700,10770,10230,12101,127638180,134378191500,12797923,KSQ,ME006
136540,KR7136540002,윈스테크넷,KOSDAQ,우량기업부,10930,1,180,1.67,10730,10950,10730,6624,71934460,134340421240,12279746,KSQ,ME006
140670,KR7140670001,알에스오토메이션,KOSDAQ,중견기업부,10430,2,-40,-0.38,10470,10630,10300,35585,371630690,134047929600,12839840,KSQ,ME006
265740,KR7265740001,엔에프씨,KOSDAQ,벤처기업부,7430,2,-20,-0.27,7460,7650,7370,320941,2415034510,133977000000,17863600,KSQ,ME006
047770,KR7047770003,코데즈컴바인,KOSDAQ,중견기업부,3475,2,-310,-8.19,3635,3635,3490,728066,2581236920,133962811080,37842602,KSQ,ME006
156100,KR7156100000,엘앤케이바이오,KOSDAQ,벤처기업부,6030,1,120,2.03,5930,6160,5860,196992,1187038370,133883406470,22351153,KSQ,ME006
038290,KR7038290003,마크로젠,KOSDAQ,중견기업부,12390,1,300,2.48,12060,12550,12060,34748,426487320,133457634000,10841400,KSQ,ME006
264660,KR7264660002,씨앤지하이테크,KOSDAQ,우량기업부,13590,1,100,0.74,13600,13850,13500,22668,310468395,132985632960,9721172,KSQ,ME006
035080,KR7035080001,그래디언트,KOSDAQ,중견기업부,11810,2,-90,-0.76,11900,12040,11780,18774,223415165,132413428650,11174129,KSQ,ME006
037070,KR7037070000,파세코,KOSDAQ,중견기업부,6570,1,150,2.34,6430,6660,6360,74240,485865850,132400000000,20000000,KSQ,ME006
228850,KR7228850004,레이언스,KOSDAQ,우량기업부,7930,1,20,0.25,7840,8240,7840,22988,183078560,132230381580,16591014,KSQ,ME006
322310,KR7322310004,오로스테크놀로지,KOSDAQ,벤처기업부,13940,2,-560,-3.86,14600,14700,13920,79527,1138026475,132068242200,9366542,KSQ,ME006
322510,KR7322510009,제이엘케이,KOSDAQ,기술성장기업부,5110,1,310,6.46,4970,5560,4935,413753,2173529570,131716567040,25725892,KSQ,ME006
042510,KR7042510008,라온시큐어,KOSDAQ,벤처기업부,11690,1,740,6.76,11080,12180,10900,1263998,14849886695,131715120080,11105828,KSQ,ME006
240550,KR7240550004,동방메디컬,KOSDAQ,중견기업부,6340,1,280,4.62,6090,6390,6090,270886,1711215145,131465143200,20933940,KSQ,ME006
126640,KR7126640002,화신정공,KOSDAQ,우량기업부,3735,2,-105,-2.73,3840,3925,3730,547332,2080521748,131459662500,35055910,KSQ,ME006
079650,KR7079650008,서산,KOSDAQ,중견기업부,6550,1,310,4.97,6330,6710,6060,985060,6310069215,131000000000,20000000,KSQ,ME006
052260,KR7052260007,현대바이오랜드,KOSDAQ,우량기업부,4790,1,805,20.2,4040,4750,4010,6147623,28663873216,130950000000,30000000,KSQ,ME006
053260,KR7053260006,금강철강,KOSDAQ,우량기업부,6990,1,30,0.43,6970,7400,6850,858501,6162188760,130852800000,18720000,KSQ,ME006
080420,KR7080420003,모다이노칩,KOSDAQ,중견기업부,1641,1,33,2.05,1595,1649,1578,9875,15970360,130823181702,79721622,KSQ,ME006
115440,KR7115440000,우리넷,KOSDAQ,우량기업부,11830,2,-290,-2.39,12230,13340,11710,8652759,108504559265,130718876120,10794292,KSQ,ME006
049720,KR7049720006,고려신용정보,KOSDAQ,우량기업부,9150,1,80,0.88,9080,9130,9010,32455,294160260,130559000000,14300000,KSQ,ME006
142210,KR7142210004,유니트론텍,KOSDAQ,우량기업부,6280,1,110,1.78,6150,6300,6150,168948,1055828280,130526324870,20751403,KSQ,ME006
417500,KR7417500006,제이아이테크,KOSDAQ,우량기업부,3965,3,0,0.0,3965,4030,3865,107988,430235160,130483281120,32784744,KSQ,ME006
153890,KR7153890009,져스텍,KOSDAQ,기술성장기업부,10610,1,610,6.1,10000,12070,9880,2686877,30456236035,130384300100,12050305,KSQ,ME006
494120,KR7494120009,큐리오시스,KOSDAQ,기술성장기업부,8600,1,430,5.26,8400,8940,8170,158497,1372769855,130165786920,15259764,KSQ,ME006
001540,KR7001540004,안국약품,KOSDAQ,우량기업부,10000,3,0,0.0,10040,10080,9950,46909,469011070,130032927400,13042420,KSQ,ME006
457550,KR7457550002,우진엔텍,KOSDAQ,중견기업부,13730,2,-20,-0.15,13770,14240,13550,31809,445022605,129906274520,9318958,KSQ,ME006
105330,KR7105330005,케이엔더블유,KOSDAQ,중견기업부,8030,1,100,1.26,8000,8220,7970,36566,294407880,129437721600,16019520,KSQ,ME006
060150,KR7060150000,인선이엔티,KOSDAQ,중견기업부,2850,1,65,2.33,2785,2860,2775,53820,152224354,129400658080,45563612,KSQ,ME006
417010,KR7417010006,나노팀,KOSDAQ,벤처기업부,6390,2,-190,-2.89,6620,6690,6360,143966,941031185,129105459200,20172728,KSQ,ME006
452190,KR7452190002,한빛레이저,KOSDAQ,벤처기업부,5400,1,705,15.02,4875,5450,4860,6045742,31675431747,128931802230,23920557,KSQ,ME006
285490,KR7285490009,노바텍,KOSDAQ,벤처기업부,12200,1,20,0.16,12270,12410,12160,23751,290688045,128919379890,10575831,KSQ,ME006
297090,KR7297090003,씨에스베어링,KOSDAQ,투자주의환기종목(소속부없음),4715,1,205,4.55,4500,4795,4500,64524,301375230,128578050000,27270000,KSQ,ME006
321370,KR7321370009,센서뷰,KOSDAQ,기술성장기업부,1820,1,19,1.05,1813,1869,1780,4809907,8766513002,128532496820,70622251,KSQ,ME006
079960,KR7079960001,동양이엔피,KOSDAQ,우량기업부,16910,1,250,1.5,16720,17150,16630,16237,275539070,127925086520,7551658,KSQ,ME006
361390,KR7361390008,제노코,KOSDAQ,벤처기업부,13060,2,-140,-1.06,13220,13580,13100,25180,335185185,127546591100,9736381,KSQ,ME006
094840,KR7094840006,슈프리마에이치큐,KOSDAQ,벤처기업부,12990,1,390,3.1,12600,13030,12440,35485,454934380,127185233730,9806109,KSQ,ME006
267320,KR7267320000,나인테크,KOSDAQ,벤처기업부,2215,1,35,1.61,2200,2275,2180,276265,615716769,126887801950,57415295,KSQ,ME006
307750,KR7307750000,국전,KOSDAQ,중견기업부,2310,1,60,2.67,2285,2370,2250,153082,356613155,126867776800,53986288,KSQ,ME006
338840,KR7338840002,와이바이오로직스,KOSDAQ,기술성장기업부,8240,2,-100,-1.2,8700,8820,7900,31344,265117240,126157637970,15403863,KSQ,ME006
095700,KR7095700001,제넥신,KOSDAQ,기술성장기업부,2780,1,45,1.65,2740,2845,2740,194086,541607397,126147168380,45540494,KSQ,ME006
039840,KR7039840004,디오,KOSDAQ,중견기업부,9400,2,-30,-0.32,9440,9580,9310,68599,645419885,125974624920,13415828,KSQ,ME006
474170,KR7474170008,루미르,KOSDAQ,기술성장기업부,7070,1,130,1.87,6990,7210,6840,45298,320883060,125971110720,17817696,KSQ,ME006
027710,KR7027710003,팜스토리,KOSDAQ,우량기업부,1130,1,10,0.89,1124,1132,1108,139086,156624100,125789341400,111416600,KSQ,ME006
950190,KR8344390008,고스트스튜디오,KOSDAQ,외국기업(소속부없음),9630,2,-20,-0.21,9650,9740,9500,16581,159818490,125744789940,13017059,KSQ,ME006
282880,KR7282880004,코윈로보틱스,KOSDAQ,우량기업부,10700,2,-70,-0.65,10770,10960,10610,15659,168204195,125711381500,11694082,KSQ,ME006
408920,KR7408920007,메쎄이상,KOSDAQ,우량기업부,2890,3,0,0.0,2890,2910,2850,8833,25401085,124941794950,43232455,KSQ,ME006
255220,KR7255220006,SG,KOSDAQ,중견기업부,1133,2,-63,-5.27,1196,1230,1133,2772703,3228114902,124902164280,109563302,KSQ,ME006
021320,KR7021320007,KCC건설,KOSDAQ,우량기업부,5830,1,40,0.69,5790,5910,5730,5873,34332390,124548000000,21400000,KSQ,ME006
256940,KR7256940008,킵스파마,KOSDAQ,벤처기업부,6110,1,40,0.66,6070,6270,6000,19841,122892030,123480604050,20078147,KSQ,ME006
293580,KR7293580007,나우IB,KOSDAQ,중견기업부,1271,2,-4,-0.31,1270,1318,1250,209514,271148606,123408935000,94929950,KSQ,ME006
108230,KR7108230004,톱텍,KOSDAQ,우량기업부,3185,1,35,1.11,3120,3260,3105,131097,420170615,122815081350,38023245,KSQ,ME006
201490,KR7201490000,미투온,KOSDAQ,중견기업부,3680,2,-25,-0.67,3705,3800,3665,1884931,7042137135,122223116610,32723726,KSQ,ME006
402490,KR7402490007,그린리소스,KOSDAQ,기술성장기업부,7140,3,0,0.0,7160,7420,7120,89352,648018750,120917449380,16935217,KSQ,ME006
351320,KR7351320007,넥사다이내믹스,KOSDAQ,중견기업부,3885,1,220,6.0,3675,4010,3670,219690,856138330,120464300670,31007542,KSQ,ME006
095190,KR7095190005,신화프리텍,KOSDAQ,중견기업부,1846,1,16,0.87,1830,1849,1820,70788,129646637,120144510542,65260462,KSQ,ME006
008830,KR7008830002,대동기어,KOSDAQ,중견기업부,6220,2,-10,-0.16,6230,6370,6100,193154,1208546240,120078794160,19181916,KSQ,ME006
950250,KR8826050005,테라뷰,KOSDAQ,기술성장기업부,3340,1,180,5.7,3160,3600,3090,1255973,4219703869,119584722200,35696932,KSQ,ME006
071280,KR7071280002,로체시스템즈,KOSDAQ,우량기업부,7770,2,-260,-3.24,7950,8030,7800,136995,1082703900,119313503400,15296603,KSQ,ME006
290740,KR7290740000,액트로,KOSDAQ,벤처기업부,11850,2,-600,-4.82,12700,12700,11570,61797,733072950,119069080130,10065011,KSQ,ME006
041440,KR7041440009,현대에버다임,KOSDAQ,우량기업부,6690,1,20,0.3,6610,6800,6600,24870,165620030,119004219040,17841712,KSQ,ME006
443670,KR7443670005,에스피소프트,KOSDAQ,중견기업부,4930,2,-70,-1.4,4920,5090,4850,321275,1607547555,118972344620,24010564,KSQ,ME006
331920,KR7331920009,셀레믹스,KOSDAQ,기술성장기업부,10630,2,-720,-6.34,11450,11450,10310,40130,431997750,118636298550,11181555,KSQ,ME006
009780,KR7009780008,엠에스씨,KOSDAQ,우량기업부,6820,1,80,1.19,6740,6790,6700,3968,26728170,118624000000,17600000,KSQ,ME006
017510,KR7017510009,세명전기,KOSDAQ,벤처기업부,7740,1,20,0.26,7720,7930,7700,86238,672996050,118613880000,15246000,KSQ,ME006
308080,KR7308080001,바이젠셀,KOSDAQ,기술성장기업부,5800,1,80,1.4,5800,6660,5500,228127,1398276815,118280730200,20499260,KSQ,ME006
172670,KR7172670002,에이엘티,KOSDAQ,벤처기업부,13270,2,-500,-3.63,13400,13750,13150,105240,1406087715,117917008440,8960259,KSQ,ME006
333430,KR7333430007,일승,KOSDAQ,중견기업부,3760,1,20,0.53,3740,3840,3700,103283,391085800,116608004865,30726747,KSQ,ME006
166480,KR7166480004,코아스템켐온,KOSDAQ,벤처기업부,2210,1,85,4.0,2125,2285,2125,141142,313917745,116050475320,52870376,KSQ,ME006
101170,KR7101170009,우림피티에스,KOSDAQ,벤처기업부,8520,2,-80,-0.93,8490,8770,8430,23447,200651915,115695000000,13500000,KSQ,ME006
091440,KR7091440008,한울소재과학,KOSDAQ,투자주의환기종목(소속부없음),3130,1,40,1.29,3130,3250,3010,538927,1680360345,115660799160,36952332,KSQ,ME006
336680,KR7336680004,탑런토탈솔루션,KOSDAQ,중견기업부,2950,2,-45,-1.5,3015,3015,2915,24936,74099430,115479396100,39145558,KSQ,ME006
297890,KR7297890006,HB솔루션,KOSDAQ,우량기업부,1572,1,34,2.21,1538,1587,1538,213599,335007855,115416362292,73140914,KSQ,ME006
242040,KR7242040004,나무AX,KOSDAQ,기술성장기업부,3295,1,265,8.75,3045,3790,3010,1314917,4508796329,115065827800,34606264,KSQ,ME006
053080,KR7053080008,케이엔솔,KOSDAQ,중견기업부,8830,1,210,2.44,8790,9010,8670,48542,430311300,114788295810,12999807,KSQ,ME006
474610,KR7474610003,RF시스템즈,KOSDAQ,벤처기업부,7950,1,150,1.92,7800,8130,7710,82328,658849430,114745151200,14415220,KSQ,ME006
047310,KR7047310008,파워로직스,KOSDAQ,우량기업부,3135,2,-5,-0.16,3145,3195,3060,51044,160878255,114591663150,36610755,KSQ,ME006
049520,KR7049520000,유아이엘,KOSDAQ,우량기업부,3740,1,10,0.27,3730,3730,3685,43299,160449019,114580351875,30842625,KSQ,ME006
141000,KR7141000000,비아트론,KOSDAQ,벤처기업부,9430,1,10,0.11,9410,9440,9170,14365,133526420,114120568200,12114710,KSQ,ME006
037350,KR7037350006,성도이엔지,KOSDAQ,우량기업부,7520,2,-180,-2.34,7790,7790,7500,61451,467762740,114075000000,15210000,KSQ,ME006
122450,KR7122450000,KX,KOSDAQ,중견기업부,2545,2,-30,-1.17,2625,2630,2500,35105,89522385,113618279190,44819834,KSQ,ME006
0007J0,KR70007J0006,인벤테라,KOSDAQ,기술성장기업부,14380,1,180,1.27,14580,14580,14200,121762,1762115540,113108967320,7865714,KSQ,ME006
067990,KR7067990002,도이치모터스,KOSDAQ,우량기업부,3870,1,105,2.79,3800,3890,3790,257373,994693122,112932598500,29181550,KSQ,ME006
054050,KR7054050000,NH농우바이오,KOSDAQ,우량기업부,7030,2,-40,-0.57,7070,7090,7000,12682,89320400,112855149440,16030561,KSQ,ME006
259630,KR7259630002,엠플러스,KOSDAQ,우량기업부,9230,1,220,2.44,9040,9360,8950,62442,577155295,112446043200,12222396,KSQ,ME006
090850,KR7090850009,현대이지웰,KOSDAQ,우량기업부,4995,1,60,1.22,4935,5030,4935,19938,99501270,112277125485,22477903,KSQ,ME006
086980,KR7086980000,쇼박스,KOSDAQ,중견기업부,1816,1,29,1.62,1778,1824,1777,52949,95634442,112201086000,62438000,KSQ,ME006
290720,KR7290720002,푸드나무,KOSDAQ,중견기업부,3120,1,70,2.3,3070,3180,2930,38520,117833640,111777369890,38149273,KSQ,ME006
0011A0,KR70011A0009,액스비스,KOSDAQ,벤처기업부,11870,2,-280,-2.3,12260,12470,11900,152942,1861095685,111724867800,9333740,KSQ,ME006
018120,KR7018120006,진로발효,KOSDAQ,우량기업부,16800,1,100,0.6,16670,17000,16670,3628,60980140,111234816000,6621120,KSQ,ME006
051360,KR7051360006,토비스,KOSDAQ,우량기업부,11880,2,-60,-0.5,11810,12050,11780,6449,76508080,111204070560,9360612,KSQ,ME006
389020,KR7389020009,자람테크놀로지,KOSDAQ,기술성장기업부,16090,2,-100,-0.62,16210,16700,15710,63003,1026049445,111171820200,6905082,KSQ,ME006
072950,KR7072950009,빛샘전자,KOSDAQ,벤처기업부,13690,2,-510,-3.59,14180,14600,13650,1106391,15634142720,111126018000,8052610,KSQ,ME006
217820,KR7217820000,원익피앤이,KOSDAQ,중견기업부,2355,1,105,4.67,2295,2440,2255,505889,1186025234,110806395265,47454559,KSQ,ME006
209640,KR7209640002,와이제이링크,KOSDAQ,중견기업부,3865,1,105,2.79,3950,4310,3815,1567192,6216226247,110501622210,28443146,KSQ,ME006
473980,KR7473980001,노머스,KOSDAQ,기술성장기업부,10260,1,120,1.18,10160,10410,10130,26774,275087130,110459932800,10882752,KSQ,ME006
036630,KR7036630002,세종텔레콤,KOSDAQ,우량기업부,7880,1,110,1.42,7770,7900,7770,1298,10165880,110320000000,14000000,KSQ,ME006
396470,KR7396470007,워트,KOSDAQ,중견기업부,6850,1,90,1.33,6760,6940,6750,74266,508820755,110260800000,16120000,KSQ,ME006
475230,KR7475230009,엔알비,KOSDAQ,벤처기업부,10040,2,-140,-1.38,10180,10980,9900,109539,1121032895,110076698300,10898683,KSQ,ME006
299030,KR7299030007,하나기술,KOSDAQ,벤처기업부,13620,1,300,2.25,13320,13800,13240,20809,282733670,109850063400,7994910,KSQ,ME006
303810,KR7303810006,동국생명과학,KOSDAQ,중견기업부,3395,1,595,21.25,2830,3600,2810,32807311,107990351236,109545679500,31984140,KSQ,ME006
083500,KR7083500009,에프엔에스테크,KOSDAQ,우량기업부,13230,1,1030,8.44,12230,13520,12130,226037,2972818225,109478048860,8306377,KSQ,ME006
039560,KR7039560008,다산네트웍스,KOSDAQ,중견기업부,2520,1,5,0.2,2520,2565,2480,120057,303745066,109365593400,42888468,KSQ,ME006
217270,KR7217270008,넵튠,KOSDAQ,중견기업부,2415,1,50,2.11,2400,2410,2365,26647,63565340,109342185015,45654357,KSQ,ME006
419050,KR7419050000,삼기에너지솔루션즈,KOSDAQ,중견기업부,1885,2,-51,-2.63,1937,2010,1890,5969415,11615862521,108386874800,57196240,KSQ,ME006
040300,KR7040300006,YTN,KOSDAQ,중견기업부,2275,1,85,3.88,2215,2435,2180,760114,1756901290,107511589900,47676980,KSQ,ME006
339950,KR7339950008,아이비김영,KOSDAQ,우량기업부,2405,1,5,0.21,2420,2420,2360,25719,61457094,107422505450,44946655,KSQ,ME006
067900,KR7067900001,와이엔텍,KOSDAQ,우량기업부,5900,1,80,1.37,5850,5910,5810,9970,58611780,107377988100,18199659,KSQ,ME006
039340,KR7039340005,한국경제TV,KOSDAQ,우량기업부,4840,2,-10,-0.21,4840,4875,4810,3004,14588365,107250000000,22000000,KSQ,ME006
120240,KR7120240007,대정화금,KOSDAQ,우량기업부,14900,1,200,1.36,14700,14900,14620,10559,156122180,107064921990,7190391,KSQ,ME006
394420,KR7394420004,리센스메디컬,KOSDAQ,기술성장기업부,9720,1,10,0.1,9950,10300,9610,54992,543850230,106917093720,10999701,KSQ,ME006
289930,KR7289930000,웨이비스,KOSDAQ,기술성장기업부,8090,2,-30,-0.37,8200,8300,8020,48409,393496050,106901451300,13149010,KSQ,ME006
106190,KR7106190002,하이텍팜,KOSDAQ,우량기업부,9970,1,90,0.91,9970,10060,9890,5436,54400330,106331730000,10633173,KSQ,ME006
261780,KR7261780001,아리바이오랩,KOSDAQ,기술성장기업부,3650,1,135,3.84,3530,3795,3515,724859,2651428591,106268431920,28955976,KSQ,ME006
366030,KR7366030005,나인앤컴퍼니,KOSDAQ,중견기업부,4675,2,-10,-0.21,4690,4765,4620,31568,147980465,106133287250,22653850,KSQ,ME006
334970,KR7334970001,프레스티지바이오로직스,KOSDAQ,기술성장기업부,1356,2,-8,-0.59,1363,1369,1302,161125,214762621,106132349505,77752637,KSQ,ME006
073560,KR7073560005,우리손에프앤지,KOSDAQ,우량기업부,1533,1,4,0.26,1523,1535,1510,72270,110111140,106002831433,69237643,KSQ,ME006
182360,KR7182360008,큐브엔터,KOSDAQ,우량기업부,6790,1,210,3.19,6650,6800,6550,20212,135360730,105703184800,15544586,KSQ,ME006
053350,KR7053350005,이니텍,KOSDAQ,중견기업부,4830,1,270,5.92,4600,4815,4470,84883,399279238,105701112000,22021065,KSQ,ME006
130580,KR7130580004,나이스디앤비,KOSDAQ,우량기업부,6930,1,160,2.36,6800,6950,6800,18811,129207850,105644000000,15400000,KSQ,ME006
109740,KR7109740001,디에스케이,KOSDAQ,벤처기업부,4200,1,125,3.07,4075,4260,3970,15347,62299385,105412599000,25710390,KSQ,ME006
038540,KR7038540001,상상인,KOSDAQ,중견기업부,1909,1,3,0.16,1979,1979,1895,9541,18161915,105400436265,55328313,KSQ,ME006
246710,KR7246710008,티앤알바이오팹,KOSDAQ,기술성장기업부,2220,2,-70,-3.06,2325,2380,2205,216350,491539065,105338553840,47664504,KSQ,ME006
014950,KR7014950000,삼익제약,KOSDAQ,벤처기업부,10460,1,1420,15.71,9310,10955,9210,11503401,118022997740,105105618720,10067588,KSQ,ME006
053700,KR7053700001,삼보모터스,KOSDAQ,우량기업부,3890,1,50,1.3,3850,3945,3825,86740,338206902,104725767440,26715757,KSQ,ME006
311320,KR7311320006,지오엘리먼트,KOSDAQ,기술성장기업부,8200,2,-200,-2.38,8530,8600,8260,13350,112095700,104448556800,12614560,KSQ,ME006
131030,KR7131030009,옵투스제약,KOSDAQ,우량기업부,5830,2,-10,-0.17,5840,5970,5830,19882,117353220,103938415100,17646590,KSQ,ME006
123040,KR7123040008,엠에스오토텍,KOSDAQ,중견기업부,1653,1,13,0.79,1640,1662,1618,60397,99436321,103775091443,62628299,KSQ,ME006
175250,KR7175250000,아이큐어,KOSDAQ,관리종목(소속부없음),1680,2,-21,-1.23,1701,1755,1633,144126,241344025,103717012560,61736317,KSQ,ME006
357880,KR7357880004,SKAI,KOSDAQ,기술성장기업부,1884,2,-53,-2.74,1950,1968,1880,398496,763669913,102991063700,54205823,KSQ,ME006
048550,KR7048550008,SM C&C,KOSDAQ,중견기업부,1061,1,1,0.09,1071,1092,1054,200371,214292206,102904355680,96714620,KSQ,ME006
189330,KR7189330004,씨이랩,KOSDAQ,기술성장기업부,11000,2,-240,-2.14,11390,11470,10830,102644,1147716165,102548364120,9382284,KSQ,ME006
125210,KR7125210005,아모그린텍,KOSDAQ,우량기업부,6250,1,130,2.12,6180,6320,6090,90956,566514450,102280098000,16496790,KSQ,ME006
323990,KR7323990002,박셀바이오,KOSDAQ,기술성장기업부,4350,1,140,3.33,4400,4630,4290,163690,726329244,102216031275,23257345,KSQ,ME006
475580,KR7475580007,에이럭스,KOSDAQ,벤처기업부,7350,2,-110,-1.47,7450,7580,7310,43461,322443460,102186750000,13624900,KSQ,ME006
255440,KR7255440000,야스,KOSDAQ,벤처기업부,7800,1,340,4.56,7450,8000,7450,144721,1133993375,102113560000,13058000,KSQ,ME006
129920,KR7129920005,대성하이텍,KOSDAQ,벤처기업부,6290,1,250,4.14,6400,6520,6050,423489,2656391630,101716836960,16248696,KSQ,ME006
100700,KR7100700004,세운메디칼,KOSDAQ,우량기업부,2325,1,35,1.53,2290,2335,2270,79216,182486655,101616000000,43800000,KSQ,ME006
198440,KR7198440000,강동씨앤엘,KOSDAQ,중견기업부,1701,1,62,3.78,1642,1714,1635,789685,1321724614,101573470632,60931896,KSQ,ME006
063170,KR7063170005,서울옥션,KOSDAQ,중견기업부,5680,1,30,0.53,5680,5770,5650,8745,49770700,101313321900,17774267,KSQ,ME006
217190,KR7217190008,제너셈,KOSDAQ,벤처기업부,7580,1,60,0.8,7450,7850,7390,128137,979281985,101283959700,13153761,KSQ,ME006
453450,KR7453450009,그리드위즈,KOSDAQ,중견기업부,12550,2,-10,-0.08,12740,12880,12370,17918,227716680,100952352500,7942750,KSQ,ME006
021080,KR7021080007,에이티넘인베스트,KOSDAQ,우량기업부,2075,2,-10,-0.48,2080,2110,2080,62155,129680390,100800000000,48000000,KSQ,ME006
059210,KR7059210005,메타바이오메드,KOSDAQ,우량기업부,3700,1,70,1.93,3660,3710,3630,36517,134419880,100534346500,27171445,KSQ,ME006
307930,KR7307930008,컴퍼니케이,KOSDAQ,중견기업부,6440,2,-40,-0.62,6510,6510,6390,12473,80188080,100528400000,15610000,KSQ,ME006
310200,KR7310200001,애니플러스,KOSDAQ,중견기업부,1924,1,5,0.26,1919,1930,1902,89972,172277976,100413459300,52162836,KSQ,ME006
006620,KR7006620009,동구바이오제약,KOSDAQ,우량기업부,3540,1,20,0.57,3545,3555,3485,29599,104527658,100339096800,28464992,KSQ,ME006
173130,KR7173130006,오파스넷,KOSDAQ,중견기업부,7610,1,100,1.33,7600,7760,7390,167574,1279284295,100196912640,13046473,KSQ,ME006
309960,KR7309960003,LB인베스트먼트,KOSDAQ,중견기업부,4325,3,0,0.0,4295,4320,4240,26356,112901640,100182386285,23217239,KSQ,ME006
439580,KR7439580002,블루엠텍,KOSDAQ,기술성장기업부,2815,1,105,3.87,2720,3375,2600,5395928,16535171218,100016546385,33846547,KSQ,ME006
099750,KR7099750002,이지케어텍,KOSDAQ,벤처기업부,7220,2,-10,-0.14,7160,7710,7160,77486,574374665,99302187710,13659173,KSQ,ME006
411080,KR7411080005,샌즈랩,KOSDAQ,기술성장기업부,6500,1,150,2.36,6340,6640,6150,396541,2575579310,99239647000,15267638,KSQ,ME006
250060,KR7250060001,모비스,KOSDAQ,기술성장기업부,3095,1,55,1.81,3120,3205,3055,203127,639911096,99087647120,32171314,KSQ,ME006
088130,KR7088130000,동아엘텍,KOSDAQ,우량기업부,5570,1,40,0.72,5620,5800,5450,47565,269766390,98792024100,17485314,KSQ,ME006
235980,KR7235980000,메드팩토,KOSDAQ,기술성장기업부,2915,1,110,3.92,2805,2935,2785,74964,216373425,98026846060,34275121,KSQ,ME006
105740,KR7105740005,디케이락,KOSDAQ,우량기업부,9630,1,1660,20.83,7910,9760,7910,1455396,13285339320,97922780190,10168513,KSQ,ME006
246960,KR7246960009,SCL사이언스,KOSDAQ,기술성장기업부,2910,1,190,6.99,2795,2900,2665,317875,889205061,97799010125,34017047,KSQ,ME006
036010,KR7036010007,아비코전자,KOSDAQ,중견기업부,7280,2,-150,-2.02,7350,7600,7330,86916,649031870,97703064900,13292934,KSQ,ME006
352090,KR7352090005,스톰테크,KOSDAQ,우량기업부,3620,2,-20,-0.55,3600,4060,3600,492994,1856726442,97414617750,26872998,KSQ,ME006
380550,KR7380550004,뉴로핏,KOSDAQ,기술성장기업부,7990,1,250,3.23,8250,8670,7860,536857,4452743095,97224962020,12198866,KSQ,ME006
298540,KR7298540006,더네이쳐홀딩스,KOSDAQ,우량기업부,6670,2,-10,-0.15,6630,6740,6590,3512,23332660,96334466900,14486386,KSQ,ME006
052420,KR7052420007,오성첨단소재,KOSDAQ,우량기업부,9820,1,10,0.1,9740,9990,9680,21889,215379260,96251048920,9742009,KSQ,ME006
330350,KR7330350000,위더스제약,KOSDAQ,우량기업부,7260,1,100,1.4,7170,7360,7130,73085,531467470,96093670400,13199680,KSQ,ME006
205100,KR7205100001,엑셈,KOSDAQ,벤처기업부,1418,1,40,2.9,1382,1434,1378,543685,772029838,96040989828,67539374,KSQ,ME006
036220,KR7036220002,오상헬스케어,KOSDAQ,우량기업부,6550,1,170,2.66,6320,7690,6190,1286186,9213021725,95873087200,14309416,KSQ,ME006
493330,KR7493330005,지에프아이,KOSDAQ,벤처기업부,11910,1,630,5.59,11410,11920,11220,34882,404363825,95830994960,8039513,KSQ,ME006
317770,KR7317770006,엑스페릭스,KOSDAQ,벤처기업부,2600,2,-40,-1.52,2640,2690,2580,118773,312397890,95637250170,36997002,KSQ,ME006
338220,KR7338220007,뷰노,KOSDAQ,기술성장기업부,6920,1,1350,24.24,6410,7240,6350,1583829,11001243340,95492432860,14001823,KSQ,ME006
074430,KR7074430000,아미노로직스,KOSDAQ,중견기업부,1068,1,1,0.09,1076,1119,1064,149500,162325668,95417247456,89341992,KSQ,ME006
306620,KR7306620006,지아이에스,KOSDAQ,벤처기업부,1990,2,-20,-1.0,2035,2085,1976,191659,384862475,95261119608,47942184,KSQ,ME006
002230,KR7002230001,피에스텍,KOSDAQ,우량기업부,5150,1,150,3.0,5050,5310,5010,54321,281409065,94868510500,18421070,KSQ,ME006
042500,KR7042500009,링네트,KOSDAQ,우량기업부,4205,1,35,0.84,4160,4265,4145,19318,81703555,94514450560,22291144,KSQ,ME006
037030,KR7037030004,파워넷,KOSDAQ,우량기업부,3695,1,50,1.37,3660,3815,3580,362469,1356684432,94270505440,25512992,KSQ,ME006
091120,KR7091120006,이엠텍,KOSDAQ,중견기업부,5410,1,580,12.01,4970,5630,4830,162868,871858285,93717159920,17132936,KSQ,ME006
005860,KR7005860002,한일사료,KOSDAQ,우량기업부,2365,1,5,0.21,2345,2385,2330,180987,428049502,93583751875,39403685,KSQ,ME006
307870,KR7307870006,비투엔,KOSDAQ,벤처기업부,1235,2,-44,-3.44,1253,1300,1228,758290,951448416,93468500530,74299285,KSQ,ME006
049950,KR7049950009,미래컴퍼니,KOSDAQ,중견기업부,10490,2,-70,-0.66,10560,10860,10380,15364,163564830,93293212720,8817884,KSQ,ME006
389030,KR7389030008,지니너스,KOSDAQ,기술성장기업부,2340,1,401,20.68,1942,2500,1942,2118026,4978764098,92768798205,39392271,KSQ,ME006
109610,KR7109610006,에스와이,KOSDAQ,중견기업부,1882,2,-3,-0.16,1868,1904,1867,55680,104782300,91897004600,48907400,KSQ,ME006
187790,KR7187790001,나노,KOSDAQ,벤처기업부,3000,2,-60,-1.96,3060,3135,2970,129043,391336607,91751469250,30840830,KSQ,ME006
282720,KR7282720002,금양그린파워,KOSDAQ,중견기업부,7500,1,190,2.6,7420,7580,7260,16967,126193980,91744615000,12119500,KSQ,ME006
053580,KR7053580007,웹케시,KOSDAQ,우량기업부,7140,1,220,3.18,7000,7130,6900,11125,78332710,91717406880,12954436,KSQ,ME006
045970,KR7045970001,코아시아,KOSDAQ,중견기업부,3485,2,-15,-0.43,3510,3600,3420,39642,138594366,91707342860,26314876,KSQ,ME006
040420,KR7040420002,정상제이엘에스,KOSDAQ,우량기업부,5850,1,20,0.34,5830,5840,5810,7325,42681600,91556903680,15677552,KSQ,ME006
192410,KR7192410009,오늘이엔엠,KOSDAQ,중견기업부,3590,2,-110,-2.97,3725,3890,3525,54009,196018190,91550779215,25185909,KSQ,ME006
348350,KR7348350000,위드텍,KOSDAQ,벤처기업부,9330,1,40,0.43,9500,9500,9150,10040,93217210,91187688000,9773600,KSQ,ME006
086960,KR7086960002,MDS테크,KOSDAQ,우량기업부,2125,1,80,3.91,2045,2165,2020,640014,1357286129,90798710450,42528670,KSQ,ME006
023900,KR7023900004,풍국주정,KOSDAQ,우량기업부,7300,1,170,2.38,7200,7350,7070,4339,31127140,90720000000,12600000,KSQ,ME006
162300,KR7162300008,신스틸,KOSDAQ,우량기업부,2190,1,10,0.46,2170,2230,2150,465496,1021041450,90407612760,41471382,KSQ,ME006
093920,KR7093920007,서원인텍,KOSDAQ,우량기업부,4895,1,45,0.93,4850,4860,4750,8335,40056090,90210000000,18600000,KSQ,ME006
062970,KR7062970009,한국첨단소재,KOSDAQ,중견기업부,2990,2,-90,-2.92,3065,3135,2905,1180097,3564184308,90066044770,30122423,KSQ,ME006
357230,KR7357230002,에이치피오,KOSDAQ,우량기업부,2155,1,50,2.38,2145,2260,2100,123187,270039472,89606842920,41293476,KSQ,ME006
009300,KR7009300005,삼아제약,KOSDAQ,우량기업부,14280,1,250,1.78,14000,14300,13860,671,9394890,89434800000,6370000,KSQ,ME006
048530,KR7048530000,인트론바이오,KOSDAQ,기술성장기업부,2865,1,50,1.78,2900,2930,2860,57381,165967970,89431639410,30891758,KSQ,ME006
066590,KR7066590001,스모트로닉,KOSDAQ,중견기업부,2315,1,10,0.43,2295,2345,2270,28681,66615815,89346034470,38677937,KSQ,ME006
900260,HK0000295359,로스웰,KOSDAQ,외국기업(소속부없음),1941,1,33,1.73,1851,1988,1851,3661,7012783,89343659346,46029706,KSQ,ME006
457370,KR7457370005,한켐,KOSDAQ,중견기업부,10800,2,-490,-4.34,11330,11700,10900,300410,3349463175,89141830700,8067134,KSQ,ME006
432470,KR7432470003,케이엔에스,KOSDAQ,벤처기업부,10230,1,140,1.39,10160,10380,10040,43725,446993060,89031293400,8771556,KSQ,ME006
322180,KR7322180001,LS티라유텍,KOSDAQ,벤처기업부,4135,1,110,2.73,4025,4190,3960,56336,231383590,88993878840,21496106,KSQ,ME006
362320,KR7362320004,청담글로벌,KOSDAQ,중견기업부,4300,1,55,1.3,4245,4345,4220,17858,76604815,88876078515,20692917,KSQ,ME006
013310,KR7013310008,아진산업,KOSDAQ,우량기업부,2290,1,10,0.44,2290,2335,2285,58203,134355585,88867072780,38806582,KSQ,ME006
047560,KR7047560008,이스트소프트,KOSDAQ,중견기업부,7550,1,90,1.21,7590,7820,7370,33718,258364950,88853299920,11753082,KSQ,ME006
078140,KR7078140001,대봉엘에스,KOSDAQ,우량기업부,7990,1,610,8.27,7800,8970,7680,291305,2358048665,87694839890,11086579,KSQ,ME006
100130,KR7100130004,동국S&C,KOSDAQ,중견기업부,1528,1,90,6.26,1441,1717,1400,3532946,5701959177,87657362000,57143000,KSQ,ME006
054540,KR7054540000,삼영엠텍,KOSDAQ,우량기업부,6690,1,160,2.45,6530,6810,6510,44571,299822180,87620000000,13000000,KSQ,ME006
412350,KR7412350001,레이저쎌,KOSDAQ,기술성장기업부,6010,1,580,10.68,5470,6280,5450,655873,3938763830,87618258000,14603043,KSQ,ME006
048910,KR7048910004,대원미디어,KOSDAQ,우량기업부,7090,3,0,0.0,7140,7270,6950,105979,755527725,87549464160,12578946,KSQ,ME006
052900,KR7052900008,KX하이텍,KOSDAQ,우량기업부,1124,1,3,0.27,1133,1143,1111,547799,618532844,87401622600,76668090,KSQ,ME006
357580,KR7357580000,아모센스,KOSDAQ,기술성장기업부,7290,1,250,3.55,7360,7800,7150,373803,2788349245,86772648320,11789762,KSQ,ME006
065450,KR7065450009,빅텍,KOSDAQ,벤처기업부,2950,1,40,1.37,2910,2990,2870,283308,834318207,86127744760,29495803,KSQ,ME006
096240,KR7096240007,크레버스,KOSDAQ,우량기업부,8470,1,30,0.36,8380,8500,8380,4456,37649190,86103093800,10238180,KSQ,ME006
052460,KR7052460003,아이크래프트,KOSDAQ,벤처기업부,5880,2,-80,-1.34,5960,5990,5800,82580,487121785,86040743040,14607936,KSQ,ME006
223250,KR7223250002,드림씨아이에스,KOSDAQ,벤처기업부,3495,1,205,6.23,3400,3700,3375,928541,3291941186,85978551780,24600444,KSQ,ME006
033290,KR7033290008,로젠,KOSDAQ,우량기업부,1530,1,17,1.12,1513,1530,1513,22284,33969689,85750671627,56156301,KSQ,ME006
004650,KR7004650008,창해에탄올,KOSDAQ,우량기업부,9320,1,20,0.22,9330,9330,9250,7498,69656860,85567139350,9190885,KSQ,ME006
085670,KR7085670008,뉴프렉스,KOSDAQ,우량기업부,3445,1,340,10.95,3120,3620,3120,1357075,4674436815,85262648280,24500761,KSQ,ME006
234300,KR7234300002,에스트래픽,KOSDAQ,우량기업부,3080,2,-30,-0.96,3110,3170,3065,108035,337109165,85024312500,27207780,KSQ,ME006
330730,KR7330730003,스톤브릿지벤처스,KOSDAQ,벤처기업부,4650,2,-20,-0.43,4635,4680,4635,7714,35984530,84895087800,18217830,KSQ,ME006
263720,KR7263720005,디앤씨미디어,KOSDAQ,우량기업부,6900,1,70,1.02,6850,6970,6810,4462,30816200,84861737730,12245561,KSQ,ME006
072020,KR7072020001,중앙백신,KOSDAQ,벤처기업부,9120,2,-30,-0.33,9200,9200,9080,3569,32507070,84699546150,9256781,KSQ,ME006
185490,KR7185490000,아이진,KOSDAQ,벤처기업부,1950,3,0,0.0,1930,1995,1927,27636,53971974,84298078800,43229784,KSQ,ME006
094860,KR7094860004,네오리진,KOSDAQ,중견기업부,1546,1,162,11.71,1398,1587,1398,320279,485929242,84232482204,53110014,KSQ,ME006
044990,KR7044990000,에이치엔에스하이텍,KOSDAQ,기술성장기업부,11190,1,340,3.13,10840,11610,10580,14664,161594180,84155403750,7685425,KSQ,ME006
025950,KR7025950007,동신건설,KOSDAQ,우량기업부,9980,1,100,1.01,10050,10090,9850,10311,102597325,83832000000,8400000,KSQ,ME006
100590,KR7100590009,머큐리,KOSDAQ,중견기업부,4855,2,-140,-2.8,4995,5150,4860,431983,2147510328,83726677325,17139545,KSQ,ME006
029480,KR7029480001,광무,KOSDAQ,중견기업부,1415,1,30,2.17,1412,1419,1398,19719,27758586,83606784800,59719132,KSQ,ME006
038110,KR7038110003,에코플라스틱,KOSDAQ,우량기업부,2000,1,10,0.5,1998,2045,1992,105831,214525053,83573821100,41169370,KSQ,ME006
066700,KR7066700006,테라젠이텍스,KOSDAQ,중견기업부,2200,1,80,3.77,2150,2330,2130,165006,368494285,83407084120,37152376,KSQ,ME006
137950,KR7137950002,제이씨케미칼,KOSDAQ,우량기업부,3710,1,110,3.06,3570,3770,3560,45235,167815435,83281624360,22267814,KSQ,ME006
226400,KR7226400000,오스테오닉,KOSDAQ,기술성장기업부,4030,1,50,1.26,3980,4055,3980,55981,224266210,83162944025,20661601,KSQ,ME006
086710,KR7086710001,선진뷰티사이언스,KOSDAQ,우량기업부,6950,1,160,2.36,6790,6890,6780,4260,29046140,82982304000,12203280,KSQ,ME006
215100,KR7215100009,로보로보,KOSDAQ,벤처기업부,4050,2,-5,-0.12,4060,4145,4000,34614,141774933,82919950050,20348454,KSQ,ME006
101330,KR7101330009,모베이스,KOSDAQ,중견기업부,3560,1,100,2.89,3460,3615,3415,86457,306375610,82866363820,23147029,KSQ,ME006
063080,KR7063080006,컴투스홀딩스,KOSDAQ,중견기업부,12500,1,610,5.13,11890,12770,11850,31367,389788020,82835611520,6595192,KSQ,ME006
251120,KR7251120002,바이오에프디엔씨,KOSDAQ,기술성장기업부,9400,1,230,2.51,9260,9560,9150,28157,264828160,82696107000,8695700,KSQ,ME006
033560,KR7033560004,블루콤,KOSDAQ,중견기업부,4880,1,105,2.2,4775,4950,4685,31007,148684245,82678500000,17100000,KSQ,ME006
049080,KR7049080005,기가레인,KOSDAQ,벤처기업부,9680,1,10,0.1,9810,10050,9570,175870,1711934665,82336839800,8488334,KSQ,ME006
036640,KR7036640001,HRS,KOSDAQ,우량기업부,5010,3,0,0.0,5030,5050,5000,32255,161943965,82264644000,16354800,KSQ,ME006
478560,KR7478560006,블랙야크아이앤씨,KOSDAQ,벤처기업부,3245,1,75,2.37,3200,3275,3135,27023,86870522,82140347640,25830298,KSQ,ME006
418470,KR7418470001,KT밀리의서재,KOSDAQ,우량기업부,9600,1,160,1.69,9420,9560,9370,13834,130932220,81888942840,8565789,KSQ,ME006
066430,KR7066430000,아이로보틱스,KOSDAQ,중견기업부,2090,2,-20,-0.95,2115,2135,2075,247218,522290384,81830764840,39153476,KSQ,ME006
078890,KR7078890001,가온그룹,KOSDAQ,중견기업부,4415,2,-25,-0.56,4445,4550,4345,30989,137404196,81622497490,18424943,KSQ,ME006
389140,KR7389140005,포바이포,KOSDAQ,벤처기업부,5710,1,200,3.63,5550,5800,5460,71600,408231250,81337489500,14269735,KSQ,ME006
089230,KR7089230007,THE E&M,KOSDAQ,중견기업부,2090,2,-50,-2.34,2165,2180,2040,137620,286508179,81207989240,39421354,KSQ,ME006
037760,KR7037760006,쎄니트,KOSDAQ,중견기업부,2450,1,25,1.03,2330,2425,2330,9050,21459280,81199010400,33832921,KSQ,ME006
007820,KR7007820004,엠엑스로보틱스,KOSDAQ,중견기업부,3450,2,-35,-1.0,3505,3570,3455,78413,275550472,81165498120,23323419,KSQ,ME006
058820,KR7058820002,CMG제약,KOSDAQ,관리종목(소속부없음),547,2,-4,-0.73,550,556,534,620747,338517179,81023585132,148123556,KSQ,ME006
140070,KR7140070004,서플러스글로벌,KOSDAQ,벤처기업부,2195,3,0,0.0,2185,2210,2155,56948,124280386,81003720000,36988000,KSQ,ME006
294630,KR7294630009,서남,KOSDAQ,기술성장기업부,3065,1,50,1.66,3020,3145,3010,120079,369625613,80690000055,26499179,KSQ,ME006
147760,KR7147760003,피엠티,KOSDAQ,벤처기업부,3990,1,180,4.72,3830,4300,3700,344079,1422793021,80600000000,20000000,KSQ,ME006
0117P0,KR70117P0005,피스피스스튜디오,KOSDAQ,중견기업부,5680,1,140,2.53,5540,5720,5420,66769,375374990,80479414480,14168911,KSQ,ME006
066980,KR7066980004,한성크린텍,KOSDAQ,벤처기업부,1495,1,31,2.12,1466,1535,1466,275678,416986550,80226634876,53771203,KSQ,ME006
234030,KR7234030005,싸이닉솔루션,KOSDAQ,중견기업부,3315,2,-70,-2.07,3385,3445,3350,76998,261102075,80020950000,23605000,KSQ,ME006
0015S0,KR70015S0005,페스카로,KOSDAQ,기술성장기업부,8010,1,80,1.01,7930,8230,7830,77335,625851800,79723178400,9866730,KSQ,ME006
004590,KR7004590006,한국가구,KOSDAQ,중견기업부,5340,1,140,2.69,5270,5350,5220,27506,145485480,79650000000,15000000,KSQ,ME006
131370,KR7131370009,알서포트,KOSDAQ,벤처기업부,1488,1,46,3.19,1455,1505,1442,89746,133093434,79261419504,53267083,KSQ,ME006
381620,KR7381620004,제닉스로보틱스,KOSDAQ,중견기업부,6020,2,-50,-0.82,6180,6190,6000,30216,183541970,79232236800,13117920,KSQ,ME006
032540,KR7032540007,TJ미디어,KOSDAQ,우량기업부,3795,2,-5,-0.13,3795,3825,3710,4468,16914699,79201195270,20897413,KSQ,ME006
067000,KR7067000000,조이시티,KOSDAQ,중견기업부,1127,2,-4,-0.35,1125,1160,1110,76934,87325514,79060797426,69903446,KSQ,ME006
302550,KR7302550009,리메드,KOSDAQ,기술성장기업부,2635,1,20,0.76,2625,2660,2575,15823,41318830,79017783930,30275013,KSQ,ME006
365330,KR7365330000,에스와이스틸텍,KOSDAQ,우량기업부,1571,2,-22,-1.38,1591,1599,1544,177776,280286799,78969154000,50171000,KSQ,ME006
149980,KR7149980005,하이로닉,KOSDAQ,중견기업부,4625,2,-45,-0.96,4610,4630,4535,4228,19429890,78943621140,17199046,KSQ,ME006
032300,KR7032300006,한국파마,KOSDAQ,중견기업부,7250,1,10,0.14,7240,7320,7190,4365,31521850,78746381220,10906701,KSQ,ME006
054670,KR7054670005,대한뉴팜,KOSDAQ,우량기업부,5480,1,60,1.11,5460,5540,5400,15333,84102190,78664961600,14354920,KSQ,ME006
475430,KR7475430005,키스트론,KOSDAQ,중견기업부,4370,1,80,1.86,4290,4475,4200,126019,549940125,78531684000,17848110,KSQ,ME006
047820,KR7047820006,초록뱀미디어,KOSDAQ,중견기업부,3260,1,25,0.77,3230,3275,3210,10726,34725175,78497115300,24453930,KSQ,ME006
950130,KR8840090003,엑세스바이오,KOSDAQ,외국기업(소속부없음),2265,1,60,2.72,2230,2325,2220,45252,102566735,78437649820,35173834,KSQ,ME006
323350,KR7323350009,다원넥스뷰,KOSDAQ,기술성장기업부,9810,2,-160,-1.6,10050,10690,9540,105232,1052614440,78265242440,8010772,KSQ,ME006
382840,KR7382840007,원준,KOSDAQ,중견기업부,5000,1,65,1.32,4935,5150,4885,32023,161603870,78190494720,15271581,KSQ,ME006
000440,KR7000440008,중앙에너비스,KOSDAQ,중견기업부,12740,1,290,2.33,12520,12670,12360,14328,181076160,78150481500,6227130,KSQ,ME006
030960,KR7030960009,양지사,KOSDAQ,중견기업부,4805,2,-100,-2.04,4885,4910,4830,10936,53190455,77822600000,15980000,KSQ,ME006
024880,KR7024880007,케이피에프,KOSDAQ,우량기업부,3865,1,80,2.11,3785,3915,3765,91938,354225867,77772333600,19941624,KSQ,ME006
388870,KR7388870008,파로스아이바이오,KOSDAQ,기술성장기업부,6020,1,520,9.45,5530,6470,5530,258896,1573949345,77675592000,12945932,KSQ,ME006
299660,KR7299660001,셀리드,KOSDAQ,기술성장기업부,2635,1,15,0.57,2600,2880,2600,1696536,4670752168,77592829510,29502977,KSQ,ME006
142280,KR7142280007,녹십자엠에스,KOSDAQ,중견기업부,3210,1,55,1.74,3180,3285,3140,220253,710506410,77400590130,23963031,KSQ,ME006
040160,KR7040160004,누리플렉스,KOSDAQ,중견기업부,6400,2,-90,-1.39,6400,6790,6320,11748,76113435,77360615010,11883351,KSQ,ME006
058400,KR7058400003,KNN,KOSDAQ,우량기업부,5810,1,90,1.57,5830,5840,5440,13537,77333710,77338956480,13242972,KSQ,ME006
102370,KR7102370004,케이옥션,KOSDAQ,기술성장기업부,2975,1,5,0.17,3000,3025,2950,8045,23990820,77276545650,25888290,KSQ,ME006
079810,KR7079810008,APS이노베이션,KOSDAQ,우량기업부,3690,1,140,3.94,3600,3690,3545,27250,98269952,77178216990,21528094,KSQ,ME006
0017J0,KR70017J0004,세미티에스,KOSDAQ,벤처기업부,2530,1,15,0.6,2515,2605,2480,215721,550810475,77035909755,30151041,KSQ,ME006
253840,KR7253840003,수젠텍,KOSDAQ,중견기업부,4570,1,5,0.11,4565,4650,4515,92897,427809980,76935004000,16743200,KSQ,ME006
124560,KR7124560004,태웅로직스,KOSDAQ,우량기업부,1980,1,20,1.02,1944,1983,1928,28916,56551071,76783368213,38720811,KSQ,ME006
066310,KR7066310004,큐에스아이,KOSDAQ,벤처기업부,8250,1,80,0.98,8220,8460,8010,86890,719689790,76769021880,9271621,KSQ,ME006
083790,KR7083790006,CG인바이츠,KOSDAQ,벤처기업부,993,1,28,2.9,993,1000,960,188092,184073625,76663499454,76894182,KSQ,ME006
331380,KR7331380006,포커스에이아이,KOSDAQ,투자주의환기종목(소속부없음),2065,1,20,0.98,2155,2155,2020,7770,15909035,76322868755,36960227,KSQ,ME006
225530,KR7225530005,HC보광산업,KOSDAQ,우량기업부,2100,1,25,1.2,2110,2110,2055,6469,13506865,76311326700,36338727,KSQ,ME006
360070,KR7360070007,탑머티리얼,KOSDAQ,중견기업부,9480,1,480,5.33,9200,9490,9000,18645,172563605,76185999900,8192043,KSQ,ME006
041930,KR7041930009,SY동아,KOSDAQ,우량기업부,5040,1,10,0.2,5010,5090,4980,14374,72090592,76000000000,15200000,KSQ,ME006
487580,KR7487580003,폴레드,KOSDAQ,벤처기업부,3000,1,105,3.63,2915,3050,2900,175291,527758302,75926325915,25182861,KSQ,ME006
187420,KR7187420005,HLB제넥스,KOSDAQ,기술성장기업부,2320,1,533,29.83,2280,2320,2210,1302163,3005112407,75736277040,32644947,KSQ,ME006
019550,KR7019550003,SBI인베스트먼트,KOSDAQ,중견기업부,935,2,-19,-1.99,969,969,923,457051,427926461,75729195560,80562974,KSQ,ME006
396270,KR7396270001,넥스트칩,KOSDAQ,벤처기업부,2320,1,45,1.98,2290,2345,2220,195119,451116969,75641091300,32887431,KSQ,ME006
228340,KR7228340006,동양파일,KOSDAQ,중견기업부,3725,1,275,7.97,3450,3960,3425,1194932,4472642883,75400000000,20000000,KSQ,ME006
012700,KR7012700001,리드코프,KOSDAQ,우량기업부,2920,1,30,1.04,2925,2925,2865,17707,51550235,75385070800,25994852,KSQ,ME006
088390,KR7088390000,이녹스,KOSDAQ,중견기업부,8130,1,30,0.37,8110,8210,8020,2205,17846825,75368327320,9385844,KSQ,ME006
371950,KR7371950007,풍원정밀,KOSDAQ,기술성장기업부,3145,1,80,2.61,3070,3355,3060,216596,694230988,75290206950,23565010,KSQ,ME006
109670,KR7109670000,씨싸이트,KOSDAQ,중견기업부,12870,1,2970,30.0,12870,12870,12870,37055,476897850,75117067740,5836602,KSQ,ME006
040910,KR7040910002,아이씨디,KOSDAQ,중견기업부,4055,2,-75,-1.82,4130,4200,4085,9747,40279290,75059755750,18174275,KSQ,ME006
282620,KR7282620004,기도산업,KOSDAQ,중견기업부,12770,1,70,0.55,12710,12960,12640,35115,447715985,74958442530,5860707,KSQ,ME006
011370,KR7011370004,서한,KOSDAQ,우량기업부,3730,1,55,1.5,3700,3725,3645,17596,64726555,74863989830,20178973,KSQ,ME006
107600,KR7107600009,새빗켐,KOSDAQ,벤처기업부,13110,1,150,1.16,12960,13490,12810,14417,191766400,74637213340,5650054,KSQ,ME006
263800,KR7263800005,데이타솔루션,KOSDAQ,중견기업부,4570,1,20,0.44,4560,4680,4540,83631,386149635,74636748000,16225380,KSQ,ME006
168330,KR7168330009,내츄럴엔도텍,KOSDAQ,투자주의환기종목(소속부없음),2350,2,-15,-0.63,2365,2365,2315,9143,21428165,74624015000,31754900,KSQ,ME006
058630,KR7058630005,엠게임,KOSDAQ,우량기업부,3965,1,65,1.67,3855,3980,3855,38679,152247597,74620981650,18772574,KSQ,ME006
041910,KR7041910001,폴라리스AI파마,KOSDAQ,우량기업부,5540,1,150,2.78,5400,5640,5360,51414,284053910,74519593500,13283350,KSQ,ME006
011320,KR7011320009,유니크,KOSDAQ,우량기업부,3855,3,0,0.0,3940,3940,3815,15289,58926080,74481279225,19320695,KSQ,ME006
020710,KR7020710000,시공테크,KOSDAQ,우량기업부,3700,1,40,1.09,3650,3745,3610,111444,410002410,74277728850,20047970,KSQ,ME006
038680,KR7038680005,에스넷,KOSDAQ,우량기업부,3675,1,85,2.37,3620,3795,3580,68258,253799535,74274154660,19912642,KSQ,ME006
208140,KR7208140004,정다운,KOSDAQ,우량기업부,2265,1,10,0.44,2255,2275,2240,17693,39941656,74193238420,32684246,KSQ,ME006
451250,KR7451250005,삐아,KOSDAQ,벤처기업부,7240,1,40,0.56,7200,7330,7190,9621,69702420,74035349480,10225877,KSQ,ME006
060570,KR7060570009,드림어스컴퍼니,KOSDAQ,중견기업부,5060,1,160,3.27,5000,5020,4855,9510,46959555,73953366860,14820314,KSQ,ME006
080010,KR7080010002,이상네트웍스,KOSDAQ,중견기업부,7500,2,-20,-0.27,7560,7560,7300,2252,16609770,73763032500,9835071,KSQ,ME006
060590,KR7060590007,씨티씨바이오,KOSDAQ,중견기업부,3045,1,40,1.33,3040,3050,2960,55902,169421722,73752111000,24181020,KSQ,ME006
017480,KR7017480005,삼현철강,KOSDAQ,우량기업부,4775,3,0,0.0,4780,4780,4730,15763,74890520,73739799750,15442890,KSQ,ME006
217330,KR7217330000,싸이토젠,KOSDAQ,기술성장기업부,3165,1,140,4.63,3025,3230,3010,90003,282599422,73667607195,23129547,KSQ,ME006
487400,KR7487400004,케이앤에스아이앤씨,KOSDAQ,기술성장기업부,7020,2,-400,-5.39,7440,7440,7150,224553,1631446985,73570523940,10260882,KSQ,ME006
084730,KR7084730001,팅크웨어,KOSDAQ,중견기업부,6620,1,60,0.91,6560,6680,6510,2879,18927205,73544386880,11109424,KSQ,ME006
012790,KR7012790002,신일제약,KOSDAQ,우량기업부,6190,1,70,1.14,6080,6170,6080,4171,25488560,73356859800,11986415,KSQ,ME006
320000,KR7320000003,한울반도체,KOSDAQ,중견기업부,10540,2,-90,-0.85,10630,10940,10480,102457,1094792030,73354038700,6913670,KSQ,ME006
170030,KR7170030001,현대공업,KOSDAQ,우량기업부,4775,1,5,0.1,4770,4810,4745,11249,53665260,73248500000,15340000,KSQ,ME006
377480,KR7377480009,마음AI,KOSDAQ,기술성장기업부,10210,2,-140,-1.35,10350,10470,10090,43208,446766005,73235832500,7110275,KSQ,ME006
065510,KR7065510000,휴비츠,KOSDAQ,우량기업부,6720,1,110,1.66,6630,6740,6630,26319,176183540,73099454400,10877895,KSQ,ME006
347890,KR7347890006,엠엑스온,KOSDAQ,벤처기업부,4290,1,20,0.47,4295,4295,4150,12215,51974130,73071711180,17013204,KSQ,ME006
024740,KR7024740003,한일단조,KOSDAQ,우량기업부,2220,1,15,0.68,2205,2245,2175,67590,149615412,73031448780,32897049,KSQ,ME006
090470,KR7090470006,제이스로보틱스,KOSDAQ,벤처기업부,4200,2,-30,-0.71,4260,4465,4150,27137,114070170,72615248070,17476594,KSQ,ME006
039010,KR7039010004,현대에이치티,KOSDAQ,우량기업부,8410,2,-130,-1.52,8540,8600,8300,52049,440617140,72536250000,8625000,KSQ,ME006
302430,KR7302430004,이노메트리,KOSDAQ,벤처기업부,7350,1,190,2.65,7340,7570,7210,76989,570970125,72445707120,9803208,KSQ,ME006
091590,KR7091590000,남화토건,KOSDAQ,중견기업부,6270,1,350,5.91,5960,6190,5810,1055130,7011153585,72318400000,11740000,KSQ,ME006
171120,KR7171120009,라이온켐텍,KOSDAQ,우량기업부,2010,1,15,0.75,1995,2015,1977,75738,151401982,72162537600,35901760,KSQ,ME006
0155E0,KR70155E0001,해치텍,KOSDAQ,기술성장기업부,12840,3,0,0.0,12850,13850,12520,942853,12511829425,71991408000,5487150,KSQ,ME006
053280,KR7053280004,예스24,KOSDAQ,중견기업부,2875,1,55,1.95,2830,2895,2810,24654,70733680,71875000000,25000000,KSQ,ME006
347000,KR7347000002,센코,KOSDAQ,기술성장기업부,1887,1,44,2.39,1835,1898,1800,46128,85312688,71764985708,37810846,KSQ,ME006
039980,KR7039980008,폴라리스AI,KOSDAQ,중견기업부,4990,1,10,0.2,5030,5080,4955,50984,256018890,71762257860,14381214,KSQ,ME006
054040,KR7054040001,한국컴퓨터,KOSDAQ,우량기업부,4435,1,25,0.57,4420,4440,4385,12301,54208016,71356527600,16071290,KSQ,ME006
117670,KR7117670000,알파칩스,KOSDAQ,벤처기업부,10680,2,-120,-1.11,11000,11000,10500,30919,331342070,71147404560,6661742,KSQ,ME006
332370,KR7332370006,아이디피,KOSDAQ,벤처기업부,5360,1,160,3.08,5180,5410,5180,2872,15052210,71147171360,13273726,KSQ,ME006
038460,KR7038460002,바이오스마트,KOSDAQ,우량기업부,2790,3,0,0.0,2785,2850,2760,48961,137718415,71021463020,25274542,KSQ,ME006
104460,KR7104460001,디와이피엔에프,KOSDAQ,우량기업부,6850,1,110,1.63,6690,6780,6650,7555,50725800,70892000740,10518101,KSQ,ME006
262260,KR7262260003,에이프로,KOSDAQ,우량기업부,4815,1,290,6.41,4550,4800,4410,89717,423318214,70865002000,15077660,KSQ,ME006
048430,KR7048430003,유라테크,KOSDAQ,우량기업부,6170,1,50,0.82,6100,6210,6030,23869,146123090,70848000000,11520000,KSQ,ME006
128660,KR7128660008,피제이메탈,KOSDAQ,우량기업부,2870,1,65,2.32,2800,2850,2785,41306,116740580,70689601650,24803369,KSQ,ME006
208370,KR7208370007,셀바스헬스케어,KOSDAQ,벤처기업부,2710,1,365,15.57,2440,2855,2370,4228216,11573187872,70657848180,25740564,KSQ,ME006
413390,KR7413390006,엠오티,KOSDAQ,중견기업부,6330,1,240,3.94,6200,6330,6120,16876,105764170,70534500000,11285520,KSQ,ME006
104040,KR7104040001,디에스엠,KOSDAQ,벤처기업부,2635,1,70,2.73,2690,2700,2495,53469,138514540,70519675950,26813565,KSQ,ME006
045660,KR7045660008,에이텍,KOSDAQ,우량기업부,8530,2,-50,-0.58,8580,8700,8440,9958,84753250,70457800000,8260000,KSQ,ME006
110790,KR7110790003,크리스에프앤씨,KOSDAQ,우량기업부,3055,1,65,2.17,3020,3020,2925,3875,11567275,70410034800,23430960,KSQ,ME006
024830,KR7024830002,세원물산,KOSDAQ,중견기업부,8420,1,110,1.32,8250,8590,8210,3092,26089900,70307000000,8350000,KSQ,ME006
032850,KR7032850000,비트컴퓨터,KOSDAQ,벤처기업부,4230,1,205,5.09,4045,4350,4045,125064,531309906,70233412925,16623293,KSQ,ME006
026150,KR7026150003,특수건설,KOSDAQ,중견기업부,3915,1,20,0.51,3990,4045,3910,21333,85158290,70097592345,17546331,KSQ,ME006
076610,KR7076610005,해성옵틱스,KOSDAQ,벤처기업부,1147,1,24,2.14,1122,1162,1120,369554,422118150,70051135650,60914031,KSQ,ME006
136150,KR7136150000,원일티엔아이,KOSDAQ,벤처기업부,8330,1,110,1.34,8220,8640,8000,18798,156293400,69897790200,8381030,KSQ,ME006
277880,KR7277880001,티에스아이,KOSDAQ,우량기업부,3530,1,70,2.02,3460,3560,3430,26940,94492018,69848106240,19843212,KSQ,ME006
067170,KR7067170001,오텍,KOSDAQ,중견기업부,2510,1,55,2.24,2455,2780,2405,709290,1809247990,69766400980,27467087,KSQ,ME006
337930,KR7337930002,젝시믹스,KOSDAQ,우량기업부,2400,1,50,2.13,2330,2455,2330,72897,175125537,69717429600,29048929,KSQ,ME006
092040,KR7092040005,아미코젠,KOSDAQ,기술성장기업부,993,1,58,6.2,939,1083,939,1039474,1050283705,69524900808,70655387,KSQ,ME006
096350,KR7096350004,대창솔루션,KOSDAQ,벤처기업부,1891,1,1,0.05,1882,1926,1866,75738,143891960,69471226370,36854762,KSQ,ME006
228670,KR7228670006,레이,KOSDAQ,벤처기업부,4425,1,75,1.72,4395,4465,4320,43387,190896505,69128892820,15640021,KSQ,ME006
067570,KR7067570002,엔브이에이치코리아,KOSDAQ,중견기업부,1639,1,27,1.67,1623,1646,1610,113699,185593548,69116630000,42170000,KSQ,ME006
483350,KR7483350005,딜리셔스,KOSDAQ,기술성장기업부,3105,2,-135,-4.17,3230,3230,3105,318642,1004756366,68897260600,22153460,KSQ,ME006
123010,KR7123010001,MSDI,KOSDAQ,기술성장기업부,3435,1,75,2.23,3415,3545,3235,284658,946515840,68733607800,20215767,KSQ,ME006
153710,KR7153710009,옵티팜,KOSDAQ,기술성장기업부,4650,1,75,1.64,4575,4770,4575,7902,36602165,68728753230,14669958,KSQ,ME006
212710,KR7212710008,아이에스티이,KOSDAQ,기술성장기업부,7030,2,-20,-0.28,7000,7350,6880,64447,456740470,68490594900,9714978,KSQ,ME006
054620,KR7054620000,APS,KOSDAQ,중견기업부,3730,2,-10,-0.27,3775,3865,3665,20482,76926300,68426502120,18394221,KSQ,ME006
417790,KR7417790003,트루엔,KOSDAQ,벤처기업부,6560,2,-180,-2.67,6690,6690,6480,14395,93918920,68358593230,10468391,KSQ,ME006
460940,KR7460940000,피앤에스로보틱스,KOSDAQ,기술성장기업부,5090,2,-60,-1.17,5150,5220,5060,31778,163292220,68352822400,13455280,KSQ,ME006
061040,KR7061040002,알에프텍,KOSDAQ,중견기업부,7720,1,150,1.98,7510,7570,7410,2022,15179900,68314083650,9048223,KSQ,ME006
294140,KR7294140009,레몬,KOSDAQ,관리종목(소속부없음),2740,3,0,0.0,2740,2855,2655,18595,50488645,68266601320,24914818,KSQ,ME006
303360,KR7303360002,프로티아,KOSDAQ,기술성장기업부,5350,2,-10,-0.19,5370,5370,5110,44608,231802310,68262489500,12879715,KSQ,ME006
456070,KR7456070002,이엔셀,KOSDAQ,기술성장기업부,6110,1,190,3.21,6190,6220,6000,125872,770227955,68162415060,11029517,KSQ,ME006
019540,KR7019540004,일지테크,KOSDAQ,우량기업부,5050,1,40,0.8,5040,5050,4960,22447,112175300,68108040000,13513500,KSQ,ME006
214260,KR7214260002,라파스,KOSDAQ,기술성장기업부,7590,2,-60,-0.78,7700,7830,7580,5514,42371000,67989168060,8922463,KSQ,ME006
040350,KR7040350001,크레오에스지,KOSDAQ,벤처기업부,3425,2,-310,-8.3,3775,3775,3285,215328,749102813,67908190320,19856196,KSQ,ME006
123420,KR7123420002,위메이드플레이,KOSDAQ,우량기업부,6560,1,90,1.39,6470,6570,6430,2974,19330410,67502756090,10401041,KSQ,ME006
043610,KR7043610005,KT지니뮤직,KOSDAQ,중견기업부,1156,2,-8,-0.69,1164,1164,1126,106182,121367781,67355792642,58115438,KSQ,ME006
0156T0,KR70156T0003,에이치엘지노믹스,KOSDAQ,중견기업부,8550,1,180,2.15,8380,8780,8380,87335,752789745,67082227820,7782161,KSQ,ME006
204840,KR7204840003,지엘팜텍,KOSDAQ,기술성장기업부,4380,1,60,1.39,4285,4355,4250,19570,84406430,67079889325,15509801,KSQ,ME006
010280,KR7010280006,아이티센엔텍,KOSDAQ,우량기업부,5140,1,30,0.59,5060,5180,5000,21781,110492420,67077498550,13024757,KSQ,ME006
109860,KR7109860007,동일금속,KOSDAQ,우량기업부,7260,2,-60,-0.82,7300,7380,7220,1728,12631190,67067000000,9100000,KSQ,ME006
049550,KR7049550007,잉크테크,KOSDAQ,우량기업부,3545,1,100,2.9,3420,3440,3400,2143,7308800,67053467340,19606277,KSQ,ME006
111710,KR7111710000,남화산업,KOSDAQ,중견기업부,3210,1,30,0.94,3195,3270,3090,123407,401354550,67013940000,20588000,KSQ,ME006
096250,KR7096250006,와이즈넛,KOSDAQ,기술성장기업부,5610,1,170,3.13,5480,5820,5440,40942,229961000,66990375270,11814881,KSQ,ME006
002800,KR7002800001,신신제약,KOSDAQ,우량기업부,4440,1,15,0.34,4425,4470,4410,14393,63844360,66977757500,15170500,KSQ,ME006
004780,KR7004780003,대륙제관,KOSDAQ,우량기업부,4210,1,40,0.96,4180,4235,4170,15900,66947160,66952467790,15903199,KSQ,ME006
0004V0,KR70004V0003,엔비알모션,KOSDAQ,기술성장기업부,6050,2,-200,-3.2,6260,6420,6080,119012,732784200,66943134720,11010384,KSQ,ME006
265560,KR7265560003,영화테크,KOSDAQ,우량기업부,6400,2,-80,-1.23,6470,6540,6250,20649,130842730,66813625000,10690180,KSQ,ME006
950220,KR8840140006,네오이뮨텍,KOSDAQ,기술성장기업부,1961,1,75,3.98,1895,2035,1885,349439,690123624,66781511680,34211840,KSQ,ME006
049470,KR7049470008,비트플래닛,KOSDAQ,중견기업부,2825,2,-140,-4.72,2815,2955,2765,165969,466795611,66514339675,23544899,KSQ,ME006
393210,KR7393210000,토마토시스템,KOSDAQ,기술성장기업부,4245,1,185,4.56,3815,5050,3770,17777664,81010232741,66439884720,15614544,KSQ,ME006
417970,KR7417970001,모델솔루션,KOSDAQ,우량기업부,10450,1,190,1.85,10300,10470,10170,11915,122788970,66397746000,6396700,KSQ,ME006
451220,KR7451220008,아이엠티,KOSDAQ,기술성장기업부,8330,1,10,0.12,8450,8480,8210,31267,260377980,66225478510,7874611,KSQ,ME006
100030,KR7100030006,인지소프트,KOSDAQ,중견기업부,20100,1,200,1.01,19900,20200,19850,4077,81429880,66166837100,3283714,KSQ,ME006
137080,KR7137080008,나래나노텍,KOSDAQ,중견기업부,6230,2,-30,-0.48,6260,6260,6080,5010,30732800,65973285840,10709949,KSQ,ME006
067370,KR7067370007,선바이오,KOSDAQ,기술성장기업부,5380,2,-260,-4.61,5600,5660,5310,31107,170582170,65832602990,12213841,KSQ,ME006
0218L0,KR70218L0007,네오뷰,KOSDAQ,중견기업부,12580,1,180,1.45,12400,12850,12260,4991,61947800,65582855250,5276175,KSQ,ME006
006140,KR7006140008,피제이전자,KOSDAQ,우량기업부,4400,2,-5,-0.11,4400,4465,4315,25789,112954110,65406000000,14865000,KSQ,ME006
014970,KR7014970008,삼륭물산,KOSDAQ,중견기업부,4410,1,30,0.68,4380,4435,4355,11984,52660979,65230000000,14825000,KSQ,ME006
046210,KR7046210001,HLB파나진,KOSDAQ,벤처기업부,1432,1,330,29.95,1432,1432,1421,369283,528680893,65196038720,45527960,KSQ,ME006
008370,KR7008370009,원풍,KOSDAQ,우량기업부,5460,1,80,1.49,5370,5430,5370,26570,143957595,65160000000,12000000,KSQ,ME006
155650,KR7155650005,와이엠씨,KOSDAQ,우량기업부,3385,1,115,3.52,3215,3440,3215,88283,296720860,64702560780,18974358,KSQ,ME006
214680,KR7214680001,디알텍,KOSDAQ,벤처기업부,3860,1,40,1.05,3965,3965,3775,33902,130794125,64694717625,16695411,KSQ,ME006
222110,KR7222110009,팬젠,KOSDAQ,기술성장기업부,4795,2,-10,-0.21,4850,4850,4750,1193,5720250,64666925565,13514509,KSQ,ME006
315640,KR7315640003,딥노이드,KOSDAQ,기술성장기업부,2155,1,220,11.37,2030,2440,1957,1951793,4421217067,64618910400,29372232,KSQ,ME006
318160,KR7318160009,셀바이오휴먼텍,KOSDAQ,벤처기업부,7080,2,-40,-0.56,7120,7120,6870,14892,103269500,64522214830,9337513,KSQ,ME006
048770,KR7048770002,TPC로보틱스,KOSDAQ,벤처기업부,4105,2,-95,-2.26,4220,4290,4100,285844,1195463380,64440253055,15697991,KSQ,ME006
205470,KR7205470008,휴마시스,KOSDAQ,중견기업부,2605,1,5,0.19,2555,2665,2550,37409,97662860,64278377605,24675001,KSQ,ME006
065170,KR7065170003,비엘팜텍,KOSDAQ,투자주의환기종목(소속부없음),2300,2,-95,-3.97,2410,2440,2300,397674,937523682,64201723900,27913793,KSQ,ME006
097800,KR7097800007,윈팩,KOSDAQ,중견기업부,2350,2,-80,-3.29,2450,2500,2280,92648,223954850,64131605750,27290045,KSQ,ME006
033130,KR7033130006,디지틀조선,KOSDAQ,중견기업부,1720,2,-19,-1.09,1739,1739,1701,45031,77136795,63949605041,37115267,KSQ,ME006
067920,KR7067920009,이글루,KOSDAQ,우량기업부,5770,2,-90,-1.54,5900,5900,5720,26040,150521100,63777490200,10996119,KSQ,ME006
382480,KR7382480002,지아이텍,KOSDAQ,벤처기업부,1611,3,0,0.0,1600,1626,1589,32956,53058645,63679852520,39357140,KSQ,ME006
043650,KR7043650001,국순당,KOSDAQ,중견기업부,3525,2,-75,-2.08,3570,3590,3495,39428,139400555,63486270720,17858304,KSQ,ME006
424960,KR7424960003,스마트레이더시스템,KOSDAQ,기술성장기업부,3800,2,-35,-0.91,3820,3895,3720,10058,38491760,63220396850,16485110,KSQ,ME006
041460,KR7041460007,한국전자인증,KOSDAQ,중견기업부,3320,2,-60,-1.78,3380,3380,3265,33139,109890120,63175000000,19000000,KSQ,ME006
089850,KR7089850002,유비벨록스,KOSDAQ,우량기업부,4310,1,185,4.48,4210,4295,4080,7614,31653545,63118902715,14730199,KSQ,ME006
081150,KR7081150005,티플랙스,KOSDAQ,중견기업부,2600,2,-5,-0.19,2610,2625,2510,50119,129469655,63097845200,24268402,KSQ,ME006
064240,KR7064240005,홈캐스트,KOSDAQ,벤처기업부,1799,1,2,0.11,1797,1877,1772,24680,44359079,62935371314,34694251,KSQ,ME006
347860,KR7347860009,알체라,KOSDAQ,중견기업부,1507,1,66,4.58,1441,1509,1440,137249,204327782,62893241324,42153647,KSQ,ME006
299170,KR7299170001,더블유에스아이,KOSDAQ,중견기업부,1486,1,125,9.18,1393,1664,1365,20475803,31926124801,62682044880,41511288,KSQ,ME006
039610,KR7039610001,화성밸브,KOSDAQ,우량기업부,6080,1,200,3.4,5880,6030,5760,48382,288261430,62670608000,10410400,KSQ,ME006
122350,KR7122350002,삼기,KOSDAQ,중견기업부,1629,2,-8,-0.49,1637,1668,1623,682654,1120616807,62569946496,38339428,KSQ,ME006
241790,KR7241790005,티이엠씨씨엔에스,KOSDAQ,우량기업부,6250,2,-100,-1.57,6330,6360,6120,17566,109623550,62516462500,10002634,KSQ,ME006
005670,KR7005670005,푸드웰,KOSDAQ,우량기업부,6200,1,40,0.65,6160,6260,6120,9886,61329080,62500000000,10000000,KSQ,ME006
221800,KR7221800006,지구홀딩스,KOSDAQ,투자주의환기종목(소속부없음),3825,1,200,5.52,3750,3885,3665,32890,125672035,62419605075,16318851,KSQ,ME006
036000,KR7036000008,예림당,KOSDAQ,중견기업부,2760,1,60,2.22,2675,2750,2675,6198,16756960,62307719285,23034277,KSQ,ME006
056360,KR7056360001,코위버,KOSDAQ,벤처기업부,6300,2,-70,-1.1,6320,6920,6120,469009,3105511585,62307648000,9796800,KSQ,ME006
214270,KR7214270001,FSN,KOSDAQ,중견기업부,1370,1,8,0.59,1398,1399,1361,13893,19002888,62085244592,45251636,KSQ,ME006
291230,KR7291230001,컴투스엔,KOSDAQ,중견기업부,2595,1,25,0.97,2565,2600,2520,15963,41163750,62069032135,24011231,KSQ,ME006
463020,KR7463020008,뉴엔AI,KOSDAQ,기술성장기업부,6850,1,110,1.63,6750,7030,6700,95366,660740710,62011680000,8987200,KSQ,ME006
089790,KR7089790000,제이티,KOSDAQ,벤처기업부,6000,1,10,0.17,6110,6120,5850,77668,464438100,61996233130,10315513,KSQ,ME006
094850,KR7094850005,참좋은여행,KOSDAQ,우량기업부,4375,1,10,0.23,4335,4430,4310,16157,70951255,61670000000,14000000,KSQ,ME006
241690,KR7241690007,유니테크노,KOSDAQ,우량기업부,2560,1,70,2.81,2485,2540,2440,29009,72734690,61666179120,24470706,KSQ,ME006
095270,KR7095270005,웨이브일렉트로,KOSDAQ,벤처기업부,4345,1,95,2.24,4250,4390,4140,34587,148244455,61657621740,14372406,KSQ,ME006
039420,KR7039420005,케이엘넷,KOSDAQ,중견기업부,2695,1,40,1.51,2660,2690,2640,8329,22084925,61612678890,22946994,KSQ,ME006
066670,KR7066670001,디티씨,KOSDAQ,중견기업부,3335,1,55,1.68,3260,3310,3260,9287,30446240,61309491040,18691918,KSQ,ME006
010240,KR7010240000,흥국,KOSDAQ,우량기업부,5240,1,20,0.38,5220,5230,5190,10670,55600710,61222380000,11706000,KSQ,ME006
331740,KR7331740001,아우토크립트,KOSDAQ,기술성장기업부,6170,1,30,0.49,6290,6360,6110,13023,81444480,61138713570,9750991,KSQ,ME006
082210,KR7082210006,옵트론텍,KOSDAQ,중견기업부,1747,2,-30,-1.69,1799,1799,1711,25594,44847398,61080937510,34963330,KSQ,ME006
014470,KR7014470009,부방,KOSDAQ,벤처기업부,1076,1,40,3.86,1037,1066,1031,62451,65341342,60700816960,57049640,KSQ,ME006
352910,KR7352910004,오비고,KOSDAQ,기술성장기업부,4755,2,-60,-1.25,4840,4845,4550,11180,52905565,60661449600,12637802,KSQ,ME006
016250,KR7016250003,SGC E&C,KOSDAQ,중견기업부,12140,1,260,2.19,11870,12060,11870,1086,12985165,60443832000,5036986,KSQ,ME006
460870,KR7460870009,에스엠씨지,KOSDAQ,벤처기업부,3030,2,-50,-1.62,3080,3090,2970,57897,175137633,60420645040,20073304,KSQ,ME006
216050,KR7216050005,인크로스,KOSDAQ,중견기업부,4935,3,0,0.0,4950,4955,4900,2451,12084408,60322185790,12198622,KSQ,ME006
010470,KR7010470003,오리콤,KOSDAQ,우량기업부,5040,1,60,1.2,5030,5040,4945,4225,21149295,60234501500,11975050,KSQ,ME006
049480,KR7049480007,오픈베이스,KOSDAQ,우량기업부,1919,1,37,1.97,1900,1932,1873,73828,141315679,60205285828,31422383,KSQ,ME006
365660,KR7365660000,레몬헬스케어,KOSDAQ,기술성장기업부,4465,1,115,2.64,4380,4950,4355,3053843,14246511890,60146348730,13455559,KSQ,ME006
126880,KR7126880004,제이엔케이글로벌,KOSDAQ,우량기업부,2570,1,25,0.98,2575,2630,2535,28960,74901925,60005438570,23168123,KSQ,ME006
290660,KR7290660000,다이나믹솔루션,KOSDAQ,기술성장기업부,1395,2,-24,-1.69,1416,1436,1391,297303,417621320,59973043200,42837888,KSQ,ME006
065530,KR7065530008,와이어블,KOSDAQ,우량기업부,1250,1,14,1.13,1223,1256,1212,80570,99875537,59941965027,47838759,KSQ,ME006
900300,HK0000312568,오가닉티코스메틱,KOSDAQ,외국기업(소속부없음),2930,3,0,0.0,2930,3110,2880,49283,145381277,59785181785,20580097,KSQ,ME006
127710,KR7127710002,아시아경제,KOSDAQ,중견기업부,1354,1,37,2.81,1387,1387,1331,73092,99068364,59686679550,44049210,KSQ,ME006
950200,KR8840150005,소마젠,KOSDAQ,외국기업(소속부없음),3100,2,-15,-0.48,3135,3185,3000,75182,234899905,59631764300,19236053,KSQ,ME006
225190,KR7225190008,LK삼양,KOSDAQ,중견기업부,4150,1,45,1.1,4000,5280,3980,1548536,7479140783,59404894920,14093688,KSQ,ME006
054300,KR7054300009,팬스타엔터프라이즈,KOSDAQ,벤처기업부,1024,2,-34,-3.21,1049,1053,1015,128047,131349245,59392534845,58170945,KSQ,ME006
036090,KR7036090009,위지트,KOSDAQ,중견기업부,1390,2,-8,-0.57,1399,1421,1381,220750,309820263,59145214460,42550514,KSQ,ME006
033310,KR7033310004,엠투엔,KOSDAQ,중견기업부,1478,1,20,1.37,1446,1500,1441,30846,45752035,59119262424,39972456,KSQ,ME006
060310,KR7060310000,3S,KOSDAQ,벤처기업부,1107,1,23,2.12,1096,1126,1090,121571,134342375,59001652480,53059040,KSQ,ME006
033320,KR7033320003,제이씨현시스템,KOSDAQ,벤처기업부,3085,1,25,0.82,3060,3100,3025,19003,58524302,58968022720,19114432,KSQ,ME006
191420,KR7191420009,테고사이언스,KOSDAQ,벤처기업부,7270,1,80,1.11,7190,7350,7070,1781,12862960,58951223180,8108834,KSQ,ME006
045340,KR7045340007,토탈소프트,KOSDAQ,벤처기업부,6800,2,-60,-0.87,6850,6870,6770,15694,107513395,58793734800,8558040,KSQ,ME006
039020,KR7039020003,이건홀딩스,KOSDAQ,중견기업부,2590,1,35,1.37,2565,2605,2515,82613,210543211,58720243400,22584709,KSQ,ME006
003310,KR7003310000,대주산업,KOSDAQ,우량기업부,1663,1,31,1.9,1628,1668,1610,118482,196262748,58715908650,35392350,KSQ,ME006
050960,KR7050960004,수산아이앤티,KOSDAQ,벤처기업부,8710,3,0,0.0,8710,8710,8660,1894,16476550,58463660000,6751000,KSQ,ME006
036120,KR7036120004,서울평가정보,KOSDAQ,중견기업부,1654,1,19,1.16,1636,1661,1622,69842,114997359,58375845000,35145000,KSQ,ME006
053620,KR7053620001,태양,KOSDAQ,우량기업부,6780,3,0,0.0,6710,6880,6700,4556,30832190,58308000000,8600000,KSQ,ME006
037440,KR7037440005,희림,KOSDAQ,우량기업부,4175,2,-55,-1.3,4175,4240,4140,122887,515954028,58265557875,13922475,KSQ,ME006
025550,KR7025550005,한국선재,KOSDAQ,중견기업부,2290,1,80,3.62,2225,2275,2180,57184,129100675,58044359100,25514004,KSQ,ME006
192250,KR7192250009,케이사인,KOSDAQ,벤처기업부,8010,1,50,0.63,7960,8300,7880,38729,316955470,57950425000,7067125,KSQ,ME006
059270,KR7059270009,해성에어로보틱스,KOSDAQ,기술성장기업부,5250,1,130,2.54,5130,5290,5070,26455,137205510,57947901810,11165299,KSQ,ME006
175140,KR7175140003,아고스,KOSDAQ,투자주의환기종목(소속부없음),2310,3,0,0.0,2370,2370,2225,15960,36582440,57621224430,24944253,KSQ,ME006
448710,KR7448710004,코츠테크놀로지,KOSDAQ,벤처기업부,10940,1,230,2.15,10730,11080,10730,12929,141508290,57503976960,5285292,KSQ,ME006
251630,KR7251630000,브이원텍,KOSDAQ,벤처기업부,3565,2,-40,-1.11,3605,3675,3540,12020,42814255,57474104030,15942886,KSQ,ME006
273640,KR7273640003,와이엠텍,KOSDAQ,벤처기업부,5220,2,-60,-1.14,5360,5360,5160,7890,41189660,57352180000,10966000,KSQ,ME006
317530,KR7317530004,에피소드컴퍼니,KOSDAQ,기술성장기업부,3255,1,75,2.36,3310,3310,3155,8326,27174775,57208264140,17494882,KSQ,ME006
263690,KR7263690000,디알젬,KOSDAQ,우량기업부,5040,1,20,0.4,5030,5050,5010,13019,65598650,57194330500,11325610,KSQ,ME006
053050,KR7053050001,지에스이,KOSDAQ,우량기업부,1918,1,50,2.68,1850,1919,1850,92929,176568026,57156359882,29987597,KSQ,ME006
238090,KR7238090005,앤디포스,KOSDAQ,벤처기업부,1874,2,-11,-0.58,1885,1885,1846,9510,18017521,57139084560,30490440,KSQ,ME006
007370,KR7007370000,진양제약,KOSDAQ,우량기업부,4010,1,55,1.39,3930,4015,3930,8922,35499075,56679693870,14134587,KSQ,ME006
291650,KR7291650000,츌립앤사이언스,KOSDAQ,기술성장기업부,1886,1,42,2.28,1885,1916,1805,17029,31479254,56674936197,30519621,KSQ,ME006
081180,KR7081180002,쎄크,KOSDAQ,기술성장기업부,6400,1,440,7.38,5900,6530,5830,115162,728954415,56659934700,8825535,KSQ,ME006
278650,KR7278650007,HLB바이오스텝,KOSDAQ,중견기업부,3250,1,750,30.0,3250,3250,3250,155557,505560250,56655287000,17432396,KSQ,ME006
270520,KR7270520000,앱튼,KOSDAQ,투자주의환기종목(소속부없음),1415,2,-605,-29.95,2335,2335,1415,2342531,3686649273,56638083310,40026914,KSQ,ME006
457600,KR7457600005,벡트,KOSDAQ,벤처기업부,4060,2,-285,-6.56,4340,4345,3945,107557,439986670,56611975000,13707500,KSQ,ME006
033230,KR7033230004,인성정보,KOSDAQ,중견기업부,1118,1,115,11.47,1008,1175,1003,1213852,1361045646,56577225600,50515380,KSQ,ME006
215360,KR7215360009,우리산업,KOSDAQ,우량기업부,6120,2,-20,-0.33,6150,6300,6040,15006,91909620,55980159190,9132163,KSQ,ME006
288180,KR7288180003,케이피항공산업,KOSDAQ,중견기업부,7650,1,90,1.19,7550,7710,7450,12781,97039940,55966993340,7393262,KSQ,ME006
053160,KR7053160008,프리엠스,KOSDAQ,중견기업부,9360,1,20,0.21,9400,9520,9100,8481,78307470,55800000000,6000000,KSQ,ME006
333620,KR7333620003,엔시스,KOSDAQ,벤처기업부,4945,2,-45,-0.9,5200,5200,4900,3924,19604765,55319487300,10997910,KSQ,ME006
420570,KR7420570004,제이투케이바이오,KOSDAQ,벤처기업부,9410,1,190,2.06,9200,9650,9200,22194,209044700,55200239520,5847483,KSQ,ME006
061250,KR7061250007,화일약품,KOSDAQ,우량기업부,6500,1,150,2.36,6380,6590,6340,11566,75296040,55135175200,8417584,KSQ,ME006
036670,KR7036670008,삼양케이씨아이,KOSDAQ,우량기업부,5080,1,20,0.4,5070,5090,5060,9114,46314820,54661816000,10760200,KSQ,ME006
088280,KR7088280003,쏘닉스,KOSDAQ,기술성장기업부,3185,1,15,0.47,3170,3235,3100,103300,326185404,54342378600,17306490,KSQ,ME006
459550,KR7459550000,알트,KOSDAQ,중견기업부,2145,1,125,6.19,2090,2305,2065,4141990,9159435379,54224636150,25220761,KSQ,ME006
435570,KR7435570007,에르코스,KOSDAQ,벤처기업부,7060,1,20,0.28,6850,7200,6840,1330,9300940,54156749130,7616983,KSQ,ME006
263600,KR7263600009,덕우전자,KOSDAQ,중견기업부,3385,1,20,0.59,3465,3465,3320,13091,44073890,54003750900,15930310,KSQ,ME006
054930,KR7054930003,유신,KOSDAQ,우량기업부,18000,2,-60,-0.33,18000,19100,17890,12623,228913860,54000000000,3000000,KSQ,ME006
443250,KR7443250006,레뷰코퍼레이션,KOSDAQ,벤처기업부,5020,1,20,0.4,5000,5000,4880,9933,49115532,53995035915,10809817,KSQ,ME006
170790,KR7170790000,파이오링크,KOSDAQ,우량기업부,8420,1,150,1.81,8260,8450,8170,17351,144736910,53865560700,6397335,KSQ,ME006
040610,KR7040610008,SG&G,KOSDAQ,중견기업부,3160,1,5,0.16,3210,3210,3140,18932,59709657,53857769680,17043598,KSQ,ME006
104540,KR7104540000,코렌텍,KOSDAQ,기술성장기업부,3960,2,-40,-1.0,4005,4015,3925,5130,20523165,53696677050,13407410,KSQ,ME006
340810,KR7340810001,시선AI,KOSDAQ,기술성장기업부,3880,1,40,1.04,3935,3990,3800,146389,567221793,53635758290,13949482,KSQ,ME006
391710,KR7391710001,코닉오토메이션,KOSDAQ,벤처기업부,1255,1,18,1.46,1247,1261,1219,144721,178941067,53616551260,42620470,KSQ,ME006
459100,KR7459100004,위츠,KOSDAQ,중견기업부,3925,2,-40,-1.01,3995,4000,3895,4996,19774990,53595078000,13466100,KSQ,ME006
024910,KR7024910002,경창산업,KOSDAQ,중견기업부,1491,2,-3,-0.2,1495,1512,1489,27829,41689627,53406136455,35819005,KSQ,ME006
052790,KR7052790003,액토즈소프트,KOSDAQ,중견기업부,5150,1,1150,28.75,4000,4995,3985,1173086,5503813202,53202543890,10924547,KSQ,ME006
464490,KR7464490002,쿼드메디슨,KOSDAQ,기술성장기업부,4560,1,115,2.59,4565,4665,4440,26700,122555000,53166789060,11507963,KSQ,ME006
261520,KR7261520001,이지스,KOSDAQ,기술성장기업부,5240,1,120,2.34,5270,5320,5090,26614,138727805,53136226000,10277800,KSQ,ME006
053270,KR7053270005,구영테크,KOSDAQ,우량기업부,1930,1,14,0.73,1923,1948,1912,43297,83627060,53121364890,27410405,KSQ,ME006
419080,KR7419080007,엔젯,KOSDAQ,기술성장기업부,5070,1,340,7.19,4705,5030,4705,20846,101906455,53108826045,10871817,KSQ,ME006
196300,KR7196300008,HLB펩,KOSDAQ,관리종목(소속부없음),5590,1,1290,30.0,5530,5590,5420,286703,1596259015,53071163730,9493947,KSQ,ME006
348150,KR7348150004,고바이오랩,KOSDAQ,기술성장기업부,2710,1,45,1.69,2670,2745,2655,44375,119427160,52916472525,19418889,KSQ,ME006
024950,KR7024950008,삼천리자전거,KOSDAQ,중견기업부,4300,3,0,0.0,4300,4325,4230,4376,18712551,52824000000,12400000,KSQ,ME006
104620,KR7104620000,노랑풍선,KOSDAQ,중견기업부,3110,1,10,0.32,3120,3170,3090,47248,147981795,52448922240,16810552,KSQ,ME006
109080,KR7109080002,옵티시스,KOSDAQ,벤처기업부,9350,2,-230,-2.4,9580,9750,9220,28221,266478085,52302080000,5636000,KSQ,ME006
314140,KR7314140005,알피바이오,KOSDAQ,우량기업부,6000,1,50,0.84,5950,6000,5850,22828,134556450,51998166000,8666361,KSQ,ME006
348080,KR7348080003,큐라티스,KOSDAQ,중견기업부,4020,2,-85,-2.07,3865,4255,3865,164786,663835477,51888260885,12827753,KSQ,ME006
317850,KR7317850006,대모,KOSDAQ,벤처기업부,6210,2,-20,-0.32,6160,6250,6090,51671,319630070,51777892400,8324420,KSQ,ME006
064800,KR7064800006,포니링크,KOSDAQ,중견기업부,2055,2,-15,-0.72,2070,2100,2005,57641,117847460,51761954475,25561459,KSQ,ME006
424980,KR7424980001,마이크로투나노,KOSDAQ,기술성장기업부,8520,2,-10,-0.12,8600,8900,8480,18759,163550510,51612720800,5918890,KSQ,ME006
043710,KR7043710003,코스리거글로벌,KOSDAQ,중견기업부,3010,2,-5,-0.17,3095,3095,2925,8595,25744425,51591255960,17312502,KSQ,ME006
092300,KR7092300003,현우산업,KOSDAQ,우량기업부,2555,1,140,5.8,2415,2655,2395,143695,360856962,51583669760,20149871,KSQ,ME006
347740,KR7347740003,피엔케이피부임상연구센타,KOSDAQ,벤처기업부,1718,1,12,0.7,1706,1780,1701,25372,43358470,51558169568,30010576,KSQ,ME006
015710,KR7015710007,코콤,KOSDAQ,우량기업부,2950,1,25,0.85,2930,2970,2900,5163,15116220,51539670000,17530500,KSQ,ME006
027050,KR7027050004,코리아나,KOSDAQ,중견기업부,1289,1,1,0.08,1280,1300,1275,52454,67282475,51520000000,40000000,KSQ,ME006
370090,KR7370090003,퓨런티어,KOSDAQ,기술성장기업부,6040,1,10,0.17,6050,6200,6010,11900,72785760,51512116600,8556830,KSQ,ME006
246690,KR7246690002,TS인베스트먼트,KOSDAQ,중견기업부,2185,1,5,0.23,2250,2270,2150,48441,106740147,51479746710,23778174,KSQ,ME006
105760,KR7105760003,포스뱅크,KOSDAQ,우량기업부,5000,2,-10,-0.2,5090,5090,5000,5550,27973020,51362070480,10190887,KSQ,ME006
088910,KR7088910005,동우팜투테이블,KOSDAQ,우량기업부,1991,1,1,0.05,2000,2000,1971,44928,89174217,51212032124,25721764,KSQ,ME006
382150,KR7382150001,온코크로스,KOSDAQ,기술성장기업부,3950,1,320,8.82,3850,4200,3760,376246,1493812904,51206939450,13046354,KSQ,ME006
179530,KR7179530001,애드바이오텍,KOSDAQ,기술성장기업부,1750,2,-4,-0.23,1768,1787,1700,97482,168402724,51191870598,29454471,KSQ,ME006
376290,KR7376290003,씨유테크,KOSDAQ,벤처기업부,2910,1,60,2.11,2850,2910,2825,1972,5667905,51030175000,17657500,KSQ,ME006
094940,KR7094940004,푸른로보틱스,KOSDAQ,벤처기업부,6090,2,-90,-1.46,6200,6290,6100,35060,216713460,51004454600,8361386,KSQ,ME006
408470,KR7408470003,한패스,KOSDAQ,중견기업부,4870,2,-45,-0.92,4820,4940,4735,64014,308447340,50904180000,10572000,KSQ,ME006
039240,KR7039240007,경남스틸,KOSDAQ,우량기업부,1909,1,18,0.95,1898,1898,1875,17941,33824448,50883533144,26979604,KSQ,ME006
163280,KR7163280001,에어레인,KOSDAQ,기술성장기업부,3735,1,70,1.91,3700,3815,3630,29241,109359240,50807496330,13603078,KSQ,ME006
019990,KR7019990001,에너토크,KOSDAQ,중견기업부,5180,2,-30,-0.58,5210,5270,5110,16464,85659250,50731657600,9756088,KSQ,ME006
452400,KR7452400005,이닉스,KOSDAQ,우량기업부,5550,2,-80,-1.42,5620,5630,5550,2495,13907950,50527853960,9071428,KSQ,ME006
256630,KR7256630005,포인트엔지니어링,KOSDAQ,벤처기업부,4340,3,0,0.0,4345,4385,4300,1741,7543170,50457450900,11599414,KSQ,ME006
179900,KR7179900006,유티아이,KOSDAQ,투자주의환기종목(소속부없음),2335,1,20,0.86,2315,2420,2285,158927,372542810,50364359865,21569319,KSQ,ME006
317830,KR7317830008,에스피시스템스,KOSDAQ,벤처기업부,4660,1,35,0.76,4610,4790,4550,31822,148819733,50205991880,10773818,KSQ,ME006
453860,KR7453860009,에이에스텍,KOSDAQ,벤처기업부,7840,2,-40,-0.51,7880,7940,7660,8161,63146570,50202055170,6444423,KSQ,ME006
071670,KR7071670004,에이테크솔루션,KOSDAQ,중견기업부,5020,1,115,2.34,5040,5050,4900,8482,42298070,50000000000,10000000,KSQ,ME006
