Code,ISU_CD,Name,Market,Dept,Close,ChangeCode,Changes,ChagesRatio,Open,High,Low,Volume,Amount,Marcap,Stocks,MarketId,lateInfoMsgCd
005930,KR7005930003,삼성전자,KOSPI,,276000,3,0,0.0,273500,277000,271500,11399309,3139338287000,1613572895808000,5846278608,STK,ME006
000660,KR7000660001,SK하이닉스,KOSPI,,1844000,1,11000,0.6,1830000,1855000,1825000,2013982,3707247395691,1344836443965000,730492365,STK,ME006
402340,KR7402340004,SK스퀘어,KOSPI,,1158000,1,3000,0.26,1151000,1164000,1142000,344528,397193024500,153031837680000,131923998,STK,ME006
009150,KR7009150004,삼성전기,KOSPI,,1579000,1,18000,1.15,1545000,1582000,1532000,492196,769708625000,118090733376000,74693696,STK,ME006
373220,KR7373220003,LG에너지솔루션,KOSPI,,370000,1,9500,2.64,360500,372000,357500,209305,76719892250,86814000000000,234000000,STK,ME006
005380,KR7005380001,현대차,KOSPI,,347500,2,-1500,-0.43,346500,348000,343500,450445,155538923500,70501139478000,203466492,STK,ME006
207940,KR7207940008,삼성바이오로직스,KOSPI,,1365000,2,-53000,-3.74,1428000,1429000,1350000,50860,69505224000,62677947654000,46290951,STK,ME006
105560,KR7105560007,KB금융,KOSPI,,168200,1,2200,1.33,167000,170100,166400,585106,97882198400,59374726671600,354687734,STK,ME006
032830,KR7032830002,삼성생명,KOSPI,,288500,1,4500,1.58,283000,289000,281000,182337,52056955500,57800000000000,200000000,STK,ME006
028260,KR7028260008,삼성물산,KOSPI,,346000,2,-1000,-0.29,342500,347000,338000,226764,77889158750,56109983026000,162167581,STK,ME006
012450,KR7012450003,한화에어로스페이스,KOSPI,,1069000,1,35000,3.38,1038000,1079000,1025000,106746,112877914000,55275965872000,51563401,STK,ME006
034020,KR7034020008,두산에너빌리티,KOSPI,,81400,2,-700,-0.85,82100,82300,80400,1794624,145491831450,51949508940600,640561146,STK,ME006
055550,KR7055550008,신한지주,KOSPI,,105700,1,1900,1.83,103700,105300,103700,718795,75185012300,49198385047200,469450239,STK,ME006
329180,KR7329180004,HD현대중공업,KOSPI,,425500,2,-6000,-1.39,429500,431500,420500,210579,89502500500,44713481850000,104961225,STK,ME006
000270,KR7000270009,기아,KOSPI,,113100,2,-200,-0.18,111800,113000,110600,778043,87293709550,44077627474200,390412998,STK,ME006
006400,KR7006400006,삼성SDI,KOSPI,,528000,1,11000,2.13,512000,530000,508000,233701,122599066000,42629745370000,80585530,STK,ME006
068270,KR7068270008,셀트리온,KOSPI,,182800,2,-800,-0.44,183000,183750,180600,317661,57822526900,42475896337600,232617176,STK,ME006
034730,KR7034730002,SK,KOSPI,,578000,2,-9000,-1.53,585000,585000,567000,89063,51297897500,42341578552000,72502703,STK,ME006
066570,KR7066570003,LG전자,KOSPI,,216000,1,4500,2.13,211500,216500,208500,391965,83614794500,35183081808000,162884638,STK,ME006
086790,KR7086790003,하나금융지주,KOSPI,,129700,1,1400,1.09,128800,130000,127200,395060,50884380100,34982215381000,270969910,STK,ME006
012330,KR7012330007,현대모비스,KOSPI,,384500,1,2500,0.65,379000,384500,375000,160046,61063646250,34446194347500,89820585,STK,ME006
010120,KR7010120004,LS ELECTRIC,KOSPI,,209500,1,3500,1.7,208500,210500,205500,286830,59753849500,31425000000000,150000000,STK,ME006
035420,KR7035420009,NAVER,KOSPI,,192200,1,1000,0.52,192800,193100,191000,429133,82308231950,29232537721800,152094369,STK,ME006
000810,KR7000810002,삼성화재,KOSPI,,628000,1,2000,0.32,628000,631000,619000,41421,25868193000,27949318098000,44647473,STK,ME006
096770,KR7096770003,SK이노베이션,KOSPI,,152100,1,12500,8.95,142100,154700,140700,1184703,176886139800,26034129352000,169052788,STK,ME006
298040,KR7298040007,효성중공업,KOSPI,,2790000,2,-32000,-1.13,2802000,2810000,2765000,24377,67773212000,25968866180000,9324548,STK,ME006
042700,KR7042700005,한미반도체,KOSPI,,271000,1,2500,0.93,274500,281000,267500,647345,177874811250,25924918400000,95312200,STK,ME006
316140,KR7316140003,우리금융지주,KOSPI,,33700,1,450,1.35,33350,33750,33050,2998859,100478501392,24682349659500,736786557,STK,ME006
005490,KR7005490008,POSCO홀딩스,KOSPI,,311500,1,5000,1.63,306500,311500,304500,167021,51615163250,24644114897000,79241527,STK,ME006
267260,KR7267260008,HD현대일렉트릭,KOSPI,,677000,1,4000,0.59,664000,679000,659000,106698,71586651500,24439957530000,36047135,STK,ME006
042660,KR7042660001,한화오션,KOSPI,,78800,1,300,0.38,78600,78800,77800,528083,41313353550,24145375447200,306413394,STK,ME006
009540,KR7009540006,HD한국조선해양,KOSPI,,326000,1,500,0.15,324500,326500,317000,96512,31221157750,23072035816000,70773116,STK,ME006
010130,KR7010130003,고려아연,KOSPI,,1083000,1,14000,1.31,1069000,1087000,1066000,9348,10090388000,22542806520000,20872969,STK,ME006
000150,KR7000150003,두산,KOSPI,,1339000,2,-45000,-3.25,1384000,1384000,1286000,151998,200058884500,21715932735000,16193835,STK,ME006
011200,KR7011200003,HMM,KOSPI,,21450,1,300,1.42,21100,21550,21100,766083,16353203175,20279616355000,943237970,STK,ME006
015760,KR7015760002,한국전력,KOSPI,,30100,2,-50,-0.17,30200,30250,29800,642685,19233271875,19291020513850,641964077,STK,ME006
017670,KR7017670001,SK텔레콤,KOSPI,,88500,1,2200,2.55,88200,89600,87500,571649,50538902800,18987440685200,214790053,STK,ME006
010950,KR7010950004,S-Oil,KOSPI,,164900,1,16100,10.82,153900,166800,153500,460826,74881253800,18711260030400,112582792,STK,ME006
051910,KR7051910008,LG화학,KOSPI,,262000,1,5000,1.95,255500,263000,252500,128901,33470614750,18530490037500,70592343,STK,ME006
033780,KR7033780008,KT&G,KOSPI,,176700,1,2000,1.14,175200,176900,174300,145825,25681820050,18364069666400,103810456,STK,ME006
010140,KR7010140002,삼성중공업,KOSPI,,19930,1,210,1.06,19760,19980,19640,1891022,37491561525,17564800000000,880000000,STK,ME006
006800,KR7006800007,미래에셋증권,KOSPI,,31600,2,-550,-1.71,31750,31750,31050,635158,19951209275,17186616264150,543021051,STK,ME006
018260,KR7018260000,삼성에스디에스,KOSPI,,219000,2,-4000,-1.79,221000,221500,215500,108981,23765579000,16984427100000,77377800,STK,ME006
003550,KR7003550001,LG,KOSPI,,111400,1,1600,1.46,110500,111100,108800,102781,11318736450,16797431644400,151192004,STK,ME006
079550,KR7079550000,LIG디펜스앤에어로스페이스,KOSPI,,759000,1,35000,4.83,724000,765000,717000,94004,70552056500,16764000000000,22000000,STK,ME006
003670,KR7003670007,포스코퓨처엠,KOSPI,,186900,1,4200,2.3,182400,188500,180900,226829,42063448450,16624048518000,88946220,STK,ME006
024110,KR7024110009,기업은행,KOSPI,,20300,1,150,0.74,20200,20350,20150,582951,11792207925,16108002553800,797425869,STK,ME006
267250,KR7267250009,HD현대,KOSPI,,200500,1,3000,1.52,198700,201500,198000,147969,29511716900,15877610085000,78993085,STK,ME006
272210,KR7272210006,한화시스템,KOSPI,,82300,1,3400,4.31,78000,83000,77100,942930,76231540400,15661417348100,188919389,STK,ME006
086280,KR7086280005,현대글로비스,KOSPI,,201000,1,2600,1.31,198400,201500,196700,89712,17913458200,15112500000000,75000000,STK,ME006
035720,KR7035720002,카카오,KOSPI,,33400,2,-150,-0.45,33550,33600,33050,1145882,38087518300,14818346755350,442999903,STK,ME006
278470,KR7278470000,에이피알,KOSPI,,367000,1,1000,0.27,370500,376000,363500,180689,66376899000,13702364730000,37438155,STK,ME006
011070,KR7011070000,LG이노텍,KOSPI,,573000,2,-11000,-1.88,580000,580000,560000,158603,90125006000,13584919418000,23667107,STK,ME006
030200,KR7030200000,KT,KOSPI,,52100,1,300,0.58,51700,52200,51600,172924,8966243778,13079925451500,252021685,STK,ME006
047810,KR7047810007,한국항공우주,KOSPI,,132800,1,5700,4.48,127300,133500,126800,254989,33491434300,13012926784500,97475107,STK,ME006
000720,KR7000720003,현대건설,KOSPI,,114600,2,-2600,-2.22,116100,116200,113000,692117,79094070050,12739099516000,111355765,STK,ME006
064350,KR7064350002,현대로템,KOSPI,,116300,1,3800,3.38,112600,116500,112300,438994,50532143550,12715077134500,109142293,STK,ME006
005830,KR7005830005,DB손해보험,KOSPI,,183000,2,-100,-0.05,184400,184500,179600,253188,45784927750,11973463797200,65500349,STK,ME006
003490,KR7003490000,대한항공,KOSPI,,30900,2,-300,-0.96,30900,31150,30250,1839191,56116113400,11267550635400,368220609,STK,ME006
307950,KR7307950006,현대오토에버,KOSPI,,383500,1,3500,0.92,379000,385500,374000,34409,13096928250,10489673115000,27423982,STK,ME006
443060,KR7443060009,HD현대마린솔루션,KOSPI,,234000,2,-3000,-1.27,236500,238500,231000,61685,14380296250,10468612910000,44833460,STK,ME006
071050,KR7071050009,한국금융지주,KOSPI,,180800,1,1300,0.72,179400,181200,176100,136807,24536609650,10097549750400,55725992,STK,ME006
047050,KR7047050000,포스코인터내셔널,KOSPI,,56600,1,1300,2.35,55800,57300,55500,408533,23121264450,9957229800800,175922788,STK,ME006
005940,KR7005940002,NH투자증권,KOSPI,,26850,1,350,1.32,26700,26950,26350,338005,9011373325,9950104529750,369206105,STK,ME006
078930,KR7078930005,GS,KOSPI,,105000,1,2800,2.74,103700,107000,103300,389893,41009207150,9884080668000,92895495,STK,ME006
000500,KR7000500009,가온전선,KOSPI,,328000,1,10000,3.14,326500,334000,317000,190454,62152373750,9796832703000,29777607,STK,ME006
323410,KR7323410001,카카오뱅크,KOSPI,,19740,2,-20,-0.1,19810,19830,19610,625435,12311236365,9399272608900,477120437,STK,ME006
028050,KR7028050003,삼성E&A,KOSPI,,47800,1,450,0.95,47500,47950,47150,1048819,49856407300,9359000000000,196000000,STK,ME006
006260,KR7006260004,LS,KOSPI,,299000,1,1000,0.34,297500,300500,293000,106483,31592024750,9313200000000,31200000,STK,ME006
259960,KR7259960003,크래프톤,KOSPI,,199300,2,-400,-0.2,200000,200000,195800,66990,13232625300,9141913030800,45916188,STK,ME006
003230,KR7003230000,삼양식품,KOSPI,,1213000,2,-11000,-0.9,1233000,1245000,1205000,25340,30809733000,9122481165000,7533015,STK,ME006
0126Z0,KR70126Z0002,삼성에피스홀딩스,KOSPI,,366500,2,-7000,-1.87,367500,380000,364000,25242,9372120000,9082312885000,24883049,STK,ME006
007660,KR7007660004,이수페타시스,KOSPI,,122000,2,-1400,-1.13,122800,123700,119000,461907,56077807550,8897197342800,73409219,STK,ME006
180640,KR7180640005,한진칼,KOSPI,,132800,2,-1000,-0.75,133100,133200,129500,52941,6930723550,8832648982500,66762275,STK,ME006
009830,KR7009830001,한화솔루션,KOSPI,,36100,1,1850,5.4,34250,36400,33700,5411167,193201515150,8118620549600,224892536,STK,ME006
016360,KR7016360000,삼성증권,KOSPI,,90300,3,0,0.0,90100,91000,89100,199795,17989046000,8072720000000,89300000,STK,ME006
090430,KR7090430000,아모레퍼시픽,KOSPI,,132600,2,-3100,-2.28,136000,136800,129300,191704,25275056380,7761989119300,58492759,STK,ME006
161390,KR7161390000,한국타이어앤테크놀로지,KOSPI,,60100,1,1200,2.04,58800,60100,58200,126785,7556619100,7420116633100,123875069,STK,ME006
353200,KR7353200009,대덕전자,KOSPI,,148700,2,-700,-0.47,149400,154200,143500,1084176,160812133350,7303821515000,49416925,STK,ME006
047040,KR7047040001,대우건설,KOSPI,,17680,2,-80,-0.45,17760,17760,17450,3054073,53726259310,7236083505180,410907638,STK,ME006
021240,KR7021240007,코웨이,KOSPI,,102300,1,3000,3.02,99200,102300,98400,106767,10797764650,7189970481600,70767426,STK,ME006
064400,KR7064400005,LG씨엔에스,KOSPI,,72000,1,1300,1.84,70200,71900,69500,356835,25377981700,6966099661200,96885948,STK,ME006
062040,KR7062040001,산일전기,KOSPI,,226500,1,13000,6.09,217500,227000,211500,425845,94523928000,6955926950000,30642850,STK,ME006
000880,KR7000880005,한화,KOSPI,,128000,1,3800,3.06,124500,129500,123400,71918,9140855700,6874094823300,53328897,STK,ME006
039490,KR7039490008,키움증권,KOSPI,,259000,2,-3500,-1.33,262000,262000,254500,58927,15156030000,6806248002000,26228316,STK,ME006
352820,KR7352820005,하이브,KOSPI,,155400,2,-800,-0.51,157200,157600,153300,143819,22243240200,6694491630800,43106836,STK,ME006
128940,KR7128940004,한미약품,KOSPI,,504000,1,6500,1.31,501000,507000,492500,54772,27417914250,6482361446000,12810991,STK,ME006
032640,KR7032640005,LG유플러스,KOSPI,,14540,3,0,0.0,14460,14630,14450,376700,5472903820,6175423500600,424427732,STK,ME006
001440,KR7001440007,대한전선,KOSPI,,31550,1,1400,4.64,30500,31800,30050,3495785,108728433275,6173766774000,195992596,STK,ME006
000990,KR7000990002,DB하이텍,KOSPI,,141200,2,-1300,-0.91,142000,144500,139100,315084,44579012750,6125445990400,43504588,STK,ME006
326030,KR7326030004,SK바이오팜,KOSPI,,76200,2,-500,-0.65,76700,76800,75100,63492,4798642600,5936144350000,78313250,STK,ME006
267270,KR7267270007,HD건설기계,KOSPI,,118000,2,-1600,-1.34,118700,118900,116000,349642,40952881450,5599941809400,47497386,STK,ME006
000100,KR7000100008,유한양행,KOSPI,,74400,2,-400,-0.53,75200,75200,73300,119987,8856037050,5454929372100,73615781,STK,ME006
377300,KR7377300009,카카오페이,KOSPI,,40150,1,100,0.25,40200,40450,39700,96353,3859064725,5432319973300,135300622,STK,ME006
175330,KR7175330000,JB금융지주,KOSPI,,29050,1,700,2.47,28350,29200,28350,267710,7725823775,5409132896000,186521824,STK,ME006
241560,KR7241560002,두산밥캣,KOSPI,,55400,1,700,1.28,54900,55400,54500,82779,4548530300,5291254788000,95856065,STK,ME006
011790,KR7011790003,SKC,KOSPI,,107000,1,2200,2.1,104100,113800,103500,625835,67670910100,5282218737000,49598298,STK,ME006
036570,KR7036570000,NC,KOSPI,,242000,1,12000,5.22,232000,242500,229000,188068,44921708500,5192109302000,21544022,STK,ME006
138930,KR7138930003,BNK금융지주,KOSPI,,15990,1,170,1.07,15860,16180,15790,514957,8240137735,4891025630940,306839751,STK,ME006
029780,KR7029780004,삼성카드,KOSPI,,42200,1,350,0.84,41850,42000,41600,42779,1788967975,4860280477450,115858891,STK,ME006
052690,KR7052690005,한전기술,KOSPI,,127000,1,1200,0.95,125300,128400,124200,236746,29883557900,4857762000000,38220000,STK,ME006
454910,KR7454910001,두산로보틱스,KOSPI,,73200,1,1400,1.95,71500,73400,70700,359971,26164457100,4738340538000,64819980,STK,ME006
066970,KR7066970005,엘앤에프,KOSPI,,113800,1,400,0.35,111900,115800,110100,357565,40470989150,4634156357600,40686184,STK,ME006
088350,KR7088350004,한화생명,KOSPI,,5310,1,20,0.38,5270,5330,5190,2070263,10883112175,4629264900000,868530000,STK,ME006
010060,KR7010060002,OCI홀딩스,KOSPI,,236500,1,15500,7.01,222000,239500,219500,382443,89394749750,4415509868000,18670232,STK,ME006
034220,KR7034220004,LG디스플레이,KOSPI,,8580,3,0,0.0,8510,8640,8480,2125458,18148328660,4285000000000,500000000,STK,ME006
271560,KR7271560005,오리온,KOSPI,,105600,2,-500,-0.47,105900,107500,104550,105907,11131817350,4162381376400,39528788,STK,ME006
103590,KR7103590006,일진전기,KOSPI,,86200,1,3300,3.98,88500,88500,85100,646470,55907284950,4110480618000,47685390,STK,ME006
001450,KR7001450006,현대해상,KOSPI,,47600,1,350,0.74,47250,47850,46500,295742,13963743800,4070603937500,85248250,STK,ME006
051900,KR7051900009,LG생활건강,KOSPI,,270500,2,-1000,-0.37,273000,274000,263500,56562,15096240500,4058366733000,14975523,STK,ME006
002380,KR7002380004,KCC,KOSPI,,471500,2,-1000,-0.21,472000,473000,465000,10389,4867199750,4055846912000,8592896,STK,ME006
082740,KR7082740002,한화엔진,KOSPI,,48450,2,-50,-0.1,48750,49350,48000,376496,18281348625,4055531101200,83447142,STK,ME006
004020,KR7004020004,현대제철,KOSPI,,30050,2,-300,-0.99,30100,30350,29700,458870,13721404800,4003373550000,133445785,STK,ME006
018880,KR7018880005,한온시스템,KOSPI,,3835,1,160,4.35,3650,3867,3610,18689687,71059822977,3930542639860,1026251342,STK,ME006
001040,KR7001040005,CJ,KOSPI,,131300,2,-300,-0.23,131700,132000,130000,48253,6324738050,3836775237000,29176998,STK,ME006
008930,KR7008930000,한미사이언스,KOSPI,,55100,1,2400,4.55,52600,55700,51000,161605,8778188750,3782052715000,68391550,STK,ME006
028670,KR7028670008,팬오션,KOSPI,,6250,1,370,6.29,5940,6250,5930,4815787,29611089620,3335713754880,534569512,STK,ME006
036460,KR7036460004,한국가스공사,KOSPI,,35900,1,650,1.84,35050,36100,34800,193677,6931040725,3323268000000,92313000,STK,ME006
161890,KR7161890009,한국콜마,KOSPI,,137300,2,-9200,-6.28,146600,148700,132000,682767,93451379550,3224453518200,23605077,STK,ME006
022100,KR7022100002,포스코DX,KOSPI,,20850,1,350,1.71,20550,21150,20350,204017,4241422275,3169924099650,152034729,STK,ME006
012750,KR7012750006,에스원,KOSPI,,83400,1,200,0.24,83000,83700,82200,55172,4574967400,3157731691800,37999178,STK,ME006
004170,KR7004170007,신세계,KOSPI,,331500,2,-2000,-0.6,332500,333000,327000,49360,16260055750,3135800092000,9445181,STK,ME006
192820,KR7192820009,코스맥스,KOSPI,,270500,2,-8500,-3.05,280500,285000,257000,127629,34171471750,3064367430000,11349509,STK,ME006
035250,KR7035250000,강원랜드,KOSPI,,14350,1,80,0.56,14300,14680,14200,180792,2581995315,3057209745000,213940500,STK,ME006
336260,KR7336260005,두산퓨얼셀,KOSPI,,45900,1,1100,2.46,44800,46000,44250,400978,18238862975,3002887337100,65493726,STK,ME006
111770,KR7111770004,영원무역,KOSPI,,67200,2,-2100,-3.03,69600,69700,66100,62597,4199497750,2960006062400,44311468,STK,ME006
014680,KR7014680003,한솔케미칼,KOSPI,,277500,2,-1500,-0.54,276000,284000,269000,68535,18807440750,2957565864000,10794036,STK,ME006
011780,KR7011780004,금호석유화학,KOSPI,,117500,1,1700,1.47,117100,117900,115700,30283,3537462200,2953469955000,25157325,STK,ME006
139130,KR7139130009,iM금융지주,KOSPI,,18680,1,300,1.63,18400,18700,18290,221599,4114728900,2951893925120,158363408,STK,ME006
251270,KR7251270005,넷마블,KOSPI,,35150,1,250,0.72,35250,35400,34550,145811,5110442900,2939650323750,83158425,STK,ME006
031210,KR7031210008,서울보증보험,KOSPI,,42100,2,-450,-1.06,42650,42650,39800,28930,1212288900,2935998195900,69821598,STK,ME006
007340,KR7007340003,DN오토모티브,KOSPI,,50200,1,550,1.11,49650,51700,49300,103291,5209773375,2925543250000,58510865,STK,ME006
375500,KR7375500006,DL이앤씨,KOSPI,,75800,2,-200,-0.26,75700,75800,73700,236723,17703413650,2902021725000,38693623,STK,ME006
023530,KR7023530009,롯데쇼핑,KOSPI,,101800,1,500,0.49,101200,102500,100000,59853,6064245100,2888281885500,28288755,STK,ME006
302440,KR7302440003,SK바이오사이언스,KOSPI,,36550,2,-250,-0.68,37100,37150,36050,45804,1664722675,2863664184500,78456553,STK,ME006
017800,KR7017800004,현대엘리베이터,KOSPI,,73000,1,900,1.25,72400,73400,71900,70624,5123829100,2845925628000,39092385,STK,ME006
006360,KR7006360002,GS건설,KOSPI,,33150,1,200,0.61,33000,33300,31750,1124721,36803203475,2828468244500,85581490,STK,ME006
026960,KR7026960005,동서,KOSPI,,27600,1,1700,6.56,26100,27850,26050,231556,6342044325,2761690000000,99700000,STK,ME006
097950,KR7097950000,CJ제일제당,KOSPI,,179600,1,1600,0.9,179100,179400,177100,21739,3879403500,2699215549800,15054186,STK,ME006
450080,KR7450080007,에코프로머티,KOSPI,,38200,1,1250,3.38,36700,39100,36350,517606,19619000625,2690927060000,70813870,STK,ME006
383220,KR7383220001,F&F,KOSPI,,69400,1,200,0.29,69200,69800,68600,24414,1690360650,2670003127500,38307075,STK,ME006
020150,KR7020150009,롯데에너지머티리얼즈,KOSPI,,51400,1,8450,19.67,43500,51800,43200,1384925,68840239450,2660165520400,52365463,STK,ME006
004800,KR7004800009,효성,KOSPI,,158200,1,2600,1.67,158200,158500,153000,11775,1837826100,2650006428100,16740407,STK,ME006
085620,KR7085620003,미래에셋생명,KOSPI,,19490,3,0,0.0,19250,19680,19050,49133,955663905,2636010000000,135180000,STK,ME006
011170,KR7011170008,롯데케미칼,KOSPI,,61000,1,700,1.16,62000,62100,58800,132749,7989052400,2609300559000,42775419,STK,ME006
489790,KR7489790006,한화비전,KOSPI,,51500,2,-800,-1.53,52400,53000,50600,208422,10799574550,2574907890000,50488390,STK,ME006
003690,KR7003690005,코리안리,KOSPI,,14410,1,90,0.63,14400,14400,14120,129278,1848753425,2543015636090,176721031,STK,ME006
004370,KR7004370003,농심,KOSPI,,403000,1,2500,0.62,404000,404500,394500,12133,4858032750,2457387368000,6082642,STK,ME006
457190,KR7457190007,이수스페셜티케미컬,KOSPI,,81400,1,3000,3.83,79300,81700,77400,353776,28326786000,2450750519200,30218872,STK,ME006
005850,KR7005850003,에스엘,KOSPI,,52400,3,0,0.0,52100,52500,50900,39967,2074137400,2419967892000,46448520,STK,ME006
000240,KR7000240002,한국앤컴퍼니,KOSPI,,25450,1,350,1.39,25250,25550,25050,31967,810919700,2416101858000,94935240,STK,ME006
009420,KR7009420001,한올바이오파마,KOSPI,,46300,2,-2200,-4.54,48050,48850,45500,259036,11987816825,2408293411800,52240638,STK,ME006
004990,KR7004990008,롯데지주,KOSPI,,23900,1,200,0.84,23750,23900,23550,41953,996881600,2371997868800,99663776,STK,ME006
112610,KR7112610001,씨에스윈드,KOSPI,,55300,1,700,1.28,54500,56800,54300,412410,22919314700,2336295726200,42171403,STK,ME006
005440,KR7005440003,현대지에프홀딩스,KOSPI,,12700,1,160,1.28,12600,12910,12440,459580,5840988130,2327310455310,183397199,STK,ME006
001720,KR7001720002,신영증권,KOSPI,,139400,1,100,0.07,139300,139900,136300,13839,1904888800,2298312000000,16440000,STK,ME006
483650,KR7483650008,달바글로벌,KOSPI,,183400,2,-600,-0.33,184700,186200,181000,56546,10351300800,2293723911500,12527165,STK,ME006
103140,KR7103140000,풍산,KOSPI,,79200,1,1300,1.67,78000,79800,77100,83574,6573083650,2236337384400,28024278,STK,ME006
204320,KR7204320006,HL만도,KOSPI,,47250,1,550,1.18,46300,47300,46150,142831,6708305100,2214028208000,46957120,STK,ME006
282330,KR7282330000,BGF리테일,KOSPI,,128100,1,200,0.16,127300,130500,125500,33180,4230792300,2210611577400,17283906,STK,ME006
018670,KR7018670000,SK가스,KOSPI,,238500,2,-2000,-0.83,240500,244500,238000,7202,1729043000,2206080072000,9269244,STK,ME006
279570,KR7279570006,케이뱅크,KOSPI,,5400,3,0,0.0,5400,5510,5370,350160,1890369805,2186696863890,405695151,STK,ME006
030000,KR7030000004,제일기획,KOSPI,,18730,2,-10,-0.05,18780,18990,18650,209850,3934460255,2151270907500,115041225,STK,ME006
009970,KR7009970005,영원무역홀딩스,KOSPI,,164500,1,2700,1.67,162300,172800,158200,9389,1520000200,2084269155300,12953817,STK,ME006
081660,KR7081660003,미스토홀딩스,KOSPI,,39050,1,1600,4.27,37750,39700,37350,110536,4268852525,2067927168000,53091840,STK,ME006
229640,KR7229640008,LS에코에너지,KOSPI,,66800,1,3600,5.7,66500,67400,64600,228524,15129066250,2033491965600,30624879,STK,ME006
051600,KR7051600005,한전KPS,KOSPI,,45100,1,950,2.15,44300,45100,44000,82469,3685563275,2022750000000,45000000,STK,ME006
139480,KR7139480008,이마트,KOSPI,,71900,1,1000,1.41,71200,72000,70500,72312,5174694550,1984139386100,27595819,STK,ME006
007810,KR7007810005,코리아써키트,KOSPI,,82700,1,3700,4.68,82600,87800,79000,927625,76990229050,1976167888000,23982620,STK,ME006
073240,KR7073240004,금호타이어,KOSPI,,6880,3,0,0.0,6860,6980,6860,489540,3384470200,1973478171690,287260287,STK,ME006
002790,KR7002790004,아모레퍼시픽홀딩스,KOSPI,,25250,2,-650,-2.51,25850,26000,24600,157724,3945238750,1934391954000,76458180,STK,ME006
069960,KR7069960003,현대백화점,KOSPI,,89000,2,-200,-0.22,89000,89800,88000,54500,4835613850,1914964185600,21564912,STK,ME006
089860,KR7089860001,롯데렌탈,KOSPI,,51500,1,500,0.98,50900,51800,49800,111549,5632239700,1873564420800,36309388,STK,ME006
007070,KR7007070006,GS리테일,KOSPI,,22150,1,50,0.23,22200,22300,21750,68372,1504842450,1851904242250,83607415,STK,ME006
181710,KR7181710005,NHN,KOSPI,,57200,1,900,1.6,57000,58000,56100,131783,7534045700,1845983901500,32328965,STK,ME006
281820,KR7281820001,케이씨텍,KOSPI,,92000,2,-500,-0.54,91500,93000,88100,154466,14079272700,1821476812000,19798661,STK,ME006
462870,KR7462870007,시프트업,KOSPI,,30950,2,-250,-0.8,31150,31300,30650,24258,753576900,1820998590000,58741890,STK,ME006
093370,KR7093370005,후성,KOSPI,,16360,1,650,4.14,15650,16470,15390,5353181,86495001320,1757914858700,107255330,STK,ME006
439260,KR7439260001,대한조선,KOSPI,,46050,1,100,0.22,46000,46450,45600,19334,887875425,1746368270500,38088730,STK,ME006
001120,KR7001120005,LX인터내셔널,KOSPI,,43900,1,1450,3.42,42050,44100,41750,144647,6281858725,1709316000000,38760000,STK,ME006
475150,KR7475150009,SK이터닉스,KOSPI,,49650,1,200,0.4,49450,50300,49100,559136,27797765050,1693130098800,34067004,STK,ME006
120110,KR7120110002,코오롱인더,KOSPI,,56300,1,1200,2.18,55100,56400,54600,85804,4783254800,1682966998400,29946032,STK,ME006
020560,KR7020560009,아시아나항공,KOSPI,,8230,2,-200,-2.37,8350,8350,8140,56648,463582855,1682944108870,205990711,STK,ME006
001430,KR7001430008,세아베스틸지주,KOSPI,,46850,2,-150,-0.32,46950,47450,46200,63782,2973781250,1672967851350,35862119,STK,ME006
071970,KR7071970008,HD현대마린엔진,KOSPI,,49050,1,850,1.76,48600,49200,48050,98219,4780301150,1665545404500,33921495,STK,ME006
023590,KR7023590003,다우기술,KOSPI,,38000,2,-500,-1.3,38500,38700,37650,30190,1143448825,1642753490400,43287312,STK,ME006
001820,KR7001820000,삼화콘덴서,KOSPI,,157700,2,-1000,-0.63,158100,159900,154800,587757,92468614050,1626817500000,10395000,STK,ME006
000120,KR7000120006,CJ대한통운,KOSPI,,70600,1,800,1.15,70400,70800,69600,33178,2325922000,1612832720800,22812344,STK,ME006
005070,KR7005070008,코스모신소재,KOSPI,,47050,1,2450,5.49,44750,47300,44400,288031,13384472875,1567727751200,33214571,STK,ME006
006040,KR7006040000,동원산업,KOSPI,,35350,2,-50,-0.14,35400,35450,34900,16360,574967400,1560377951650,44140819,STK,ME006
322000,KR7322000001,HD현대에너지솔루션,KOSPI,,139600,1,8500,6.48,131400,141600,130300,394205,54673197800,1560160000000,11200000,STK,ME006
008770,KR7008770000,호텔신라,KOSPI,,39350,1,150,0.38,39200,39350,38900,114264,4474793575,1542451155300,39248121,STK,ME006
294870,KR7294870001,IPARK현대산업개발,KOSPI,,22450,2,-200,-0.88,22700,22700,22200,63221,1411139825,1473028825500,65907330,STK,ME006
006280,KR7006280002,녹십자,KOSPI,,126500,2,-2800,-2.17,129100,129800,124300,14724,1852774000,1470166480400,11686538,STK,ME006
011210,KR7011210002,현대위아,KOSPI,,53200,1,500,0.95,52600,53200,51800,33933,1788970200,1446778415600,27195083,STK,ME006
361610,KR7361610009,SK아이이테크놀로지,KOSPI,,17570,1,1340,8.26,16400,17790,16340,643205,11069148800,1445995928000,81787100,STK,ME006
012630,KR7012630000,HDC,KOSPI,,23600,2,-1150,-4.65,24550,24750,23350,121080,2881624800,1403930443500,59741721,STK,ME006
097230,KR7097230007,HJ중공업,KOSPI,,15280,1,270,1.8,15000,15400,14920,212608,3234056830,1383324670080,90295344,STK,ME006
001800,KR7001800002,오리온홀딩스,KOSPI,,23000,3,0,0.0,22900,23150,22750,43394,991233725,1377587330800,60156652,STK,ME006
001740,KR7001740000,SK네트웍스,KOSPI,,6530,1,80,1.24,6460,6610,6360,942124,6109440400,1313889972950,200593889,STK,ME006
007310,KR7007310006,오뚜기,KOSPI,,318000,1,5000,1.6,314500,328000,312500,2090,667208000,1266474280000,4007830,STK,ME006
069620,KR7069620003,대웅제약,KOSPI,,108700,2,-900,-0.82,110900,110900,106900,15051,1628635800,1262936675000,11586575,STK,ME006
192080,KR7192080000,더블유게임즈,KOSPI,,58800,1,600,1.03,58500,59000,57600,19746,1150640750,1238647878000,21173468,STK,ME006
003540,KR7003540002,대신증권,KOSPI,,25500,1,150,0.59,25450,25550,25200,15182,385361000,1215486213000,47666126,STK,ME006
003160,KR7003160009,디아이,KOSPI,,42600,1,1100,2.65,41200,43900,40850,1276217,54544252275,1211240000000,28300000,STK,ME006
298020,KR7298020009,효성티앤씨,KOSPI,,274000,2,-500,-0.18,275000,276000,270000,21182,5758072000,1183621027000,4327682,STK,ME006
006120,KR7006120000,SK디스커버리,KOSPI,,67600,1,1300,1.96,65700,68200,65400,47166,3171335950,1180652317800,17413751,STK,ME006
300720,KR7300720000,한일시멘트,KOSPI,,16110,2,-40,-0.25,16200,16200,16020,24858,399284295,1180400604450,73545209,STK,ME006
030610,KR7030610000,교보증권,KOSPI,,9940,2,-30,-0.3,9970,10000,9880,11355,112940840,1129372943510,113962961,STK,ME006
195870,KR7195870001,해성디에스,KOSPI,,65500,2,-1000,-1.5,67100,69200,63900,185899,12309741250,1110100000000,17000000,STK,ME006
004000,KR7004000006,롯데정밀화학,KOSPI,,42800,1,200,0.47,42700,43000,42350,23339,993898825,1105530000000,25800000,STK,ME006
280360,KR7280360009,롯데웰푸드,KOSPI,,120200,2,-1500,-1.23,121100,122400,118200,13583,1615281900,1099026135600,9204574,STK,ME006
003570,KR7003570009,SNT다이내믹스,KOSPI,,32800,1,2350,7.72,30450,33100,30000,215229,6923948050,1084037922200,33252697,STK,ME006
017960,KR7017960006,한국카본,KOSPI,,20700,1,400,1.97,20350,20800,20250,111751,2295728225,1061951787300,51676486,STK,ME006
006340,KR7006340004,대원전선,KOSPI,,13390,1,290,2.21,13250,13500,13130,1891496,25262267940,1048400741920,78414416,STK,ME006
000080,KR7000080002,하이트진로,KOSPI,,14800,1,30,0.2,14760,14820,14680,30603,451120290,1035873434470,70133611,STK,ME006
000210,KR7000210005,DL,KOSPI,,48750,1,150,0.31,48600,48900,47700,29396,1419517025,1023694933400,20955884,STK,ME006
003530,KR7003530003,한화투자증권,KOSPI,,4670,1,35,0.76,4630,4750,4605,908155,4248749190,1000865370375,214547775,STK,ME006
003240,KR7003240009,태광산업,KOSPI,,888000,2,-12000,-1.33,905000,905000,877000,1582,1399365500,989812600000,1113400,STK,ME006
192400,KR7192400000,쿠쿠홀딩스,KOSPI,,26850,2,-50,-0.19,26950,27150,26750,6196,167109850,956622776500,35562185,STK,ME006
030190,KR7030190003,NICE평가정보,KOSPI,,16330,1,120,0.74,16230,16500,16160,86415,1410394245,948032416070,58268741,STK,ME006
006110,KR7006110001,삼아알미늄,KOSPI,,62900,1,2700,4.49,60000,65300,59400,260150,16363034900,946728283000,15123455,STK,ME006
009240,KR7009240003,한샘,KOSPI,,39650,1,650,1.67,39200,39750,38700,22773,895467200,935473638000,23533928,STK,ME006
071320,KR7071320006,지역난방공사,KOSPI,,79200,1,900,1.15,78500,79500,78300,10141,799782150,920510148000,11578744,STK,ME006
077970,KR7077970002,STX엔진,KOSPI,,22700,1,200,0.89,22600,22900,22350,74452,1685676025,909353626950,40148063,STK,ME006
185750,KR7185750007,종근당,KOSPI,,65300,1,100,0.15,65500,65500,64500,11802,766470500,899941256000,13802780,STK,ME006
285130,KR7285130001,SK케미칼,KOSPI,,51900,1,1000,1.96,50900,52000,50600,28140,1448068900,896076078800,17298766,STK,ME006
009450,KR7009450008,경동나비엔,KOSPI,,61300,3,0,0.0,61900,61900,60700,24913,1521392000,893054689600,14568592,STK,ME006
003090,KR7003090008,대웅,KOSPI,,15350,2,-240,-1.54,15590,15780,15160,55503,849808570,891897973200,58141980,STK,ME006
005300,KR7005300009,롯데칠성,KOSPI,,95500,1,300,0.32,95500,95700,94500,6792,646597300,886133422000,9278884,STK,ME006
032350,KR7032350001,롯데관광개발,KOSPI,,10900,2,-850,-7.23,11590,11600,10610,1294372,14162707080,867412983040,79725458,STK,ME006
034230,KR7034230003,파라다이스,KOSPI,,9350,2,-130,-1.37,9440,9580,9260,289912,2702807175,864232134060,92629382,STK,ME006
004490,KR7004490009,세방전지,KOSPI,,62100,1,500,0.81,61900,62600,61200,37794,2340735350,862092000000,13860000,STK,ME006
000370,KR7000370007,한화손해보험,KOSPI,,7300,1,20,0.27,7260,7360,7140,267457,1942105940,855696246950,116738915,STK,ME006
003470,KR7003470002,유안타증권,KOSPI,,4350,2,-20,-0.46,4360,4380,4305,179561,778444698,838158443700,192680102,STK,ME006
079160,KR7079160008,CJ CGV,KOSPI,,5020,3,0,0.0,5020,5040,4940,217692,1082158320,825430243045,165582797,STK,ME006
248070,KR7248070005,솔루엠,KOSPI,,16700,1,1270,8.23,15730,17290,15520,1231491,20617468690,798531141200,47816236,STK,ME006
137310,KR7137310009,에스디바이오센서,KOSPI,,6320,1,10,0.16,6260,6340,6230,61427,386505830,765549306680,120749102,STK,ME006
499790,KR7499790004,GS피앤엘,KOSPI,,38150,2,-50,-0.13,38250,38250,37100,67134,2540956100,756546584150,19830841,STK,ME006
100090,KR7100090000,SK오션플랜트,KOSPI,,12040,1,70,0.58,12070,12120,11880,315881,3793557560,749112766710,62478129,STK,ME006
000670,KR7000670000,영풍,KOSPI,,40600,3,0,0.0,40300,40550,39900,19799,797504375,746553195650,18410683,STK,ME006
005690,KR7005690003,파미셀,KOSPI,,12430,2,-160,-1.27,12630,12710,12180,938991,11642669120,744049773600,60004014,STK,ME006
036530,KR7036530004,SNT홀딩스,KOSPI,,45600,1,50,0.11,45550,45650,45200,4843,219770575,738566035800,16303886,STK,ME006
005180,KR7005180005,빙그레,KOSPI,,83600,2,-1500,-1.76,83900,85300,82750,43772,3658215050,735637843200,8841801,STK,ME006
094800,KR7094800000,맵스리얼티,KOSPI,,7870,2,-10,-0.13,7780,7880,7780,30704,240812890,730606184970,92834331,STK,ME006
298050,KR7298050006,HS효성첨단소재,KOSPI,,163200,1,900,0.55,161600,162900,160500,5652,914191750,729335534400,4479948,STK,ME006
214320,KR7214320004,이노션,KOSPI,,18150,2,-30,-0.17,18290,18290,18090,35229,638577345,724400000000,40000000,STK,ME006
003850,KR7003850005,보령,KOSPI,,8500,1,40,0.47,8420,8460,8340,35743,300268110,722328282940,85787207,STK,ME006
100840,KR7100840008,SNT에너지,KOSPI,,36300,2,-200,-0.55,36650,36700,35750,104105,3759269000,717328220400,19761108,STK,ME006
064960,KR7064960008,SNT모티브,KOSPI,,26950,1,300,1.13,26900,27150,26650,38054,1026827175,715260330400,26540272,STK,ME006
093050,KR7093050003,LF,KOSPI,,24100,1,600,2.55,23700,24300,23550,45822,1097733925,707608000000,29240000,STK,ME006
090460,KR7090460007,비에이치,KOSPI,,20900,1,150,0.72,20550,21050,20300,522487,10845374225,701199990400,33711538,STK,ME006
005880,KR7005880000,대한해운,KOSPI,,2145,1,45,2.14,2100,2155,2090,1714559,3660629174,693906781000,322747340,STK,ME006
005090,KR7005090006,SGC에너지,KOSPI,,47600,2,-850,-1.75,47300,49000,47150,58579,2797219600,687325184100,14409333,STK,ME006
000400,KR7000400002,롯데손해보험,KOSPI,,2215,1,95,4.48,2135,2285,2130,1034477,2298091125,684291585600,310336320,STK,ME006
002960,KR7002960003,한국쉘석유,KOSPI,,517000,2,-3000,-0.58,516000,520000,516000,269,139279000,673400000000,1300000,STK,ME006
456040,KR7456040005,OCI,KOSPI,,74000,1,700,0.95,73600,74600,72700,34421,2530887200,662484630000,8952495,STK,ME006
069260,KR7069260008,TKG휴켐스,KOSPI,,15990,1,170,1.07,15830,15990,15730,28866,459522390,653648622120,40878588,STK,ME006
004710,KR7004710000,한솔테크닉스,KOSPI,,12060,1,230,1.94,11780,12390,11620,1349364,16236974065,642887426040,53043517,STK,ME006
268280,KR7268280005,미원에스씨,KOSPI,,129100,1,2300,1.81,126100,127700,124500,831,104662250,638000000000,5000000,STK,ME006
317450,KR7317450005,명인제약,KOSPI,,43450,2,-1350,-3.01,44750,45500,43600,9817,433770400,637290000000,14600000,STK,ME006
000640,KR7000640003,동아쏘시오홀딩스,KOSPI,,94400,2,-1000,-1.05,94300,96000,93800,12658,1198722900,636897054200,6732527,STK,ME006
001060,KR7001060003,JW중외제약,KOSPI,,26800,2,-350,-1.29,27000,27400,26600,20970,562430050,622898627500,23285930,STK,ME006
192650,KR7192650000,드림텍,KOSPI,,9400,1,290,3.18,9090,9470,8980,1230695,11443184780,618018456020,65886829,STK,ME006
001680,KR7001680008,대상,KOSPI,,17800,1,60,0.34,17740,17830,17560,39958,706958330,617774285750,34648025,STK,ME006
014820,KR7014820005,동원시스템즈,KOSPI,,21350,1,150,0.71,21050,21450,21050,15601,331855175,617514306600,28991282,STK,ME006
383800,KR7383800000,LX홀딩스,KOSPI,,8060,1,20,0.25,8040,8090,8000,60796,488613670,616347975200,76280690,STK,ME006
453340,KR7453340002,현대그린푸드,KOSPI,,18920,1,200,1.07,18820,19040,18650,21457,404834210,614037710170,32471587,STK,ME006
336370,KR7336370002,솔루스첨단소재,KOSPI,,8730,1,600,7.38,8140,8880,8090,334701,2892850685,613655484520,70212298,STK,ME006
017940,KR7017940008,E1,KOSPI,,88700,1,400,0.45,87500,88900,86600,8478,747814600,608482000000,6860000,STK,ME006
108320,KR7108320003,LX세미콘,KOSPI,,37600,2,-700,-1.83,38300,38350,37250,38276,1441974975,608284820000,16264300,STK,ME006
033240,KR7033240003,자화전자,KOSPI,,28100,1,600,2.18,27750,28300,27100,87750,2444498850,606034331100,21605502,STK,ME006
002840,KR7002840007,미원상사,KOSPI,,135100,1,1000,0.75,132800,134600,132800,1007,134893750,604350000000,4500000,STK,ME006
006650,KR7006650006,대한유화,KOSPI,,91400,1,2700,3.04,90600,91500,88900,36433,3292253750,594750000000,6500000,STK,ME006
178920,KR7178920005,PI첨단소재,KOSPI,,20250,1,760,3.9,19480,20400,19350,66607,1336618985,594668020500,29366322,STK,ME006
079900,KR7079900007,전진건설로봇,KOSPI,,40650,1,100,0.25,40100,40700,39950,24289,978949075,586620309000,14592545,STK,ME006
016380,KR7016380008,KG스틸,KOSPI,,5700,1,50,0.88,5640,5750,5550,438826,2485444365,575051157750,100008897,STK,ME006
075580,KR7075580001,세진중공업,KOSPI,,10010,1,40,0.4,9980,10060,9910,109824,1097349220,569631549120,56849456,STK,ME006
017900,KR7017900002,광전자,KOSPI,,9820,1,250,2.61,9820,10000,9730,1677338,16524896265,569007752660,57943763,STK,ME006
025540,KR7025540006,한국단자,KOSPI,,56000,3,0,0.0,55700,56300,55500,6588,367827050,567451500000,10115000,STK,ME006
002350,KR7002350007,넥센타이어,KOSPI,,5800,1,90,1.58,5690,5820,5680,75140,434236795,566473686600,97667877,STK,ME006
284740,KR7284740008,쿠쿠홈시스,KOSPI,,24600,2,-200,-0.81,24900,25000,24400,9851,242862975,554202051000,22437330,STK,ME006
001510,KR7001510007,SK증권,KOSPI,,2365,1,35,1.5,2315,2380,2315,1549068,3639876867,547012876025,231295085,STK,ME006
00104K,KR700104K010,CJ4우(전환),KOSPI,,128800,3,0,0.0,127300,129100,126700,3125,400004900,544374745600,4226512,STK,ME006
003300,KR7003300001,한일홀딩스,KOSPI,,17340,2,-10,-0.06,17400,17510,17330,3063,53227170,534308924520,30831444,STK,ME006
005810,KR7005810007,풍산홀딩스,KOSPI,,36900,2,-50,-0.14,37750,37750,36250,8067,296616875,530556345600,14417292,STK,ME006
161000,KR7161000005,애경케미칼,KOSPI,,10850,1,660,6.48,10880,11040,10680,442224,4796704735,529784441010,48648709,STK,ME006
114090,KR7114090004,GKL,KOSPI,,8540,2,-170,-1.95,8720,8730,8480,157640,1346225500,525773195000,61855670,STK,ME006
007700,KR7007700008,F&F홀딩스,KOSPI,,13380,1,30,0.22,13360,13430,13330,2840,37913730,521785655780,39114367,STK,ME006
001270,KR7001270008,부국증권,KOSPI,,51400,1,1100,2.19,50500,51100,49900,1707,85402700,517975805700,10369886,STK,ME006
001530,KR7001530005,DI동일,KOSPI,,25050,2,-650,-2.53,25350,26100,24850,12993,328097375,517890525000,20715621,STK,ME006
058650,KR7058650003,세아홀딩스,KOSPI,,127800,2,-1600,-1.24,130000,130200,126200,566,71987100,517448113600,4055236,STK,ME006
009410,KR7009410002,태영건설,KOSPI,,1621,2,-17,-1.04,1645,1648,1607,209223,339267471,515277909981,319453137,STK,ME006
003620,KR7003620002,KG모빌리티,KOSPI,,2540,1,20,0.79,2510,2555,2500,249674,633331773,513020401920,202374912,STK,ME006
484870,KR7484870001,엠앤씨솔루션,KOSPI,,18530,1,1380,8.05,17300,18890,17260,174414,3199243120,512160705000,27461700,STK,ME006
008060,KR7008060006,대덕,KOSPI,,16070,2,-40,-0.25,15940,16350,15500,124167,1995650435,503722277800,31287098,STK,ME006
452260,KR7452260003,한화갤러리아,KOSPI,,2585,2,-45,-1.71,2635,2655,2545,1122775,2916163841,503065687950,193859610,STK,ME006
460860,KR7460860000,동국제강,KOSPI,,9880,3,0,0.0,9740,9990,9540,401120,3942898690,490127207960,49608017,STK,ME006
029460,KR7029460003,케이씨,KOSPI,,44200,2,-800,-1.78,44900,45350,43400,33921,1503187550,484903540000,11020535,STK,ME006
019170,KR7019170000,신풍제약,KOSPI,,9270,2,-110,-1.17,9350,9470,9220,109293,1016246670,484871328500,52418522,STK,ME006
001500,KR7001500008,현대차증권,KOSPI,,7780,2,-20,-0.26,7740,7830,7740,13450,104697935,482297743200,61833044,STK,ME006
377740,KR7377740006,바이오노트,KOSPI,,4700,1,5,0.11,4695,4720,4640,28635,133684218,478864425600,101886048,STK,ME006
0220W0,KR70220W0000,한화머시너리앤서비스홀딩스,KOSPI,,5700,1,100,1.79,5600,5760,5560,899095,5080418450,478357928100,84515535,STK,ME006
003030,KR7003030004,세아제강지주,KOSPI,,115500,1,4400,3.96,110100,117200,109000,22064,2528336400,477533052100,4141657,STK,ME006
145990,KR7145990008,삼양사,KOSPI,,46250,1,250,0.54,46000,46400,45550,3547,163791275,477512688700,10313449,STK,ME006
020000,KR7020000006,한섬,KOSPI,,22000,1,750,3.53,21300,22200,20900,213716,4635209500,471420018300,21476994,STK,ME006
004690,KR7004690004,삼천리,KOSPI,,127200,2,-100,-0.08,128600,128700,126100,2783,352983700,466766199900,3626777,STK,ME006
039130,KR7039130000,하나투어,KOSPI,,30100,1,50,0.17,29950,30100,29800,15241,455450600,463148966800,15489932,STK,ME006
249420,KR7249420001,일동제약,KOSPI,,14560,2,-10,-0.07,14630,14970,14430,134963,1971995925,459071036520,31638252,STK,ME006
005250,KR7005250006,녹십자홀딩스,KOSPI,,9700,2,-40,-0.41,9740,9800,9650,29635,287483955,455233072800,47028210,STK,ME006
002240,KR7002240000,고려제강,KOSPI,,16980,2,-400,-2.3,17090,17160,16810,42792,724699255,455220000000,27000000,STK,ME006
002990,KR7002990000,금호건설,KOSPI,,12200,2,-60,-0.49,12340,12570,12160,894801,11040599595,454571682800,37259974,STK,ME006
009900,KR7009900002,명신산업,KOSPI,,8540,1,10,0.12,8460,8600,8460,146585,1250792980,447570234490,52470133,STK,ME006
000070,KR7000070003,삼양홀딩스,KOSPI,,57100,2,-500,-0.87,57600,57800,56000,22074,1249393850,446383482500,7763191,STK,ME006
003280,KR7003280005,흥아해운,KOSPI,,1857,1,27,1.48,1834,1865,1832,2792560,5169962477,445988187645,240424899,STK,ME006
016610,KR7016610008,DB증권,KOSPI,,10490,1,110,1.06,10420,10510,10350,26712,279357405,445687084500,42446389,STK,ME006
217590,KR7217590009,티엠씨,KOSPI,,18440,1,4250,29.95,14570,18440,14310,5829533,99670064480,444297509000,24094225,STK,ME006
004700,KR7004700001,조광피혁,KOSPI,,66600,2,-1100,-1.62,66300,67900,66300,533,35681600,442832590800,6649138,STK,ME006
306200,KR7306200007,세아제강,KOSPI,,153800,1,5500,3.71,147400,156000,146400,20796,3181053350,438491980000,2836300,STK,ME006
010780,KR7010780005,아이에스동서,KOSPI,,14640,2,-290,-1.94,15000,15000,14560,91390,1336056555,433385659440,29724668,STK,ME006
034310,KR7034310003,NICE,KOSPI,,11880,1,140,1.19,11770,11950,11730,6487,76426430,431529023180,36757157,STK,ME006
005420,KR7005420005,코스모화학,KOSPI,,11210,1,670,6.36,10560,11240,10540,158033,1740735885,429788071320,38408228,STK,ME006
403550,KR7403550007,쏘카,KOSPI,,11410,1,550,5.06,10880,11630,10880,35139,396767020,428721344600,37939942,STK,ME006
271940,KR7271940009,일진하이솔루스,KOSPI,,11770,1,570,5.09,11420,11760,11250,48630,562405730,426316850600,36313190,STK,ME006
002030,KR7002030005,아세아,KOSPI,,202500,2,-6000,-2.88,206000,208000,201000,1231,250131250,413829252000,2058852,STK,ME006
072710,KR7072710007,농심홀딩스,KOSPI,,89200,3,0,0.0,89100,89700,88700,734,65289800,413227089000,4637790,STK,ME006
014830,KR7014830004,유니드,KOSPI,,61100,1,1200,2.0,60200,61500,59800,7609,463564500,409439800000,6767600,STK,ME006
012030,KR7012030003,DB,KOSPI,,2015,2,-5,-0.25,2020,2080,1989,884514,1793849365,409388953655,201173933,STK,ME006
003000,KR7003000007,부광약품,KOSPI,,4120,2,-35,-0.84,4165,4230,4080,205422,849501326,404525151100,98664671,STK,ME006
011930,KR7011930005,신성이엔지,KOSPI,,19920,1,1150,6.13,18890,20250,18740,666322,13190555460,403889959980,20306182,STK,ME006
130660,KR7130660004,한전산업,KOSPI,,12420,1,90,0.73,12350,12490,12250,142712,1762763430,402610000000,32600000,STK,ME006
001200,KR7001200005,유진투자증권,KOSPI,,4100,1,15,0.37,4085,4110,4055,178913,730303375,396183649620,96866418,STK,ME006
317400,KR7317400000,자이에스앤디,KOSPI,,9970,1,320,3.32,9730,10030,9570,538704,5326304145,388600850400,38782520,STK,ME006
002810,KR7002810000,삼영무역,KOSPI,,21100,2,-550,-2.54,21650,21650,20900,26755,567904825,387805908000,18466948,STK,ME006
015360,KR7015360001,INVENI,KOSPI,,14700,1,10,0.07,14700,14860,14690,9810,144815120,387712500000,26250000,STK,ME006
344820,KR7344820006,KCC글라스,KOSPI,,24250,1,550,2.32,23700,24300,23550,8269,198611350,387284916000,15970512,STK,ME006
092230,KR7092230002,KPX홀딩스,KOSPI,,96100,2,-400,-0.41,95800,96500,94200,1018,97481000,379480544900,3948809,STK,ME006
029530,KR7029530003,신도리코,KOSPI,,38700,2,-700,-1.78,39100,39200,38450,2990,115986250,378427644550,9715729,STK,ME006
194370,KR7194370003,제이에스코퍼레이션,KOSPI,,12840,1,220,1.74,12560,13080,12510,49836,643766180,372285005140,29016758,STK,ME006
008730,KR7008730004,율촌화학,KOSPI,,14880,1,70,0.47,14810,14970,14640,29245,433712790,370264000000,24800000,STK,ME006
016590,KR7016590002,신대양제지,KOSPI,,9160,2,-50,-0.54,9360,9360,9050,10098,91994420,369933987600,40297820,STK,ME006
126560,KR7126560002,현대퓨처넷,KOSPI,,3410,1,20,0.59,3395,3415,3370,34662,117642845,369645520400,109201040,STK,ME006
950210,KR8702070002,프레스티지바이오파마,KOSPI,,6170,1,20,0.33,6100,6180,6000,15889,96655670,366586545500,60096155,STK,ME006
006220,KR7006220008,제주은행,KOSPI,,9680,1,130,1.36,9550,9720,9510,97700,943875860,366268017330,37798557,STK,ME006
092790,KR7092790005,넥스틸,KOSPI,,14000,3,0,0.0,13890,14160,13790,411827,5765971375,366108160000,26002000,STK,ME006
031430,KR7031430002,신세계인터내셔날,KOSPI,,10490,2,-110,-1.04,10660,10660,10300,120961,1257716960,365603700000,34986000,STK,ME006
015860,KR7015860000,일진홀딩스,KOSPI,,7380,1,200,2.79,7220,7380,7220,111365,814809275,363690949710,49347483,STK,ME006
001940,KR7001940006,KISCO홀딩스,KOSPI,,25650,1,300,1.18,25750,25750,24900,4081,102559750,363624147000,14176380,STK,ME006
183190,KR7183190008,아세아시멘트,KOSPI,,10200,1,100,0.99,10210,10220,10070,21296,215390005,363380547200,35978272,STK,ME006
089590,KR7089590004,제주항공,KOSPI,,4530,2,-45,-0.98,4575,4575,4475,157734,709485199,361674817725,80640985,STK,ME006
005610,KR7005610001,삼립,KOSPI,,41950,1,1200,2.94,41200,42450,41150,5359,224357600,361124026650,8629009,STK,ME006
0120G0,KR70120G0001,삼양바이오팜,KOSPI,,48400,2,-800,-1.63,49400,49700,47500,22638,1090844500,359896108000,7435870,STK,ME006
027410,KR7027410000,BGF,KOSPI,,3705,1,10,0.27,3690,3745,3675,41201,152610530,356066462520,95716791,STK,ME006
007690,KR7007690001,국도화학,KOSPI,,38350,1,50,0.13,37800,38800,37750,11531,440430350,355152907200,9260832,STK,ME006
002710,KR7002710002,TCC스틸,KOSPI,,13570,2,-380,-2.72,13600,13900,13210,493758,6693802705,352836361620,26213697,STK,ME006
105630,KR7105630008,한세실업,KOSPI,,8800,1,170,1.97,8700,8830,8700,33908,297156740,352400000000,40000000,STK,ME006
003350,KR7003350006,한국화장품제조,KOSPI,,15470,2,-1460,-8.62,16700,16880,15210,913650,14351007950,351456600000,22660000,STK,ME006
060980,KR7060980000,HL홀딩스,KOSPI,,38350,1,250,0.66,38300,38500,37950,9422,359635150,343923724800,8956347,STK,ME006
104700,KR7104700000,한국철강,KOSPI,,9390,2,-60,-0.63,9490,9490,9320,30354,284203605,340807500000,36450000,STK,ME006
005720,KR7005720008,넥센,KOSPI,,6390,1,320,5.27,6140,6490,6100,154848,987026870,340484970960,52543977,STK,ME006
170900,KR7170900005,동아에스티,KOSPI,,34850,2,-100,-0.29,35350,35500,34700,3776,132109600,339989440950,9727881,STK,ME006
097520,KR7097520001,엠씨넥스,KOSPI,,19500,1,20,0.1,19500,19770,19290,36360,710218400,337763115000,17401500,STK,ME006
145720,KR7145720009,덴티움,KOSPI,,38750,1,1650,4.45,38250,39100,37850,24078,934030450,334175776250,8623891,STK,ME006
011760,KR7011760006,현대코퍼레이션,KOSPI,,25050,2,-100,-0.4,25200,25400,24850,17554,439782350,332047046600,13228966,STK,ME006
017810,KR7017810003,풀무원,KOSPI,,8740,1,80,0.92,8780,8800,8700,15605,136523915,331648715400,38120542,STK,ME006
009290,KR7009290008,광동제약,KOSPI,,6580,3,0,0.0,6570,6640,6480,134265,879452935,326188742400,49799808,STK,ME006
009160,KR7009160003,SIMPAC,KOSPI,,4955,2,-10,-0.2,4990,4990,4875,25677,126275240,324566856120,65370968,STK,ME006
024720,KR7024720005,콜마홀딩스,KOSPI,,9290,2,-10,-0.11,9420,9430,9150,23626,217636230,318612246110,34296259,STK,ME006
010820,KR7010820009,퍼스텍,KOSPI,,6550,1,140,2.18,6430,6630,6400,546646,3570968790,317993035760,48771938,STK,ME006
096760,KR7096760004,JW홀딩스,KOSPI,,4310,2,-45,-1.03,4370,4395,4255,45775,196177374,316768376470,73924942,STK,ME006
001230,KR7001230002,동국홀딩스,KOSPI,,2025,3,0,0.0,2020,2070,2000,387018,783937225,314903122875,155507715,STK,ME006
002310,KR7002310001,아세아제지,KOSPI,,7900,1,60,0.77,7860,7890,7770,25757,201609360,311256633900,39449510,STK,ME006
005430,KR7005430004,한국공항,KOSPI,,98000,2,-1700,-1.71,100700,100700,97000,5520,541918900,309036248000,3166355,STK,ME006
381970,KR7381970003,KG모빌리티플랫폼,KOSPI,,6280,1,60,0.96,6250,6320,6220,13153,82393005,308547759360,48820848,STK,ME006
020120,KR7020120002,키다리스튜디오,KOSPI,,8190,2,-220,-2.62,8540,8750,8120,268110,2220414105,307258620140,37063766,STK,ME006
126720,KR7126720002,수산인더스트리,KOSPI,,21550,1,100,0.47,21400,21750,21400,13053,280962950,307149000000,14286000,STK,ME006
272450,KR7272450008,진에어,KOSPI,,5880,2,-70,-1.18,5900,5960,5830,51047,299210440,306414000000,52200000,STK,ME006
026890,KR7026890004,스틱인베스트먼트,KOSPI,,7920,1,30,0.38,7890,8140,7810,34600,272956450,304738778820,38770837,STK,ME006
002020,KR7002020006,코오롱,KOSPI,,23550,2,-600,-2.48,24000,24150,23400,23905,563421525,303975864000,12907680,STK,ME006
200880,KR7200880003,서연이화,KOSPI,,11270,1,250,2.27,11050,11280,10950,27999,311992130,303799631880,27028437,STK,ME006
005950,KR7005950001,이수화학,KOSPI,,11580,1,260,2.3,11380,11880,11290,370619,4308868755,302908826880,26294169,STK,ME006
084010,KR7084010008,대한제강,KOSPI,,8810,2,-290,-3.19,8760,8930,8620,249959,2188401690,301095180960,34371596,STK,ME006
108670,KR7108670001,LX하우시스,KOSPI,,33350,1,350,1.06,33250,33650,32700,21857,723087950,298623411000,8967670,STK,ME006
025860,KR7025860008,남해화학,KOSPI,,6010,2,-30,-0.5,6040,6070,5980,144396,867813400,298073058000,49678843,STK,ME006
018250,KR7018250001,애경산업,KOSPI,,11260,1,130,1.17,11170,11290,11170,22447,252164825,296055371350,26409935,STK,ME006
003120,KR7003120003,일성아이에스,KOSPI,,22050,3,0,0.0,22050,22300,21950,4704,103735200,293265000000,13300000,STK,ME006
123890,KR7123890006,한국자산신탁,KOSPI,,2405,2,-10,-0.41,2420,2430,2385,121095,290330246,292473683140,122373926,STK,ME006
001750,KR7001750009,한양증권,KOSPI,,19190,1,30,0.16,19100,19220,19070,2044,39189420,289951036340,15109486,STK,ME006
034830,KR7034830000,한국토지신탁,KOSPI,,1121,1,1,0.09,1130,1132,1116,201813,225922468,283797894520,252489230,STK,ME006
084690,KR7084690007,대상홀딩스,KOSPI,,7840,1,20,0.26,7860,7910,7770,13396,104977870,283544172540,36212538,STK,ME006
001390,KR7001390004,KG케미칼,KOSPI,,4250,1,10,0.24,4220,4250,4190,56225,237757529,280223343920,66403636,STK,ME006
033270,KR7033270000,유나이티드제약,KOSPI,,17570,2,-150,-0.85,17640,17790,17510,17908,315301730,278915885750,15910775,STK,ME006
000430,KR7000430009,대원강업,KOSPI,,4530,2,-130,-2.79,4660,4660,4480,108602,493198137,278070000000,62000000,STK,ME006
004430,KR7004430005,송원산업,KOSPI,,11540,1,390,3.5,11210,11580,11150,92181,1053082440,277680000000,24000000,STK,ME006
016800,KR7016800005,퍼시스,KOSPI,,24000,2,-200,-0.83,24750,24800,23850,1507,36544000,276000000000,11500000,STK,ME006
244920,KR7244920005,에이플러스에셋,KOSPI,,12200,2,-70,-0.57,12350,12550,12060,18990,232234080,275813854600,22607693,STK,ME006
058430,KR7058430000,포스코스틸리온,KOSPI,,4595,2,-5,-0.11,4600,4655,4535,264423,1214349952,275100000000,60000000,STK,ME006
122900,KR7122900004,아이마켓코리아,KOSPI,,8170,2,-30,-0.37,8160,8230,8120,53207,434237020,274116488000,33428840,STK,ME006
105840,KR7105840003,우진,KOSPI,,13670,1,50,0.37,13500,13720,13260,256264,3464562990,273880405200,20197670,STK,ME006
078520,KR7078520004,에이블씨엔씨,KOSPI,,10960,2,-310,-2.75,11230,11350,10890,60611,668489595,272101343400,24963426,STK,ME006
044450,KR7044450005,KSS해운,KOSPI,,11860,2,-130,-1.08,12000,12170,11760,96006,1140847255,268898322750,22577525,STK,ME006
010690,KR7010690006,화신,KOSPI,,7650,1,100,1.32,7550,7800,7550,190493,1464153895,267490340600,34920410,STK,ME006
004310,KR7004310009,현대약품,KOSPI,,8360,2,-120,-1.42,8510,8560,8320,503167,4228435140,266880000000,32000000,STK,ME006
002900,KR7002900009,TYM,KOSPI,,6440,1,40,0.63,6430,6500,6330,259104,1661378330,266616000000,41400000,STK,ME006
017390,KR7017390006,서울가스,KOSPI,,53900,2,-300,-0.55,54400,54400,53600,4571,245993750,265815000000,4950000,STK,ME006
091810,KR7091810002,트리니티항공,KOSPI,,2615,1,35,1.36,2610,2615,2575,29457,76318188,263944245235,102106091,STK,ME006
286940,KR7286940002,롯데이노베이트,KOSPI,,17290,2,-10,-0.06,17390,17390,17270,6383,110461520,261586755430,15129367,STK,ME006
037710,KR7037710001,광주신세계,KOSPI,,34000,1,250,0.74,34000,34200,33650,13200,447746150,260849282400,7627172,STK,ME006
004360,KR7004360004,세방,KOSPI,,13450,1,210,1.59,13250,13450,13160,16732,223914190,257104860350,19115603,STK,ME006
005500,KR7005500004,삼진제약,KOSPI,,19050,2,-330,-1.7,19490,19490,18970,41247,790782460,254145600000,13320000,STK,ME006
005680,KR7005680004,삼영전자,KOSPI,,12490,2,-100,-0.79,12500,12740,12450,15452,193444120,251400000000,20000000,STK,ME006
010580,KR7010580009,에스엠벡셀,KOSPI,,2250,2,-30,-1.32,2310,2310,2230,306733,693674214,250872718800,111251760,STK,ME006
003960,KR7003960002,사조대림,KOSPI,,27100,1,50,0.18,27450,27450,26900,2061,55824650,249273502400,9164467,STK,ME006
003200,KR7003200003,일신방직,KOSPI,,10800,1,180,1.69,10660,10800,10660,21261,228046360,247968000000,22960000,STK,ME006
001250,KR7001250000,GS글로벌,KOSPI,,2960,1,140,4.96,2835,3030,2780,1286027,3821810192,246775954360,82533764,STK,ME006
298690,KR7298690009,에어부산,KOSPI,,1507,3,0,0.0,1513,1515,1501,41795,62835989,244698137744,162914872,STK,ME006
002320,KR7002320000,한진,KOSPI,,15510,1,280,1.84,15310,15600,15210,23636,364963710,242090409600,15518616,STK,ME006
001790,KR7001790005,대한제당,KOSPI,,2825,1,35,1.25,2790,2800,2765,60219,167825535,241046152425,86241915,STK,ME006
136490,KR7136490000,선진,KOSPI,,10060,1,20,0.2,10050,10110,9960,24604,247163590,240411796440,23779604,STK,ME006
003920,KR7003920006,남양유업,KOSPI,,42250,2,-100,-0.24,42100,43400,41950,4842,204773100,239419463400,5673447,STK,ME006
007160,KR7007160005,사조산업,KOSPI,,47750,1,600,1.27,48000,48200,46850,1278,60489550,239000000000,5000000,STK,ME006
044820,KR7044820009,코스맥스비티아이,KOSPI,,25050,1,150,0.6,25500,26000,23550,33385,821784950,238177240800,9603921,STK,ME006
030210,KR7030210009,다올투자증권,KOSPI,,3890,1,50,1.3,3835,3885,3805,32918,126260612,236639646810,60911106,STK,ME006
008490,KR7008490005,서흥,KOSPI,,20300,1,200,1.0,20200,20500,19990,8128,163784475,236009905200,11569113,STK,ME006
001340,KR7001340009,PKC,KOSPI,,5270,1,120,2.33,5150,5290,5110,140730,733714335,235496905470,45028089,STK,ME006
025000,KR7025000001,KPX케미칼,KOSPI,,56500,2,-100,-0.18,56100,56800,55700,4813,270138100,234705201000,4146735,STK,ME006
226320,KR7226320000,잇츠한불,KOSPI,,10680,1,20,0.19,10650,10720,10580,10228,108787180,234424377350,21929315,STK,ME006
000680,KR7000680009,LS네트웍스,KOSPI,,2965,2,-5,-0.17,2975,2980,2930,82815,244394164,233256927360,78803016,STK,ME006
025560,KR7025560004,미래산업,KOSPI,,8350,2,-50,-0.6,8300,8640,8110,484672,4014685960,231951961300,27778678,STK,ME006
003070,KR7003070000,코오롱글로벌,KOSPI,,9170,2,-100,-1.08,9160,9280,9060,10955,100013860,231612266490,25423959,STK,ME006
011500,KR7011500006,한농화성,KOSPI,,14830,1,280,1.92,14550,15150,14400,150230,2229586565,230802739920,15637042,STK,ME006
017860,KR7017860008,DS단석,KOSPI,,13070,1,640,5.15,12450,13120,12450,176640,2287080775,229850314680,17653634,STK,ME006
900140,KYG5307W1015,엘브이엠씨홀딩스,KOSPI,,1184,2,-13,-1.09,1188,1199,1175,287338,340195885,229183152352,193240432,STK,ME006
005010,KR7005010004,휴스틸,KOSPI,,4025,2,-10,-0.25,3980,4095,3930,360877,1457072295,226437942250,56188075,STK,ME006
053690,KR7053690004,한미글로벌,KOSPI,,20750,2,-550,-2.58,21600,21600,20500,114354,2370655200,226273407500,10957550,STK,ME006
077500,KR7077500007,유니퀘스트,KOSPI,,10400,2,-300,-2.8,10680,10720,10220,296386,3083982885,224641060800,21600102,STK,ME006
001460,KR7001460005,BYC,KOSPI,,35900,3,0,0.0,35400,35900,35250,800,28493450,224236785000,6246150,STK,ME006
092200,KR7092200005,디아이씨,KOSPI,,5790,1,110,1.94,5710,5810,5620,161159,925836885,223220386060,38888569,STK,ME006
134380,KR7134380005,미원화학,KOSPI,,10130,1,70,0.7,10060,10130,10060,6860,69461500,222785848400,21992680,STK,ME006
028100,KR7028100006,동아지질,KOSPI,,19840,1,70,0.35,19760,19900,19630,16462,324973610,221973474260,11222117,STK,ME006
000490,KR7000490003,대동,KOSPI,,7650,1,100,1.32,7550,7670,7550,67638,515191155,220525517250,28826865,STK,ME006
003720,KR7003720000,삼영,KOSPI,,6460,2,-10,-0.15,6430,6660,6400,160836,1048421975,219640000000,34000000,STK,ME006
000050,KR7000050005,경방,KOSPI,,7960,1,40,0.51,7950,7960,7870,14538,115452100,218225549200,27415270,STK,ME006
000540,KR7000540005,흥국화재,KOSPI,,3420,1,65,1.94,3385,3695,3335,46037,158667879,218103779775,64242645,STK,ME006
009680,KR7009680000,모토닉,KOSPI,,10050,1,20,0.2,10050,10090,10030,8208,82567585,217982932820,21733094,STK,ME006
035510,KR7035510007,신세계 I&C,KOSPI,,15470,1,120,0.78,15350,15640,15300,80827,1254118990,216144714000,13980900,STK,ME006
034120,KR7034120006,SBS,KOSPI,,11590,2,-110,-0.94,11710,11710,11500,7335,85096140,214637823660,18551238,STK,ME006
003650,KR7003650009,미창석유,KOSPI,,123000,2,-300,-0.24,123000,123000,121000,1947,237162350,213979656000,1739672,STK,ME006
475560,KR7475560009,더본코리아,KOSPI,,14320,2,-120,-0.83,14310,14400,14260,12975,185641185,211891691300,14827970,STK,ME006
033920,KR7033920000,무학,KOSPI,,7360,2,-10,-0.14,7460,7460,7300,15601,114417520,208905000000,28500000,STK,ME006
035150,KR7035150002,백산,KOSPI,,10470,1,10,0.1,10360,10560,10360,11917,125011660,207003197130,19771079,STK,ME006
000320,KR7000320002,노루홀딩스,KOSPI,,15480,1,60,0.39,15530,15990,15410,4772,74294000,204816636910,13291151,STK,ME006
298000,KR7298000001,효성화학,KOSPI,,53900,1,600,1.13,53100,54300,52700,12563,669318850,203999431800,3791811,STK,ME006
000480,KR7000480004,CR홀딩스,KOSPI,,4320,1,35,0.82,4295,4305,4260,9187,39243996,201629107000,46890490,STK,ME006
000650,KR7000650002,천일고속,KOSPI,,140700,2,-900,-0.64,141600,144600,139800,1376,194821250,201091254000,1429220,STK,ME006
004980,KR7004980009,성신양회,KOSPI,,8130,2,-80,-0.97,8220,8290,8120,69339,567348370,199805994950,24516073,STK,ME006
037270,KR7037270006,YG PLUS,KOSPI,,3095,3,0,0.0,3110,3120,3060,77057,238587259,197355641000,63663110,STK,ME006
100250,KR7100250000,진양홀딩스,KOSPI,,3045,2,-35,-1.14,3075,3075,3030,23668,72091105,195534000000,63900000,STK,ME006
117580,KR7117580001,대성에너지,KOSPI,,7050,1,30,0.43,7020,7130,7020,57472,407716710,194700000000,27500000,STK,ME006
005960,KR7005960000,동부건설,KOSPI,,8400,1,170,2.07,8230,8480,8160,25968,216407245,194587702240,22946663,STK,ME006
039570,KR7039570007,HDC랩스,KOSPI,,7490,1,30,0.4,7400,7490,7380,1301,9660790,194422431490,25957601,STK,ME006
095570,KR7095570008,AJ네트웍스,KOSPI,,4290,1,45,1.06,4285,4300,4240,47446,202493762,194134336110,45252759,STK,ME006
339770,KR7339770000,교촌에프앤비,KOSPI,,3860,1,10,0.26,3865,3880,3840,23757,91928372,192865208800,49965080,STK,ME006
013580,KR7013580006,계룡건설,KOSPI,,21600,1,150,0.7,21400,21550,21200,36780,787087800,192461045850,8930907,STK,ME006
000390,KR7000390005,SP삼화,KOSPI,,7040,2,-50,-0.71,7100,7170,7010,26995,190781430,191240387070,27203469,STK,ME006
003520,KR7003520004,영진약품,KOSPI,,1049,2,-8,-0.76,1050,1077,1039,247877,260199371,190757118433,182892731,STK,ME006
016580,KR7016580003,환인제약,KOSPI,,10180,1,60,0.59,10110,10250,10040,28179,285955685,190650717500,18600070,STK,ME006
053210,KR7053210001,스카이라이프,KOSPI,,4005,2,-5,-0.12,4000,4030,3970,16911,67442465,189616590450,47522955,STK,ME006
102260,KR7102260007,동성케미컬,KOSPI,,3755,1,40,1.08,3715,3750,3690,65429,243434660,189504270340,50669591,STK,ME006
128820,KR7128820008,대성산업,KOSPI,,4145,1,45,1.1,4090,4220,4085,57938,241939306,189084298040,45235478,STK,ME006
002420,KR7002420008,우양피앤엘,KOSPI,,6090,1,40,0.66,6300,6300,6000,3749,22636000,188254019360,31167884,STK,ME006
102460,KR7102460003,이연제약,KOSPI,,10130,2,-20,-0.2,10230,10230,9960,30216,303880070,188098527320,18586811,STK,ME006
004560,KR7004560009,현대비앤지스틸,KOSPI,,12350,3,0,0.0,12440,12540,12340,15653,194267605,187128044510,15078811,STK,ME006
001630,KR7001630003,종근당홀딩스,KOSPI,,37300,2,-150,-0.4,37450,37450,37100,1550,57677700,187118308350,5009861,STK,ME006
000520,KR7000520007,삼일제약,KOSPI,,8570,1,370,4.51,8230,8600,8150,97428,819832820,186549574600,21691811,STK,ME006
001130,KR7001130004,대한제분,KOSPI,,11040,2,-30,-0.27,11070,11150,10980,5643,62255230,186238000000,16900000,STK,ME006
487570,KR7487570004,HS효성,KOSPI,,50600,1,100,0.2,50500,50800,49250,2634,131250650,185551164600,3725927,STK,ME006
033530,KR7033530007,SJG세종,KOSPI,,6810,1,60,0.89,6750,6840,6700,24648,167603655,184496679180,27052299,STK,ME006
009470,KR7009470006,삼화전기,KOSPI,,27700,1,550,2.03,27250,27650,27100,46606,1280322825,182872123000,6613820,STK,ME006
000140,KR7000140004,하이트진로홀딩스,KOSPI,,7800,2,-30,-0.38,7810,7890,7790,1447,11308600,181012767000,23206765,STK,ME006
007860,KR7007860000,서연,KOSPI,,7750,1,40,0.52,7750,7780,7550,12800,97873650,180325201920,23479844,STK,ME006
015230,KR7015230006,대창단조,KOSPI,,6540,1,90,1.4,6460,6570,6420,25202,164368170,177519274800,27143620,STK,ME006
002100,KR7002100006,경농,KOSPI,,9100,1,90,1.0,9000,9130,8970,18119,163826330,177264981000,19522575,STK,ME006
003220,KR7003220001,대원제약,KOSPI,,7870,2,-20,-0.25,7840,7900,7820,6994,55060250,176953629870,22427583,STK,ME006
003610,KR7003610003,방림,KOSPI,,5500,3,0,0.0,5450,5550,5440,23863,130351570,176288171220,32110778,STK,ME006
234080,KR7234080000,JW생명과학,KOSPI,,11050,2,-10,-0.09,11090,11100,10950,3409,37579905,174655130620,15834554,STK,ME006
000700,KR7000700005,유수홀딩스,KOSPI,,6600,3,0,0.0,6660,6780,6520,41097,274973240,174219722280,26041812,STK,ME006
016450,KR7016450009,한세예스24홀딩스,KOSPI,,4330,2,-5,-0.12,4330,4340,4300,6297,27153700,172200000000,40000000,STK,ME006
213500,KR7213500002,한솔제지,KOSPI,,7220,2,-20,-0.28,7290,7290,7190,27301,197097215,171840158720,23800576,STK,ME006
003460,KR7003460003,유화증권,KOSPI,,2990,1,10,0.34,2990,3000,2970,5044,15057279,169256708775,56702415,STK,ME006
002150,KR7002150001,도화엔지니어링,KOSPI,,4990,1,15,0.3,5010,5010,4915,36699,181364660,167082600000,33720000,STK,ME006
014710,KR7014710008,사조씨푸드,KOSPI,,9610,2,-260,-2.63,10010,10010,9580,4400,42535070,166847681670,17218543,STK,ME006
241590,KR7241590009,화승엔터프라이즈,KOSPI,,2750,1,70,2.61,2745,2745,2640,20549,55528080,164802830720,60589276,STK,ME006
090350,KR7090350000,노루페인트,KOSPI,,8100,1,100,1.25,8000,8150,7990,51817,419431105,162000000000,20000000,STK,ME006
460850,KR7460850001,동국씨엠,KOSPI,,5400,1,60,1.12,5320,5430,5290,19078,102137080,161153755840,29898656,STK,ME006
004380,KR7004380002,삼익THK,KOSPI,,7780,1,110,1.43,7700,7940,7610,17678,138176800,161046000000,20700000,STK,ME006
001780,KR7001780006,알루코,KOSPI,,1630,1,39,2.45,1599,1635,1593,307327,497779866,156864813840,96830132,STK,ME006
000860,KR7000860007,강남제비스코,KOSPI,,12040,2,-160,-1.31,12060,12270,11920,8728,104840260,156650000000,13000000,STK,ME006
002170,KR7002170009,SYTS,KOSPI,,51800,2,-200,-0.38,52600,52800,51400,838,43372400,155400000000,3000000,STK,ME006
007570,KR7007570005,일양약품,KOSPI,,8160,1,50,0.62,8050,8150,7980,15647,126203320,154212165120,19085664,STK,ME006
004090,KR7004090007,한국석유,KOSPI,,11930,1,270,2.32,11840,12040,11800,145053,1734045045,152329440000,12694120,STK,ME006
462520,KR7462520008,조선내화,KOSPI,,12770,3,0,0.0,12770,12840,12740,1417,18147600,151983253760,11855168,STK,ME006
013890,KR7013890009,지누스,KOSPI,,6890,1,100,1.47,6830,6910,6730,13623,93025620,151068851570,21925813,STK,ME006
004150,KR7004150009,한솔홀딩스,KOSPI,,3650,1,45,1.25,3610,3665,3590,95541,346209540,149747163000,41026620,STK,ME006
000970,KR7000970004,한국주철관,KOSPI,,6600,1,30,0.46,6600,6610,6550,2738,17990600,149571280000,22800500,STK,ME006
293480,KR7293480000,하나제약,KOSPI,,8420,1,120,1.45,8320,8410,8280,14937,125065850,149292746400,17772946,STK,ME006
272550,KR7272550005,삼양패키징,KOSPI,,9850,2,-20,-0.2,9790,9870,9730,10502,102963080,148725167220,15068406,STK,ME006
016880,KR7016880007,웅진,KOSPI,,1838,2,-5,-0.27,1835,1852,1804,45860,83419978,147225681360,79927080,STK,ME006
271980,KR7271980005,제일약품,KOSPI,,10070,1,40,0.4,10090,10090,9890,7702,76709840,147048720000,14704872,STK,ME006
004970,KR7004970000,신라교역,KOSPI,,9120,1,70,0.77,9020,9070,8930,7525,67630730,145120000000,16000000,STK,ME006
025820,KR7025820002,이구산업,KOSPI,,4300,3,0,0.0,4260,4390,4260,83961,363603811,144469440000,33442000,STK,ME006
003830,KR7003830007,대한화섬,KOSPI,,110300,1,1800,1.66,109700,109700,106000,143,15444200,143556800000,1328000,STK,ME006
000020,KR7000020008,동화약품,KOSPI,,5110,2,-20,-0.39,5150,5180,5080,24191,123645430,143009126400,27931470,STK,ME006
071840,KR7071840003,롯데하이마트,KOSPI,,6030,1,70,1.17,5950,6000,5910,6101,36347710,141174117760,23607712,STK,ME006
012610,KR7012610002,경인양행,KOSPI,,3400,1,50,1.49,3360,3510,3345,236643,809811976,141079477350,41616365,STK,ME006
001080,KR7001080001,만호제강,KOSPI,,3930,1,50,1.29,3855,4090,3855,30465,121014735,140459840000,35114960,STK,ME006
015890,KR7015890007,태경산업,KOSPI,,4785,1,40,0.84,4745,4805,4730,19888,94907430,139859568750,29228750,STK,ME006
008970,KR7008970006,KBI동양철관,KOSPI,,1360,2,-90,-6.21,1417,1438,1323,5472338,7536200170,139047655380,103766907,STK,ME006
107590,KR7107590002,미원홀딩스,KOSPI,,59700,2,-800,-1.32,60300,60300,59700,110,6599800,138504000000,2320000,STK,ME006
008350,KR7008350001,남선알미늄,KOSPI,,1072,1,4,0.37,1071,1074,1059,364602,389073795,138243705390,129079090,STK,ME006
003480,KR7003480001,한진중공업홀딩스,KOSPI,,4720,2,-20,-0.42,4735,4750,4650,32630,152832940,138199520160,29529812,STK,ME006
094280,KR7094280005,효성ITX,KOSPI,,11900,3,0,0.0,12000,12000,11900,1594,19009460,137542580000,11558200,STK,ME006
011690,KR7011690005,와이투솔루션,KOSPI,,3740,1,105,2.89,3590,3865,3590,333520,1255352151,137253369880,36698762,STK,ME006
014280,KR7014280002,금강공업,KOSPI,,4610,2,-60,-1.28,4690,4700,4570,180638,835393169,135794922910,29329357,STK,ME006
001360,KR7001360007,삼성제약,KOSPI,,1434,2,-30,-2.05,1466,1500,1410,715297,1038099555,134934259207,94162079,STK,ME006
004080,KR7004080008,신흥,KOSPI,,14460,1,10,0.07,14500,14500,14300,3706,53404110,134478000000,9300000,STK,ME006
081000,KR7081000002,일진다이아,KOSPI,,9420,1,230,2.5,9290,9480,9190,22215,207573875,134360143500,14202975,STK,ME006
018470,KR7018470005,조일알미늄,KOSPI,,5230,1,50,0.97,5190,5280,5110,47518,248361120,132456779120,25326344,STK,ME006
024090,KR7024090003,디씨엠,KOSPI,,11410,2,-70,-0.61,11470,11500,11420,1395,16005060,130872000000,11400000,STK,ME006
214390,KR7214390007,경보제약,KOSPI,,5490,1,50,0.92,5440,5500,5370,22542,122192930,129575181200,23906860,STK,ME006
092220,KR7092220003,KEC,KOSPI,,3220,1,5,0.16,3220,3340,3180,437975,1426027928,129090699020,40152628,STK,ME006
015590,KR7015590003,DKME,KOSPI,,2390,2,-20,-0.83,2425,2440,2350,134286,321788815,127884157660,53396308,STK,ME006
013520,KR7013520002,화승코퍼레이션,KOSPI,,2525,1,20,0.8,2530,2615,2510,62234,159936890,127880948860,50051252,STK,ME006
009270,KR7009270000,신원,KOSPI,,1109,1,6,0.54,1095,1111,1085,197963,217361174,126362202693,114770393,STK,ME006
004960,KR7004960001,한신공영,KOSPI,,10890,2,-210,-1.89,10980,11060,10800,19042,206803620,126120651800,11570702,STK,ME006
267290,KR7267290005,경동도시가스,KOSPI,,21300,1,150,0.71,21000,21400,20850,3462,72754600,125572147800,5895406,STK,ME006
078000,KR7078000007,텔코웨어,KOSPI,,13640,1,120,0.89,13520,13700,13380,627,8459080,124833440270,9240077,STK,ME006
006060,KR7006060008,화승인더,KOSPI,,2215,1,25,1.14,2220,2250,2205,32599,72475585,123916800000,55320000,STK,ME006
009070,KR7009070004,KCTC,KOSPI,,4130,1,45,1.1,4085,4155,4085,92993,383357259,123600000000,30000000,STK,ME006
002210,KR7002210003,동성제약,KOSPI,,1280,2,-17,-1.31,1297,1305,1277,30769,39652143,123479729946,96619507,STK,ME006
210540,KR7210540001,디와이파워,KOSPI,,11110,2,-60,-0.54,11090,11160,11090,15563,173022600,122783792960,11041708,STK,ME006
001520,KR7001520006,동양,KOSPI,,1136,1,14,1.25,1120,1139,1116,189221,213681558,121797750384,107122032,STK,ME006
005800,KR7005800008,신영와코루,KOSPI,,13720,1,200,1.48,13580,13580,13360,1075,14494530,121680000000,9000000,STK,ME006
214420,KR7214420002,토니모리,KOSPI,,5080,2,-10,-0.2,5100,5160,5050,32493,165491440,121476734950,24054799,STK,ME006
089470,KR7089470009,HDC현대EP,KOSPI,,3765,3,0,0.0,3790,3815,3735,54055,203706075,121220000000,31900000,STK,ME006
003010,KR7003010006,혜인,KOSPI,,9490,2,-530,-5.29,10020,10030,9440,341493,3283757095,120135459150,12712747,STK,ME006
004100,KR7004100004,태양금속,KOSPI,,3260,1,95,3.0,3165,3280,3160,348950,1122264968,120009000000,36700000,STK,ME006
002620,KR7002620003,제일파마홀딩스,KOSPI,,7480,1,130,1.77,7300,7500,7300,3540,26122060,119001494750,15973355,STK,ME006
037560,KR7037560000,LG헬로비전,KOSPI,,1531,1,12,0.79,1521,1541,1505,129154,197373431,118648597180,77446865,STK,ME006
001210,KR7001210004,금호전기,KOSPI,,9430,2,-20,-0.21,9480,10420,9210,3837097,38017323855,118058700650,12626599,STK,ME006
014530,KR7014530000,극동유화,KOSPI,,3365,1,40,1.2,3365,3405,3335,75006,252535019,118032986700,34869420,STK,ME006
002390,KR7002390003,한독,KOSPI,,8610,1,70,0.82,8540,8700,8520,1489,12801740,117815842480,13763533,STK,ME006
017550,KR7017550005,수산세보틱스,KOSPI,,1858,3,0,0.0,1840,1870,1840,156361,290469048,116187180060,62399130,STK,ME006
227840,KR7227840006,현대코퍼레이션홀딩스,KOSPI,,12720,2,-10,-0.08,12730,12950,12600,9838,124521890,116035659000,9100836,STK,ME006
034590,KR7034590000,인천도시가스,KOSPI,,26300,2,-100,-0.38,26350,26350,25950,3934,102618650,115056030200,4374754,STK,ME006
016740,KR7016740003,두올,KOSPI,,4040,1,25,0.62,4030,4030,3960,11429,45497810,113692505160,28674024,STK,ME006
079430,KR7079430005,현대리바트,KOSPI,,5660,1,100,1.8,5630,5660,5550,12163,68339480,112840673220,20114202,STK,ME006
083420,KR7083420000,그린케미칼,KOSPI,,4750,1,75,1.6,4675,4730,4610,20947,98421920,112800000000,24000000,STK,ME006
002460,KR7002460004,HS화성,KOSPI,,11070,1,110,1.0,10910,11070,10850,3900,42611310,112360500000,10150000,STK,ME006
023450,KR7023450000,동남합성,KOSPI,,32000,2,-200,-0.62,32200,32350,32000,633,20382300,112000000000,3500000,STK,ME006
013570,KR7013570007,디와이,KOSPI,,4195,1,15,0.36,4200,4200,4135,26355,109989465,110279262270,26319633,STK,ME006
012200,KR7012200002,계양전기,KOSPI,,3120,3,0,0.0,3140,3200,3080,527527,1657470574,110164998190,35422829,STK,ME006
016710,KR7016710006,대성홀딩스,KOSPI,,6890,2,-30,-0.43,6930,6930,6830,10608,72629960,110051899560,16089459,STK,ME006
012800,KR7012800009,대창,KOSPI,,1211,1,15,1.25,1194,1221,1194,321240,388448365,109368598800,91140499,STK,ME006
009580,KR7009580002,무림P&P,KOSPI,,1761,1,45,2.62,1713,1769,1713,159374,278204531,109331671972,62368324,STK,ME006
014580,KR7014580005,태경비케이,KOSPI,,3870,1,105,2.79,3740,3910,3740,117568,452969111,107574090000,27583100,STK,ME006
006660,KR7006660005,삼성공조,KOSPI,,13150,1,60,0.46,13090,13310,13010,137036,1802925945,106861029100,8126314,STK,ME006
008040,KR7008040008,사조동아원,KOSPI,,7540,2,-70,-0.92,7630,7650,7320,11127,82569460,106423028400,14114460,STK,ME006
021820,KR7021820006,세원정공,KOSPI,,10600,3,0,0.0,11130,11130,10500,7994,84936810,106200000000,10000000,STK,ME006
010100,KR7010100006,한국무브넥스,KOSPI,,3465,1,35,1.02,3430,3500,3405,42084,145491290,105358453200,30450420,STK,ME006
004250,KR7004250007,NPC,KOSPI,,2880,1,15,0.52,2870,2880,2850,5777,16549700,104652000000,36720000,STK,ME006
123690,KR7123690000,한국화장품,KOSPI,,6510,1,40,0.62,6510,6530,6410,43342,280154270,104281320000,16068000,STK,ME006
120030,KR7120030002,조선선재,KOSPI,,83500,1,800,0.97,83300,83300,81800,286,23562100,104133502800,1257651,STK,ME006
011280,KR7011280005,태림포장,KOSPI,,1461,1,61,4.36,1395,1460,1395,72213,103353219,103376672400,70805940,STK,ME006
027970,KR7027970003,한국제지,KOSPI,,2700,1,10,0.37,2690,2725,2685,3259,8790160,103061690240,38030144,STK,ME006
267850,KR7267850006,아시아나IDT,KOSPI,,9240,2,-50,-0.54,9360,9360,9210,2597,24029590,102786000000,11100000,STK,ME006
012320,KR7012320008,경동인베스트,KOSPI,,43400,2,-400,-0.91,44300,44300,42500,2138,92965350,102760249350,2365023,STK,ME006
37550L,KR737550K029,DL이앤씨2우(전환),KOSPI,,47500,2,-1000,-2.06,48150,48150,47500,1018,48514875,100317672500,2111951,STK,ME006
248170,KR7248170003,샘표식품,KOSPI,,21950,1,50,0.23,21700,22000,21700,16955,370842950,100045463400,4568286,STK,ME006
035000,KR7035000009,HS애드,KOSPI,,6140,1,10,0.16,6120,6180,6080,258590,1578284280,99839087040,16207644,STK,ME006
002450,KR7002450005,삼익악기,KOSPI,,1096,2,-2,-0.18,1079,1099,1079,72825,79115534,99312413755,90530915,STK,ME006
070960,KR7070960000,모나용평,KOSPI,,2005,3,0,0.0,2020,2030,1998,9876,19829962,96507332665,48133333,STK,ME006
008700,KR7008700007,아남전자,KOSPI,,1241,1,1,0.08,1239,1253,1236,74288,92293006,95634776800,77124820,STK,ME006
025620,KR7025620006,차AI헬스케어,KOSPI,,5190,2,-40,-0.76,5230,5240,5080,12859,66030865,95388818520,18203973,STK,ME006
002780,KR7002780005,진흥기업,KOSPI,,6680,1,180,2.77,6500,6550,6470,183793,1283236685,95138517960,14547174,STK,ME006
008260,KR7008260002,NI스틸,KOSPI,,3300,2,-15,-0.45,3320,3350,3300,37886,125866520,95095389025,28600117,STK,ME006
264900,KR7264900002,크라운제과,KOSPI,,7660,1,40,0.52,7670,7670,7580,6115,46456270,95056021500,12523850,STK,ME006
014790,KR7014790000,HL D&I,KOSPI,,2520,1,20,0.8,2520,2520,2485,24884,62212845,94646502500,37858601,STK,ME006
007210,KR7007210008,벽산,KOSPI,,1437,1,4,0.28,1429,1442,1422,49126,70263972,94249120000,65360000,STK,ME006
007540,KR7007540008,샘표,KOSPI,,46700,1,150,0.32,46500,46900,46250,7276,338906300,94122355600,2015468,STK,ME006
001290,KR7001290006,상상인증권,KOSPI,,4205,1,45,1.08,4140,4360,4140,49703,212088224,93819945920,21667424,STK,ME006
067830,KR7067830000,세이브존I&C,KOSPI,,2265,2,-10,-0.44,2280,2310,2270,40923,93533350,93778445075,41040895,STK,ME006
013700,KR7013700000,까뮤이앤씨,KOSPI,,1583,1,8,0.51,1575,1588,1560,74249,116795132,93749052270,59750830,STK,ME006
363280,KR7363280009,티와이홀딩스,KOSPI,,2085,1,55,2.71,2030,2080,2025,4396,9026822,93724505980,45497333,STK,ME006
032560,KR7032560005,황금에스티,KOSPI,,5500,2,-70,-1.26,5500,5530,5470,16270,89467055,93500000000,17000000,STK,ME006
014440,KR7014440002,영보화학,KOSPI,,4665,3,0,0.0,4660,4665,4635,10283,47768125,93300000000,20000000,STK,ME006
006840,KR7006840003,AK홀딩스,KOSPI,,7080,1,90,1.29,6990,7060,6900,4645,32427505,92732927000,13247561,STK,ME006
002200,KR7002200004,한국수출포장,KOSPI,,2765,2,-20,-0.72,2785,2785,2720,17622,48263335,92627336865,33499941,STK,ME006
019180,KR7019180009,티에이치엔,KOSPI,,5100,1,60,1.19,5020,5120,5010,54033,273785440,91260000000,18000000,STK,ME006
058850,KR7058850009,KTcs,KOSPI,,2205,1,15,0.68,2200,2220,2190,41948,92371037,91089790000,41404450,STK,ME006
036580,KR7036580009,팜스코,KOSPI,,2485,2,-75,-2.93,2510,2510,2465,23600,58506641,91085298640,36727943,STK,ME006
139990,KR7139990006,아주스틸,KOSPI,,2300,2,-10,-0.43,2310,2335,2290,17572,40512934,90300114620,38755414,STK,ME006
003580,KR7003580008,HLB글로벌,KOSPI,,1770,2,-94,-5.04,1846,1846,1760,300238,540368764,89725067355,50663505,STK,ME006
058860,KR7058860008,KTis,KOSPI,,2580,3,0,0.0,2570,2605,2565,113258,292751913,89615150000,34802000,STK,ME006
023000,KR7023000003,삼원강재,KOSPI,,2215,1,5,0.23,2220,2225,2195,3178,7007599,87825302760,39739956,STK,ME006
004140,KR7004140000,동방,KOSPI,,1810,1,17,0.95,1800,1819,1790,91294,164470463,86924839992,47971766,STK,ME006
006090,KR7006090005,사조오양,KOSPI,,9030,2,-10,-0.11,8890,9070,8870,2416,21777560,85181533440,9422736,STK,ME006
007980,KR7007980006,TP,KOSPI,,1794,1,19,1.07,1800,1800,1779,175134,313002051,83805564450,46897350,STK,ME006
004890,KR7004890000,동일산업,KOSPI,,34650,2,-350,-1.0,35350,35350,34450,499,17340350,83548656750,2425215,STK,ME006
002600,KR7002600005,조흥,KOSPI,,139000,1,1800,1.31,139300,139300,139000,4,556300,83400000000,600000,STK,ME006
011700,KR7011700002,한신기계,KOSPI,,2560,1,30,1.19,2525,2585,2515,153194,391334778,82899915805,32446151,STK,ME006
000850,KR7000850008,화천기공,KOSPI,,36800,2,-650,-1.74,37600,37600,36850,1544,57339000,81950000000,2200000,STK,ME006
000590,KR7000590000,CS홀딩스,KOSPI,,70300,1,100,0.14,70200,70400,69400,238,16633100,81160084600,1154482,STK,ME006
055490,KR7055490007,테이팩스,KOSPI,,16820,1,430,2.62,16390,16950,16300,21436,357609430,79937055000,4786650,STK,ME006
001260,KR7001260009,남광토건,KOSPI,,8180,1,120,1.49,8000,8300,8000,62618,511200680,79840484640,9832572,STK,ME006
023800,KR7023800006,인지컨트롤스,KOSPI,,5050,1,30,0.6,5040,5060,5010,19089,96222265,79836444850,15809197,STK,ME006
111380,KR7111380002,동인기연,KOSPI,,12920,1,150,1.17,12920,12920,12550,2828,36097980,79173760000,6128000,STK,ME006
009180,KR7009180001,한솔로지스틱스,KOSPI,,2815,1,40,1.44,2780,2815,2770,33013,92224485,79117868250,28155825,STK,ME006
109070,KR7109070003,주성코퍼레이션,KOSPI,,7470,1,130,1.77,7450,7730,7230,27392,204347795,79109724540,10562046,STK,ME006
069730,KR7069730000,DSR제강,KOSPI,,5500,1,10,0.18,5490,5570,5410,17407,95089700,78480000000,14400000,STK,ME006
005740,KR7005740006,크라운해태홀딩스,KOSPI,,5260,1,90,1.74,5170,5250,5140,8768,45471445,77800098280,14847347,STK,ME006
163560,KR7163560006,동일고무벨트,KOSPI,,5570,1,70,1.27,5550,5590,5500,7586,42110650,77423000000,13900000,STK,ME006
004840,KR7004840005,DRB동일,KOSPI,,3960,2,-10,-0.25,3935,3995,3925,45955,183264175,76896732360,19272364,STK,ME006
007610,KR7007610009,선도전기,KOSPI,,4290,2,-30,-0.69,4450,4480,4255,647273,2822338531,76860000000,18000000,STK,ME006
007590,KR7007590003,동방아그로,KOSPI,,5580,3,0,0.0,5580,5600,5550,4836,26932140,76258431200,13617577,STK,ME006
002220,KR7002220002,한일철강,KOSPI,,2815,2,-10,-0.35,2815,2865,2750,49393,138283150,75019862600,26697460,STK,ME006
010960,KR7010960003,삼호개발,KOSPI,,3095,1,35,1.14,3050,3095,3050,33043,101904448,74651400000,24120000,STK,ME006
013360,KR7013360003,일성건설,KOSPI,,1380,1,13,0.95,1392,1392,1366,90912,125028715,74284210000,54024880,STK,ME006
214330,KR7214330003,금호에이치티,KOSPI,,7080,1,50,0.71,7050,7080,6900,26408,184912200,73930488030,10456929,STK,ME006
013870,KR7013870001,지엠비코리아,KOSPI,,3820,1,15,0.39,3890,3890,3800,5164,19706955,72856109600,19072280,STK,ME006
024900,KR7024900003,디와이덕양,KOSPI,,2235,3,0,0.0,2220,2265,2190,80497,179338067,71968605800,32564980,STK,ME006
000230,KR7000230003,일동홀딩스,KOSPI,,6250,1,130,2.12,6150,6210,6020,14160,87094080,71435076000,11540400,STK,ME006
005750,KR7005750005,대림바스,KOSPI,,4230,2,-10,-0.24,4280,4280,4200,17877,75463075,70268136400,16592240,STK,ME006
063160,KR7063160006,종근당바이오,KOSPI,,12930,1,150,1.17,13120,13130,12650,5699,72766770,70165453980,5485962,STK,ME006
001020,KR7001020007,페이퍼코리아,KOSPI,,1968,2,-8,-0.4,1950,1964,1947,4047,7920353,69769457520,35596662,STK,ME006
071090,KR7071090005,하이스틸,KOSPI,,3455,2,-170,-4.69,3550,3610,3410,795400,2783512902,69559617595,20191471,STK,ME006
002720,KR7002720001,국제약품,KOSPI,,3270,3,0,0.0,3290,3325,3275,27766,91326195,69404248960,21159832,STK,ME006
010660,KR7010660009,화천기계,KOSPI,,3135,1,70,2.28,3065,3185,3060,93696,293809065,69300000000,22000000,STK,ME006
004440,KR7004440004,삼일씨엔에스,KOSPI,,5410,2,-40,-0.73,5530,5530,5400,23318,126644140,69261791680,12731947,STK,ME006
031820,KR7031820004,아이티센씨티에스,KOSPI,,5760,1,80,1.41,5670,5730,5650,7305,41615110,69241435120,12105146,STK,ME006
002700,KR7002700003,신일전자,KOSPI,,1010,1,5,0.5,1005,1012,999,596568,599577930,69232996210,68547521,STK,ME006
009770,KR7009770009,삼정펄프,KOSPI,,27500,1,50,0.18,28250,28500,27300,3955,108625300,68749202500,2499971,STK,ME006
095720,KR7095720009,웅진씽크빅,KOSPI,,1198,2,-1,-0.08,1200,1217,1189,32006,38574219,68533464510,56827085,STK,ME006
001560,KR7001560002,제일연마,KOSPI,,9260,1,200,2.21,9060,9180,8950,1435,13011350,68020000000,7600000,STK,ME006
155660,KR7155660004,DSR,KOSPI,,4335,1,55,1.29,4330,4330,4220,34111,145200947,68000000000,16000000,STK,ME006
011150,KR7011150000,CJ씨푸드,KOSPI,,1895,2,-6,-0.32,1901,1905,1882,21627,40925561,67801368651,35930773,STK,ME006
010040,KR7010040004,한국내화,KOSPI,,1648,2,-38,-2.25,1720,1720,1639,33770,56130742,67349981680,41067062,STK,ME006
084670,KR7084670009,동양고속,KOSPI,,23400,1,250,1.08,23550,24000,23000,5561,130164625,66598087000,2895569,STK,ME006
000180,KR7000180000,성창기업지주,KOSPI,,4825,1,10,0.21,4815,4815,4735,31882,152531335,66543026400,13950320,STK,ME006
079980,KR7079980009,휴비스,KOSPI,,1952,1,30,1.56,1922,1935,1913,36080,69334668,66447000000,34500000,STK,ME006
084680,KR7084680008,이월드,KOSPI,,2340,2,-320,-12.03,2690,2750,2320,153178,374639666,66365296920,28361238,STK,ME006
017370,KR7017370008,우신시스템,KOSPI,,3575,1,25,0.7,3550,3595,3490,7880,28146015,65839024130,18314054,STK,ME006
085310,KR7085310001,엔케이,KOSPI,,8810,2,-130,-1.45,8930,8930,8810,2979,26405140,65798316380,7418074,STK,ME006
019680,KR7019680008,대교,KOSPI,,1623,2,-12,-0.73,1629,1637,1600,13388,21732557,65299538550,40233850,STK,ME006
004770,KR7004770004,써니전자,KOSPI,,1850,2,-138,-6.94,1945,1970,1829,1384021,2604903246,65227163606,35507438,STK,ME006
007280,KR7007280001,한국특강,KOSPI,,2360,1,105,4.66,2335,2335,2210,10004,22689920,65170878500,28646540,STK,ME006
100220,KR7100220003,비상교육,KOSPI,,5000,3,0,0.0,5110,5110,4945,13376,66468020,64918721295,12996741,STK,ME006
005870,KR7005870001,휴니드,KOSPI,,4585,1,40,0.88,4550,4605,4410,59563,272068489,64721928775,14116015,STK,ME006
004720,KR7004720009,팜젠사이언스,KOSPI,,2915,1,30,1.04,2880,2900,2825,9916,28488792,64564940250,22654365,STK,ME006
058730,KR7058730003,다스코,KOSPI,,3160,1,15,0.48,3155,3235,3110,154954,494439390,64398978180,20251251,STK,ME006
018500,KR7018500009,동원모빌리티,KOSPI,,1364,1,22,1.64,1377,1390,1341,54529,75146385,64381542741,46754933,STK,ME006
009200,KR7009200007,무림페이퍼,KOSPI,,1532,1,19,1.26,1507,1526,1500,39356,59635125,63246151200,41609310,STK,ME006
210980,KR7210980009,SK디앤디,KOSPI,,3380,2,-110,-3.15,3560,3560,3345,92193,312207358,62461316610,18617382,STK,ME006
016090,KR7016090003,대현,KOSPI,,1410,1,8,0.57,1407,1410,1398,12673,17783656,62438057100,44282310,STK,ME006
480370,KR7480370006,씨케이솔루션,KOSPI,,2185,1,230,11.76,1993,2045,1892,770577,1622712805,62234377728,32481408,STK,ME006
004450,KR7004450003,삼화왕관,KOSPI,,28150,3,0,0.0,27800,28500,27650,833,23383000,61399801500,2154379,STK,ME006
068290,KR7068290006,삼성출판사,KOSPI,,6140,1,50,0.82,6160,6200,6040,11331,69259255,61000000000,10000000,STK,ME006
014990,KR7014990006,인디에프,KOSPI,,4030,1,95,2.41,3935,4085,3810,201711,802709775,60691299960,15022599,STK,ME006
072130,KR7072130008,유엔젤,KOSPI,,4780,2,-25,-0.52,4850,4850,4770,14025,67127610,60684270120,12695454,STK,ME006
002760,KR7002760007,보락,KOSPI,,1000,3,0,0.0,1000,1000,995,42274,42164154,59900000000,59900000,STK,ME006
000220,KR7000220004,유유제약,KOSPI,,3790,2,-10,-0.26,3815,3815,3745,22446,84812789,59525406360,15747462,STK,ME006
372910,KR7372910000,한컴라이프케어,KOSPI,,2155,1,10,0.47,2135,2195,2125,152807,329635867,59223228840,27674406,STK,ME006
111110,KR7111110003,호전실업,KOSPI,,6490,1,90,1.41,6440,6440,6370,1483,9488895,58022400000,9066000,STK,ME006
129260,KR7129260006,인터지스,KOSPI,,1938,1,38,2.0,1888,1980,1888,13337,25597871,57175413828,29747874,STK,ME006
006890,KR7006890008,태경케미컬,KOSPI,,4855,1,10,0.21,4880,4880,4820,10833,52472355,56318000000,11600000,STK,ME006
075180,KR7075180000,새론오토모티브,KOSPI,,2930,1,35,1.21,2945,2945,2890,3335,9695085,55968000000,19200000,STK,ME006
090080,KR7090080003,평화산업,KOSPI,,1023,2,-4,-0.39,1027,1027,1006,65157,66188806,55341477072,54902259,STK,ME006
007460,KR7007460009,에이프로젠,KOSPI,,2105,1,129,6.53,1976,2195,1976,360839,763509631,54891032100,25650015,STK,ME006
025530,KR7025530007,SJM홀딩스,KOSPI,,3680,1,55,1.52,3625,3640,3590,2432,8799425,54210449040,14934008,STK,ME006
378850,KR7378850002,화승알앤에이,KOSPI,,2835,2,-5,-0.18,2850,2880,2800,19055,53905306,54131825550,18993623,STK,ME006
023810,KR7023810005,인팩,KOSPI,,5290,1,40,0.76,5310,5400,5140,8157,42538960,53900000000,10000000,STK,ME006
003780,KR7003780004,진양산업,KOSPI,,4160,2,-15,-0.36,4165,4170,4115,36268,150201811,53755000000,13000000,STK,ME006
092440,KR7092440007,기신정기,KOSPI,,1864,1,27,1.47,1835,1856,1826,40656,74480658,53436000000,29200000,STK,ME006
021050,KR7021050000,서원,KOSPI,,1126,1,6,0.54,1117,1130,1100,99533,111716510,53408913750,47474590,STK,ME006
001550,KR7001550003,조비,KOSPI,,10210,1,10,0.1,10190,10280,10120,8453,86121340,52908915410,5192239,STK,ME006
004830,KR7004830006,덕성,KOSPI,,3365,1,80,2.44,3320,3340,3270,22849,75810325,52136000000,15680000,STK,ME006
006980,KR7006980007,우성,KOSPI,,16800,2,-30,-0.18,16910,16910,16710,3087,51899000,52035600000,3090000,STK,ME006
012690,KR7012690004,모나리자,KOSPI,,1422,1,6,0.42,1419,1430,1407,32416,45852693,51967753355,36571255,STK,ME006
011230,KR7011230000,삼화전자,KOSPI,,2665,2,-35,-1.3,2670,2710,2660,153835,412646160,51364303800,19165785,STK,ME006
010770,KR7010770006,평화홀딩스,KOSPI,,3530,1,25,0.71,3505,3540,3490,12430,43597730,51189131000,14625466,STK,ME006
123700,KR7123700007,SJM,KOSPI,,3280,1,30,0.92,3265,3300,3245,14448,47365390,51106040950,15604898,STK,ME006
011390,KR7011390002,부산산업,KOSPI,,48400,1,1250,2.65,46800,49700,46750,1950,93427450,50476800000,1056000,STK,ME006
196170,KR7196170005,알테오젠,KOSDAQ GLOBAL,우량기업부,259500,2,-5500,-2.08,263500,268000,257000,232568,60565402750,18075507013500,69655133,KSQ,ME006
086520,KR7086520004,에코프로,KOSDAQ GLOBAL,중견기업부,88800,1,3700,4.35,85200,90400,84900,1092601,96627022150,12070499912800,135776152,KSQ,ME006
247540,KR7247540008,에코프로비엠,KOSDAQ GLOBAL,중견기업부,115700,1,1000,0.87,114000,117800,113100,332197,38308793000,11318981213800,97830434,KSQ,ME006
036930,KR7036930006,주성엔지니어링,KOSDAQ GLOBAL,우량기업부,237500,2,-3500,-1.45,242000,254000,233500,1328641,323978404250,11016025677000,46481121,KSQ,ME006
277810,KR7277810008,레인보우로보틱스,KOSDAQ,기술성장기업부,448500,1,9500,2.16,436000,452000,432500,63616,28438065250,8720236171000,19399858,KSQ,ME006
240810,KR7240810002,원익IPS,KOSDAQ GLOBAL,우량기업부,139300,2,-4200,-2.93,143200,145900,135200,1293892,181083838650,6783395118200,49083901,KSQ,ME006
039030,KR7039030002,이오테크닉스,KOSDAQ,우량기업부,536000,2,-28000,-4.96,561000,562000,525000,107677,58118090500,6554000600000,12319550,KSQ,ME006
222800,KR7222800005,심텍,KOSDAQ GLOBAL,중견기업부,169900,1,10200,6.39,161700,171000,159100,1083468,180026040550,6434612747200,38484526,KSQ,ME006
058470,KR7058470006,리노공업,KOSDAQ GLOBAL,우량기업부,84800,1,3400,4.18,81800,86900,81100,2261641,191598956500,6424658955000,76211850,KSQ,ME006
403870,KR7403870009,HPSP,KOSDAQ GLOBAL,우량기업부,66100,2,-2900,-4.2,69000,69400,64300,3511265,233585862650,5390650000000,82300000,KSQ,ME006
028300,KR7028300002,HLB,KOSDAQ,중견기업부,40600,1,50,0.12,39900,41050,39450,688982,27807707125,5387868120350,133198223,KSQ,ME006
000250,KR7000250001,삼천당제약,KOSDAQ,중견기업부,211500,1,12100,6.07,198000,219500,194300,294826,60228135850,4855696704000,23457472,KSQ,ME006
108490,KR7108490004,로보티즈,KOSDAQ,기술성장기업부,312000,1,15500,5.23,296500,316000,294000,281497,86906518000,4561445708000,14667028,KSQ,ME006
319660,KR7319660007,피에스케이,KOSDAQ,우량기업부,152000,2,-9900,-6.11,161900,162000,145700,467185,71683630950,4402940528000,28966714,KSQ,ME006
095340,KR7095340006,ISC,KOSDAQ,우량기업부,209500,2,-15000,-6.68,224500,225000,204500,225174,47240605500,4366593948000,21197058,KSQ,ME006
440110,KR7440110005,파두,KOSDAQ,기술성장기업부,86900,2,-2800,-3.12,89700,90700,85100,647026,56134191800,4304537219300,50111027,KSQ,ME006
031980,KR7031980006,피에스케이홀딩스,KOSDAQ,우량기업부,193600,2,-400,-0.21,194000,195500,183300,203642,38542667600,4174479672000,21562395,KSQ,ME006
084370,KR7084370006,유진테크,KOSDAQ,우량기업부,179300,2,-6600,-3.55,184900,186200,173100,180303,32229100850,4051556225600,22916042,KSQ,ME006
095610,KR7095610002,테스,KOSDAQ GLOBAL,우량기업부,178200,2,-5700,-3.1,183900,187400,175000,231976,41751661450,3434464000000,19360000,KSQ,ME006
067310,KR7067310003,하나마이크론,KOSDAQ,중견기업부,52100,1,900,1.76,51200,54400,50800,2156083,113335457900,3424279753500,66490869,KSQ,ME006
064760,KR7064760002,티씨케이,KOSDAQ GLOBAL,우량기업부,297500,2,-16500,-5.25,314500,316000,290500,69267,20665427500,3309107136000,11179416,KSQ,ME006
357780,KR7357780006,솔브레인,KOSDAQ GLOBAL,우량기업부,425000,2,-5000,-1.16,430000,433500,412000,30143,12718517250,3266997720000,7778566,KSQ,ME006
131290,KR7131290009,티에스이,KOSDAQ,우량기업부,292000,2,-13000,-4.26,301500,305000,286000,117905,34467090000,3213345124500,11061429,KSQ,ME006
080220,KR7080220007,제주반도체,KOSDAQ,우량기업부,93300,1,5100,5.78,88800,95500,87300,4293143,395649122200,3182517769200,34442833,KSQ,ME006
214450,KR7214450009,파마리서치,KOSDAQ GLOBAL,우량기업부,306500,2,-8000,-2.54,321000,325500,304000,127048,39485267750,3179232288000,10389648,KSQ,ME006
141080,KR7141080002,리가켐바이오,KOSDAQ GLOBAL,기술성장기업부,82800,2,-3400,-3.94,86000,87800,81700,210882,17532044750,3046698101400,37019418,KSQ,ME006
087010,KR7087010005,펩트론,KOSDAQ,기술성장기업부,130300,2,-12200,-8.56,142600,145200,129400,203784,27064565400,3019596825000,23317350,KSQ,ME006
298380,KR7298380007,에이비엘바이오,KOSDAQ GLOBAL,기술성장기업부,51800,2,-1800,-3.36,53600,54700,50000,263780,13697575600,2877755598200,55987463,KSQ,ME006
010170,KR7010170009,대한광통신,KOSDAQ,중견기업부,17810,1,810,4.76,17580,18280,17320,14746615,263270800725,2767644748000,155485660,KSQ,ME006
310210,KR7310210000,보로노이,KOSDAQ,기술성장기업부,144000,2,-7700,-5.08,151600,154000,141100,54487,7913349300,2682646728300,18616563,KSQ,ME006
226950,KR7226950004,올릭스,KOSDAQ GLOBAL,기술성장기업부,116900,3,0,0.0,116200,119200,113100,181517,21002501300,2657262955200,22750539,KSQ,ME006
005290,KR7005290002,동진쎄미켐,KOSDAQ,우량기업부,52500,2,-600,-1.13,53200,53800,50700,603234,31633953550,2650446552000,50970126,KSQ,ME006
178320,KR7178320008,서진시스템,KOSDAQ,중견기업부,41850,1,1600,3.98,40300,43200,39700,1994504,83630827375,2644524793500,63723489,KSQ,ME006
257720,KR7257720003,실리콘투,KOSDAQ,우량기업부,37150,2,-1150,-3.0,38600,39100,36950,766108,28721500250,2432878949200,65576252,KSQ,ME006
043260,KR7043260009,성호전자,KOSDAQ,우량기업부,31550,1,3050,10.7,29800,32900,29300,9210380,289641458350,2354097657600,75451848,KSQ,ME006
098460,KR7098460009,고영,KOSDAQ,우량기업부,34400,1,350,1.03,33800,34500,33150,1562300,53044546750,2325763663300,68204213,KSQ,ME006
319400,KR7319400008,현대무벡스,KOSDAQ,우량기업부,20800,1,100,0.48,20600,20950,20400,684029,14195111350,2316621611200,111376039,KSQ,ME006
214370,KR7214370009,케어젠,KOSDAQ,벤처기업부,42500,2,-650,-1.51,42900,43700,42350,51428,2208577325,2285573250000,53715000,KSQ,ME006
058610,KR7058610007,에스피지,KOSDAQ,우량기업부,103100,1,3000,3.0,99600,104300,99000,251472,25786064650,2279832608000,22177360,KSQ,ME006
030530,KR7030530000,원익홀딩스,KOSDAQ,중견기업부,29400,1,1400,5.0,28000,29800,27700,1748810,50888820650,2255349045200,77237981,KSQ,ME006
145020,KR7145020004,휴젤,KOSDAQ,우량기업부,180500,2,-100,-0.06,180600,183700,179400,39124,7057589950,2253982657300,12515173,KSQ,ME006
032820,KR7032820003,우리기술,KOSDAQ,벤처기업부,12790,1,250,1.99,12540,12750,12360,2072590,26178642095,2194364572400,172784612,KSQ,ME006
263750,KR7263750002,펄어비스,KOSDAQ,우량기업부,33300,2,-250,-0.75,33600,33800,33200,108249,3618869650,2098986594000,62843910,KSQ,ME006
140860,KR7140860008,파크시스템스,KOSDAQ GLOBAL,우량기업부,298000,2,-1500,-0.5,299000,307000,292500,27769,8310160750,2086735762000,7002469,KSQ,ME006
140410,KR7140410002,메지온,KOSDAQ,투자주의환기종목(소속부없음),68000,2,-5600,-7.61,73000,74900,67600,156305,10919701450,2082273832000,30621674,KSQ,ME006
131970,KR7131970006,두산테스나,KOSDAQ GLOBAL,우량기업부,108800,1,3000,2.84,108500,111500,105200,338957,36681864250,2066081742200,19327238,KSQ,ME006
089030,KR7089030001,테크윙,KOSDAQ,중견기업부,55500,2,-1800,-3.14,57300,57900,54200,932158,52106327850,2034245110500,37053645,KSQ,ME006
214150,KR7214150005,클래시스,KOSDAQ GLOBAL,우량기업부,30800,2,-550,-1.75,31400,31600,30200,179446,5522621950,1999472948350,65235659,KSQ,ME006
347850,KR7347850000,디앤디파마텍,KOSDAQ,기술성장기업부,43300,2,-1950,-4.31,45300,45800,42750,417557,18174599425,1977836127000,45996189,KSQ,ME006
237690,KR7237690003,에스티팜,KOSDAQ GLOBAL,우량기업부,93000,2,-2600,-2.72,95000,96000,92400,61925,5785284600,1947790325400,20876638,KSQ,ME006
036540,KR7036540003,SFA반도체,KOSDAQ,중견기업부,11470,1,470,4.27,11000,11750,10880,6844631,78392360160,1869913645110,164460303,KSQ,ME006
083650,KR7083650002,비에이치아이,KOSDAQ,우량기업부,59300,2,-1000,-1.66,60100,60300,58700,179107,10613980850,1841190312500,30944375,KSQ,ME006
323280,KR7323280008,태성,KOSDAQ,중견기업부,60100,2,-1000,-1.64,61200,61400,58500,331671,19781395800,1817009810000,30537980,KSQ,ME006
041510,KR7041510009,에스엠,KOSDAQ GLOBAL,우량기업부,78700,1,1000,1.29,77400,79700,74700,160638,12382561050,1813259448000,22894690,KSQ,ME006
060370,KR7060370004,LS마린솔루션,KOSDAQ,우량기업부,33900,1,1200,3.67,33000,34300,32250,191683,6404192575,1770897150600,52238854,KSQ,ME006
183300,KR7183300003,코미코,KOSDAQ,우량기업부,34450,2,-1250,-3.5,35650,35650,33700,430556,14826507800,1748919513750,51363275,KSQ,ME006
089970,KR7089970008,브이엠,KOSDAQ,우량기업부,67100,2,-3700,-5.23,70800,72000,65600,818118,55703089800,1740199166500,26326765,KSQ,ME006
096530,KR7096530001,씨젠,KOSDAQ GLOBAL,우량기업부,36800,2,-500,-1.34,37300,37650,36350,240753,8887036075,1724499433800,46734402,KSQ,ME006
068760,KR7068760008,셀트리온제약,KOSDAQ,우량기업부,38500,2,-1150,-2.9,39500,39750,38250,98462,3793695525,1705049548800,44402332,KSQ,ME006
078600,KR7078600004,대주전자재료,KOSDAQ,우량기업부,108600,1,11800,12.19,98100,110400,97200,560387,59925711300,1700758145400,15704138,KSQ,ME006
218410,KR7218410009,RFHIC,KOSDAQ,우량기업부,62200,1,2200,3.67,61700,63200,61000,763145,47539240100,1647677404000,26575442,KSQ,ME006
437730,KR7437730005,삼현,KOSDAQ,기술성장기업부,52000,1,700,1.36,50200,52300,49600,297351,15320396050,1642451970600,31707567,KSQ,ME006
420770,KR7420770000,기가비스,KOSDAQ,우량기업부,129300,2,-5000,-3.72,134300,139700,126800,115304,15192860600,1638975509400,12675758,KSQ,ME006
0009K0,KR70009K0001,에임드바이오,KOSDAQ,기술성장기업부,24900,2,-550,-2.16,25400,25900,24250,104946,2611532725,1615413992800,65137661,KSQ,ME006
007390,KR7007390008,네이처셀,KOSDAQ,중견기업부,24850,2,-250,-1.0,25350,25800,24600,187370,4688889800,1594767636000,64435056,KSQ,ME006
290650,KR7290650001,엘앤씨바이오,KOSDAQ,우량기업부,54100,2,-2200,-3.91,55600,56600,53000,294832,16242462750,1448273104800,26969704,KSQ,ME006
950260,KR8840280000,인제니아테라퓨틱스(Reg.S),KOSDAQ,기술성장기업부,28600,2,-350,-1.21,28950,29350,27800,592074,16992594675,1426476911950,49444607,KSQ,ME006
039200,KR7039200001,오스코텍,KOSDAQ,벤처기업부,36700,2,-1300,-3.42,38350,38550,36150,113521,4184054475,1400249241600,38258176,KSQ,ME006
232140,KR7232140004,와이씨,KOSDAQ,우량기업부,16960,1,960,6.0,16130,17330,15950,4002150,66873248180,1385745961500,82045350,KSQ,ME006
950160,KR8840120008,코오롱티슈진,KOSDAQ,외국기업(소속부없음),16200,2,-260,-1.58,16380,16500,15920,418464,6728974445,1370568680800,84970160,KSQ,ME006
082920,KR7082920000,비츠로셀,KOSDAQ GLOBAL,우량기업부,29750,1,650,2.23,29250,29850,28900,193900,5710695575,1336128519200,45139477,KSQ,ME006
035900,KR7035900000,JYP Ent.,KOSDAQ GLOBAL,우량기업부,37400,2,-350,-0.93,37700,37750,37000,150641,5616767975,1328915200800,35532492,KSQ,ME006
347700,KR7347700007,스피어,KOSDAQ,기술성장기업부,24700,1,1750,7.63,22650,25600,22500,2223400,54633783575,1268163505200,51551362,KSQ,ME006
003380,KR7003380003,하림지주,KOSDAQ GLOBAL,우량기업부,11250,1,310,2.83,10950,11310,10850,377449,4212796670,1264543461090,112005621,KSQ,ME006
204270,KR7204270003,제이앤티씨,KOSDAQ,중견기업부,21850,2,-100,-0.46,21750,22900,21400,830469,18391101325,1263988982100,57848466,KSQ,ME006
166090,KR7166090001,하나머티리얼즈,KOSDAQ,우량기업부,63500,3,0,0.0,63500,65000,62400,118935,7560023300,1247971229400,19777674,KSQ,ME006
252990,KR7252990007,샘씨엔에스,KOSDAQ,우량기업부,19800,2,-350,-1.74,20000,20400,19490,650477,12861115255,1191712023310,60217889,KSQ,ME006
241710,KR7241710003,코스메카코리아,KOSDAQ GLOBAL,우량기업부,110400,2,-5000,-4.33,116500,116800,109000,175324,19434841800,1174800000000,10680000,KSQ,ME006
356860,KR7356860007,티엘비,KOSDAQ,우량기업부,48800,1,500,1.04,48600,50400,47550,686163,33408414975,1148326047000,23701260,KSQ,ME006
195940,KR7195940002,HK이노엔,KOSDAQ GLOBAL,우량기업부,40250,2,-350,-0.86,40600,40750,39700,39790,1598808700,1137445123650,28329891,KSQ,ME006
101490,KR7101490001,에스앤에스텍,KOSDAQ GLOBAL,우량기업부,53600,1,1500,2.88,53200,54200,51700,485168,25684179800,1130748587000,21334879,KSQ,ME006
056190,KR7056190002,SFA,KOSDAQ GLOBAL,우량기업부,31000,1,1050,3.51,30750,32000,30250,360219,11278128500,1114966998000,35908760,KSQ,ME006
127120,KR7127120004,제이에스링크,KOSDAQ,벤처기업부,29500,2,-850,-2.8,30400,30400,29000,162512,4787566650,1088954344400,37292957,KSQ,ME006
293490,KR7293490009,카카오게임즈,KOSDAQ GLOBAL,중견기업부,10160,1,210,2.11,9920,10280,9750,650660,6562255385,1082396987100,106745265,KSQ,ME006
458870,KR7458870003,씨어스,KOSDAQ,기술성장기업부,27050,1,1000,3.84,27300,28050,26500,229342,6211247325,1035324774000,38345362,KSQ,ME006
086450,KR7086450004,동국제약,KOSDAQ GLOBAL,우량기업부,22800,1,650,2.93,22800,23350,22200,758604,17377009675,1028992055000,45230420,KSQ,ME006
417200,KR7417200003,LS머트리얼즈,KOSDAQ,중견기업부,15190,1,1270,9.12,14200,15320,14000,2733712,40199934135,1023584730670,67652659,KSQ,ME006
445680,KR7445680002,큐리옥스바이오시스템즈,KOSDAQ,기술성장기업부,57100,2,-2100,-3.55,59300,60800,57900,51916,3051949850,1002477481800,17224699,KSQ,ME006
036830,KR7036830008,솔브레인홀딩스,KOSDAQ GLOBAL,우량기업부,48850,1,4400,9.9,44500,49450,44100,217976,10454512800,1000594272800,20503981,KSQ,ME006
083450,KR7083450007,GST,KOSDAQ,우량기업부,54200,2,-800,-1.45,54700,54900,52500,219841,11772704650,987848000000,18430000,KSQ,ME006
161580,KR7161580006,필옵틱스,KOSDAQ,중견기업부,41050,1,350,0.86,40050,42250,39500,610862,25123243825,959960014650,23442247,KSQ,ME006
100790,KR7100790005,미래에셋벤처투자,KOSDAQ,우량기업부,17980,2,-10,-0.06,17980,18330,17630,441110,7966287730,950858346200,53120578,KSQ,ME006
327260,KR7327260006,RF머트리얼즈,KOSDAQ,벤처기업부,53200,1,3800,7.69,52300,57500,51200,2009197,109662373650,944338920000,17987408,KSQ,ME006
115180,KR7115180002,큐리언트,KOSDAQ,벤처기업부,24800,1,150,0.61,25050,25200,24150,58965,1446486325,928970237250,37534151,KSQ,ME006
491000,KR7491000006,리브스메드,KOSDAQ,기술성장기업부,36200,2,-500,-1.36,36800,37750,35450,202203,7354493675,916766337300,25255271,KSQ,ME006
388210,KR7388210007,씨엠티엑스,KOSDAQ,벤처기업부,94300,2,-100,-0.11,94900,98600,92600,161470,15512342800,903655396800,9654438,KSQ,ME006
099320,KR7099320004,쎄트렉아이,KOSDAQ,우량기업부,82300,1,3400,4.31,79600,83700,79000,87540,7157830650,895814540400,10951278,KSQ,ME006
065350,KR7065350001,신성델타테크,KOSDAQ,우량기업부,32750,1,800,2.5,32000,33500,31900,97917,3201940400,894602507400,27483948,KSQ,ME006
032500,KR7032500001,케이엠더블유,KOSDAQ,중견기업부,20950,1,1510,7.77,20200,21650,19950,545538,11461038735,890244891100,42191701,KSQ,ME006
160190,KR7160190005,하이젠알앤엠,KOSDAQ,중견기업부,29000,1,450,1.58,28500,29200,28100,113606,3266151650,886485600000,30888000,KSQ,ME006
031330,KR7031330004,에스에이엠티,KOSDAQ,우량기업부,8830,1,20,0.23,8810,9000,8720,436327,3864674805,884956342950,99995067,KSQ,ME006
425420,KR7425420007,티에프이,KOSDAQ,우량기업부,72200,2,-2000,-2.7,74200,76700,70000,123227,8934781050,884058159600,12347181,KSQ,ME006
119850,KR7119850006,지엔씨에너지,KOSDAQ,우량기업부,53300,2,-1300,-2.38,54900,54900,52000,556478,29422028100,880016631500,16448909,KSQ,ME006
295310,KR7295310007,에이치브이엠,KOSDAQ,기술성장기업부,69700,1,5100,7.89,64000,70200,63500,271686,18651486350,872365712400,12426862,KSQ,ME006
033790,KR7033790007,피노,KOSDAQ,중견기업부,10080,1,1070,11.88,9100,10190,9010,3390274,33038221195,871311213890,86012953,KSQ,ME006
053800,KR7053800009,안랩,KOSDAQ,우량기업부,77900,1,100,0.13,78000,78600,76500,46138,3567162750,856740962000,11126506,KSQ,ME006
074600,KR7074600008,원익QnC,KOSDAQ,우량기업부,32500,2,-100,-0.31,32650,33050,31950,216852,7046227350,849102400000,26288000,KSQ,ME006
388720,KR7388720005,유일로보틱스,KOSDAQ,벤처기업부,70800,1,1000,1.43,69800,71000,69300,20990,1477976600,835297360500,11781345,KSQ,ME006
281740,KR7281740001,레이크머티리얼즈,KOSDAQ,우량기업부,12610,1,500,4.13,12230,13030,11820,883367,11158449460,824918377400,65730548,KSQ,ME006
014620,KR7014620009,성광벤드,KOSDAQ GLOBAL,우량기업부,30500,2,-400,-1.29,30800,30900,30300,102819,3138295050,808671733800,26557364,KSQ,ME006
059090,KR7059090001,미코,KOSDAQ,벤처기업부,24000,1,350,1.48,23350,24700,23100,600694,14405949675,798660994200,33416778,KSQ,ME006
033100,KR7033100009,제룡전기,KOSDAQ GLOBAL,우량기업부,49550,1,700,1.43,49600,49750,48800,105733,5217674700,793483004600,16062409,KSQ,ME006
476830,KR7476830005,알지노믹스,KOSDAQ,기술성장기업부,28200,2,-1450,-4.89,29800,30800,27350,379328,10811173350,789760523400,28055436,KSQ,ME006
328130,KR7328130000,루닛,KOSDAQ,기술성장기업부,10570,2,-530,-4.77,10930,11040,10520,553672,5906911390,787022962600,74458180,KSQ,ME006
085660,KR7085660009,차바이오텍,KOSDAQ,중견기업부,8540,2,-130,-1.5,8680,8720,8410,126141,1073700165,786550277160,92972846,KSQ,ME006
189300,KR7189300007,인텔리안테크,KOSDAQ,우량기업부,73400,1,4900,7.15,69100,73800,68400,118355,8537095200,780616031900,10737497,KSQ,ME006
090360,KR7090360009,로보스타,KOSDAQ,중견기업부,79600,1,1300,1.66,78200,80200,77600,90422,7171915200,773175000000,9750000,KSQ,ME006
036810,KR7036810000,에프에스티,KOSDAQ,중견기업부,35800,1,1100,3.17,35250,36650,33500,308656,11066484575,772897467300,21649789,KSQ,ME006
035760,KR7035760008,CJ ENM,KOSDAQ GLOBAL,중견기업부,35200,2,-550,-1.54,35500,35800,34300,76167,2652248000,771906220800,21929154,KSQ,ME006
090710,KR7090710005,휴림로봇,KOSDAQ,중견기업부,6480,1,120,1.89,6370,6550,6300,1279464,8257934490,771155737050,119559029,KSQ,ME006
171090,KR7171090004,선익시스템,KOSDAQ,우량기업부,76400,1,3600,4.95,72900,78200,72200,74509,5662588950,770712338600,10127626,KSQ,ME006
137400,KR7137400008,피엔티,KOSDAQ GLOBAL,우량기업부,32600,1,1500,4.82,31350,32500,31150,204716,6555645275,767579587200,23690728,KSQ,ME006
064290,KR7064290000,인텍플러스,KOSDAQ,중견기업부,59100,1,1100,1.9,60900,62600,57100,467796,28217721150,765792859800,12957578,KSQ,ME006
053610,KR7053610002,프로텍,KOSDAQ,우량기업부,85500,1,300,0.35,84200,87300,83400,44327,3782400600,765000000000,9000000,KSQ,ME006
122870,KR7122870009,와이지엔터테인먼트,KOSDAQ GLOBAL,우량기업부,40600,2,-650,-1.58,41600,41600,39900,84503,3420073400,759791141850,18691049,KSQ,ME006
044490,KR7044490001,태웅,KOSDAQ,우량기업부,37900,2,-350,-0.92,37750,38600,37500,94298,3582191450,759280108950,20007381,KSQ,ME006
251970,KR7251970000,펌텍코리아,KOSDAQ GLOBAL,우량기업부,60500,2,-2500,-3.97,63000,64500,59000,152992,9265297650,750200000000,12400000,KSQ,ME006
213420,KR7213420003,덕산네오룩스,KOSDAQ,우량기업부,30050,2,-150,-0.5,30250,30600,29500,107289,3212302150,746176928950,24831179,KSQ,ME006
006730,KR7006730006,서부T&D,KOSDAQ GLOBAL,우량기업부,11410,1,550,5.06,10970,11510,10880,457084,5136483280,737899076040,64276923,KSQ,ME006
041960,KR7041960006,코미팜,KOSDAQ,벤처기업부,9890,1,70,0.71,9820,9980,9780,89180,879444540,737227825880,74618201,KSQ,ME006
466100,KR7466100005,클로봇,KOSDAQ,기술성장기업부,23750,1,450,1.93,23100,23950,22950,227214,5371942975,735151301250,30953739,KSQ,ME006
038500,KR7038500005,삼표시멘트,KOSDAQ GLOBAL,우량기업부,6860,1,80,1.18,6750,6920,6700,257353,1748103830,731672554680,107916306,KSQ,ME006
121600,KR7121600001,나노신소재,KOSDAQ,우량기업부,59500,1,2500,4.39,57200,59800,56900,95465,5627423900,729600364500,12262191,KSQ,ME006
456160,KR7456160001,지투지바이오,KOSDAQ,기술성장기업부,43700,1,200,0.46,42800,44250,42400,274820,11972487550,725042973600,16629426,KSQ,ME006
032190,KR7032190001,다우데이타,KOSDAQ,우량기업부,18910,2,-560,-2.88,19480,19520,18730,100715,1907428195,724636000000,38300000,KSQ,ME006
122640,KR7122640006,예스티,KOSDAQ,벤처기업부,33850,2,-650,-1.88,34500,34750,33300,310954,10528253000,723154255000,21651325,KSQ,ME006
023160,KR7023160005,태광,KOSDAQ GLOBAL,우량기업부,28100,2,-400,-1.4,28200,28300,27550,77352,2161916575,722989413900,25867242,KSQ,ME006
033640,KR7033640004,네패스,KOSDAQ,중견기업부,31750,1,50,0.16,31800,32750,30800,290580,9218021825,719447102400,23059202,KSQ,ME006
225570,KR7225570001,넥슨게임즈,KOSDAQ,중견기업부,10770,2,-90,-0.83,10860,10990,10650,59972,647291375,714582887900,65860174,KSQ,ME006
476060,KR7476060009,온코닉테라퓨틱스,KOSDAQ,기술성장기업부,15750,2,-170,-1.07,16060,16160,15540,170125,2680449070,713357166400,45407840,KSQ,ME006
041830,KR7041830001,인바디,KOSDAQ,우량기업부,52100,2,-1300,-2.43,54200,54200,50800,90161,4658038450,702353952200,13480882,KSQ,ME006
102710,KR7102710001,이엔에프테크놀로지,KOSDAQ,우량기업부,48600,2,-1200,-2.41,49650,49800,47050,68238,3322450200,697960788600,14287836,KSQ,ME006
490470,KR7490470002,세미파이브,KOSDAQ,기술성장기업부,20550,3,0,0.0,20300,21200,20100,1726905,35576740450,694118976000,34025440,KSQ,ME006
092870,KR7092870005,엑시콘,KOSDAQ,우량기업부,52900,2,-200,-0.38,53000,54000,50600,407829,21370824000,686471922200,13050797,KSQ,ME006
253590,KR7253590004,네오셈,KOSDAQ,우량기업부,15590,1,1040,7.15,14500,16030,14350,2428008,37673566595,683481575120,43869164,KSQ,ME006
126340,KR7126340009,비나텍,KOSDAQ,벤처기업부,95000,1,1300,1.39,93700,96200,92000,96516,9078986100,680703247200,7180414,KSQ,ME006
048410,KR7048410005,현대바이오,KOSDAQ,중견기업부,7060,1,10,0.14,7070,7370,7040,1187069,8531072420,680364282600,96505572,KSQ,ME006
124500,KR7124500000,아이티센글로벌,KOSDAQ,우량기업부,29450,3,0,0.0,29400,30000,28650,154412,4505982475,678732414750,23204527,KSQ,ME006
222080,KR7222080004,SFA넥셀,KOSDAQ GLOBAL,우량기업부,8380,1,330,4.1,8090,8400,7980,692186,5734607545,649464202400,77780144,KSQ,ME006
050890,KR7050890003,쏠리드,KOSDAQ,우량기업부,10680,1,680,6.8,10220,11050,10110,4167214,44512841010,644019260400,60756534,KSQ,ME006
077360,KR7077360006,덕산하이메탈,KOSDAQ,벤처기업부,14130,1,40,0.28,14090,14580,13820,786693,11141491530,638389878100,45437002,KSQ,ME006
046890,KR7046890000,서울반도체,KOSDAQ GLOBAL,중견기업부,10940,2,-40,-0.36,10950,11090,10760,293632,3210371745,634945806000,58305400,KSQ,ME006
080580,KR7080580004,오킨스전자,KOSDAQ,벤처기업부,29000,1,2950,11.32,26500,29500,25950,1334733,37568937050,616910433750,21090955,KSQ,ME006
093320,KR7093320000,케이아이엔엑스,KOSDAQ,우량기업부,125500,1,900,0.72,128000,128000,123000,4336,540389300,614880000000,4880000,KSQ,ME006
253450,KR7253450001,스튜디오드래곤,KOSDAQ GLOBAL,우량기업부,20500,2,-50,-0.24,20500,20800,20300,29159,597761675,613193359200,30058498,KSQ,ME006
045100,KR7045100005,한양이엔지,KOSDAQ,우량기업부,34700,2,-750,-2.12,35150,35650,34400,111085,3898241850,606375000000,17500000,KSQ,ME006
089890,KR7089890008,코세스,KOSDAQ,우량기업부,36550,1,250,0.69,36350,38300,35850,259765,9556157525,606180361100,16584962,KSQ,ME006
219130,KR7219130002,타이거일렉,KOSDAQ,벤처기업부,92300,1,600,0.65,91700,96600,88000,30599,2859231900,582808967000,6314290,KSQ,ME006
144960,KR7144960002,뉴파워프라즈마,KOSDAQ,우량기업부,13180,1,30,0.23,13160,13390,13000,859701,11349163750,576742636800,43692624,KSQ,ME006
214430,KR7214430001,아이쓰리시스템,KOSDAQ,우량기업부,78200,1,4900,6.68,77800,79300,74100,83307,6401252650,574347099000,7307215,KSQ,ME006
399720,KR7399720002,가온칩스,KOSDAQ,벤처기업부,48400,3,0,0.0,48600,49450,47450,128813,6252189675,571596280800,11858844,KSQ,ME006
468530,KR7468530001,프로티나,KOSDAQ,기술성장기업부,50700,2,-600,-1.17,50000,52900,48150,136024,6819900025,569694092400,11105148,KSQ,ME006
358570,KR7358570000,지아이이노베이션,KOSDAQ,기술성장기업부,8910,2,-630,-6.6,9460,9740,8780,409893,3724094300,569031172920,64516006,KSQ,ME006
024850,KR7024850000,HLB이노베이션,KOSDAQ,중견기업부,16480,2,-20,-0.12,16410,16950,16070,124025,2038431985,562656127590,34539971,KSQ,ME006
094170,KR7094170008,동운아나텍,KOSDAQ,우량기업부,26800,2,-600,-2.19,27250,27650,26600,56989,1538685075,559340788000,20909936,KSQ,ME006
174900,KR7174900001,앱클론,KOSDAQ,벤처기업부,28100,1,1200,4.46,27000,29700,26750,329175,9282069125,556664399100,19952129,KSQ,ME006
060250,KR7060250008,NHN KCP,KOSDAQ,우량기업부,13850,1,140,1.02,13630,13890,13540,132256,1816797755,552208401250,40160611,KSQ,ME006
052400,KR7052400009,코나아이,KOSDAQ GLOBAL,우량기업부,37750,2,-500,-1.31,38350,38650,37550,39765,1502222675,549036070700,14563291,KSQ,ME006
078350,KR7078350006,한양디지텍,KOSDAQ,우량기업부,36000,3,0,0.0,34600,37600,34300,572034,20712795350,548797752000,15244382,KSQ,ME006
009520,KR7009520008,포스코엠텍,KOSDAQ GLOBAL,중견기업부,13220,1,540,4.26,12750,13240,12630,337918,4406033185,546352263360,41642703,KSQ,ME006
101160,KR7101160000,월덱스,KOSDAQ,우량기업부,33000,2,-200,-0.6,33250,33700,32550,48057,1593149700,544862769000,16510993,KSQ,ME006
037460,KR7037460003,삼지전자,KOSDAQ,우량기업부,33300,1,1050,3.26,32250,33500,32150,64116,2122471300,542590856500,16318522,KSQ,ME006
356680,KR7356680009,엑스게이트,KOSDAQ,벤처기업부,19150,1,1000,5.51,18300,18870,18070,2713175,50704715870,536332214680,28543492,KSQ,ME006
052020,KR7052020005,에스티큐브,KOSDAQ,투자주의환기종목(소속부없음),7840,2,-270,-3.33,8110,8220,7640,160791,1254358590,532989001440,67983291,KSQ,ME006
112040,KR7112040001,위메이드,KOSDAQ,중견기업부,15600,2,-130,-0.83,15730,15850,15460,64054,1000094940,529596334800,33948483,KSQ,ME006
079940,KR7079940003,가비아,KOSDAQ,우량기업부,39350,1,500,1.29,39200,39700,38750,6666,262065650,527432881200,13420684,KSQ,ME006
383310,KR7383310000,에코프로에이치엔,KOSDAQ,우량기업부,25100,1,50,0.2,24650,26200,24400,367276,9275848625,522275806800,20974932,KSQ,ME006
348340,KR7348340001,뉴로메카,KOSDAQ,기술성장기업부,22500,1,1600,7.66,20950,22500,20250,578158,12708639675,522007855200,23408424,KSQ,ME006
104830,KR7104830005,원익머트리얼즈,KOSDAQ,우량기업부,42000,3,0,0.0,42050,44700,40550,93388,3885309125,519449600000,12608000,KSQ,ME006
041190,KR7041190000,우리기술투자,KOSDAQ,우량기업부,6410,1,430,7.19,6040,6600,5950,8999929,57635279885,509124000000,79800000,KSQ,ME006
082270,KR7082270000,젬백스,KOSDAQ,벤처기업부,11180,2,-30,-0.27,11350,11730,11120,103295,1177051160,507108545050,45480587,KSQ,ME006
098120,KR7098120009,마이크로컨텍솔,KOSDAQ,우량기업부,60800,1,3300,5.74,57600,61000,56400,173238,10114757800,502091066400,8312766,KSQ,ME006
042000,KR7042000000,카페24,KOSDAQ,우량기업부,20500,2,-700,-3.3,21200,21600,17860,1403494,27703154305,500488098300,24178169,KSQ,ME006
099190,KR7099190001,아이센스,KOSDAQ,중견기업부,16840,2,-420,-2.43,17140,17430,16740,26539,448739680,496540962270,29573613,KSQ,ME006
069540,KR7069540003,빛과전자,KOSDAQ,벤처기업부,4400,1,260,6.28,4265,4400,4190,9549126,40960047174,495844346800,112691897,KSQ,ME006
025980,KR7025980004,아난티,KOSDAQ,우량기업부,5110,1,50,0.99,5040,5090,4965,669854,3381728485,495262039100,97300990,KSQ,ME006
348370,KR7348370008,엔켐,KOSDAQ,중견기업부,22850,1,1300,6.03,21900,23350,21600,264095,5991541500,495188464400,21910994,KSQ,ME006
033500,KR7033500000,동성화인텍,KOSDAQ,우량기업부,16360,1,230,1.43,16100,16440,16000,65566,1069545250,490928016780,29989494,KSQ,ME006
033160,KR7033160003,엠케이전자,KOSDAQ,중견기업부,19950,1,1150,6.12,18800,20950,18640,2179751,42929933155,490052957100,24564058,KSQ,ME006
365340,KR7365340009,성일하이텍,KOSDAQ,기술성장기업부,38100,1,1550,4.24,37100,38750,36600,49308,1864853775,487126035500,12921115,KSQ,ME006
086900,KR7086900008,메디톡스,KOSDAQ,우량기업부,66800,2,-600,-0.89,66900,67400,66600,17722,1183916500,486079900200,7298497,KSQ,ME006
376900,KR7376900007,로킷헬스케어,KOSDAQ,기술성장기업부,27850,2,-800,-2.79,29150,29600,27550,81499,2300957075,484106797500,17445290,KSQ,ME006
056080,KR7056080005,유진로봇,KOSDAQ,중견기업부,12610,1,380,3.11,12150,12700,12000,437160,5490582960,484061252760,38235486,KSQ,ME006
125490,KR7125490003,한라캐스트,KOSDAQ,벤처기업부,13200,1,1050,8.64,12200,13710,12020,5699267,75029560505,480735975840,36502352,KSQ,ME006
019210,KR7019210004,와이지-원,KOSDAQ,우량기업부,12810,1,80,0.63,12780,13140,12500,613907,7841368395,479055216640,37193728,KSQ,ME006
368770,KR7368770004,파이버프로,KOSDAQ,벤처기업부,14720,1,1050,7.68,13760,14950,13760,479228,6957222310,478357516000,32854225,KSQ,ME006
027360,KR7027360007,아주IB투자,KOSDAQ,중견기업부,3950,1,85,2.2,3845,3980,3800,1558433,6104324644,477312899640,121145406,KSQ,ME006
290550,KR7290550003,디케이티,KOSDAQ,우량기업부,23950,1,1900,8.62,22500,24150,22050,617969,14541899525,476029274000,20001230,KSQ,ME006
211050,KR7211050000,인카금융서비스,KOSDAQ,우량기업부,9790,2,-210,-2.1,9950,9980,9530,53382,516210625,475394290050,49263657,KSQ,ME006
015750,KR7015750003,성우하이텍,KOSDAQ,우량기업부,5930,1,60,1.02,5870,6010,5830,170724,1014328095,473600000000,80000000,KSQ,ME006
089010,KR7089010003,켐트로닉스,KOSDAQ,우량기업부,28300,1,350,1.25,28100,30450,27750,441622,12855814625,470399257350,16770027,KSQ,ME006
397030,KR7397030008,에이프릴바이오,KOSDAQ,기술성장기업부,16910,2,-4390,-20.61,19560,19640,16925,1628184,29001242320,469050469640,27558782,KSQ,ME006
034950,KR7034950006,한국기업평가,KOSDAQ,우량기업부,103000,2,-800,-0.77,104400,104400,102700,718,73968750,466764839200,4540514,KSQ,ME006
278280,KR7278280003,천보,KOSDAQ,중견기업부,38200,1,800,2.14,37750,38950,37500,25111,960138250,465614950000,12253025,KSQ,ME006
460930,KR7460930001,현대힘스,KOSDAQ,우량기업부,13070,1,40,0.31,13030,13180,13000,52172,682936940,465544896810,35510671,KSQ,ME006
475960,KR7475960001,토모큐브,KOSDAQ,기술성장기업부,34500,2,-2450,-6.63,36900,36900,34050,73982,2597061025,462232768200,13476174,KSQ,ME006
475830,KR7475830006,오름테라퓨틱,KOSDAQ,기술성장기업부,21050,2,-2300,-9.85,23200,23550,20950,531856,11475351150,460074173400,21752916,KSQ,ME006
035890,KR7035890003,서희건설,KOSDAQ,중견기업부,2230,1,50,2.29,2200,2270,2175,206444,459990853,459808607240,207588536,KSQ,ME006
170920,KR7170920003,엘티씨,KOSDAQ,벤처기업부,43600,2,-500,-1.13,43700,44600,42650,123684,5406363350,459011274700,10564126,KSQ,ME006
078340,KR7078340007,컴투스,KOSDAQ GLOBAL,중견기업부,37550,1,100,0.27,37800,37900,37200,85172,3204540650,453424237500,12091313,KSQ,ME006
272290,KR7272290008,이녹스첨단소재,KOSDAQ GLOBAL,우량기업부,22700,1,250,1.11,22650,23050,22200,118723,2694811375,449590827950,19937509,KSQ,ME006
187660,KR7187660006,페니트리움바이오,KOSDAQ,중견기업부,7000,2,-540,-7.16,7470,7780,6960,1313880,9567327740,449043096060,63966253,KSQ,ME006
336570,KR7336570007,원텍,KOSDAQ,우량기업부,5070,1,70,1.4,5010,5150,4985,498723,2523303718,447296036460,89280646,KSQ,ME006
376300,KR7376300000,디어유,KOSDAQ,우량기업부,18770,2,-110,-0.58,18970,19250,18400,90278,1685489735,445095112500,23738406,KSQ,ME006
200470,KR7200470003,에이팩트,KOSDAQ,중견기업부,10290,1,70,0.68,10200,10480,10010,934973,9580896150,444370857840,43823556,KSQ,ME006
340570,KR7340570001,티앤엘,KOSDAQ,우량기업부,27700,1,150,0.54,28000,28000,27400,50367,1389127900,442731806000,16070120,KSQ,ME006
079370,KR7079370003,제우스,KOSDAQ,우량기업부,14340,2,-130,-0.9,14600,14910,13950,669178,9599737445,441992107500,31016990,KSQ,ME006
018290,KR7018290007,브이티,KOSDAQ,우량기업부,12600,1,10,0.08,12730,12840,12380,118551,1493680160,439917740420,34941838,KSQ,ME006
486990,KR7486990005,노타,KOSDAQ,기술성장기업부,20350,2,-150,-0.73,20150,20500,20000,188010,3806228425,437475193500,21392430,KSQ,ME006
067630,KR7067630004,HLB생명과학,KOSDAQ,투자주의환기종목(소속부없음),3575,2,-140,-3.77,3630,3740,3550,446568,1615790767,435853482350,121917058,KSQ,ME006
114810,KR7114810005,한솔아이원스,KOSDAQ,우량기업부,15550,2,-120,-0.77,15620,16110,15400,226034,3567528495,433967743080,28143174,KSQ,ME006
159010,KR7159010008,아스플로,KOSDAQ,벤처기업부,32100,2,-50,-0.16,32150,32550,31200,87286,2800665000,428045121900,13334739,KSQ,ME006
013030,KR7013030002,하이록코리아,KOSDAQ,우량기업부,36350,3,0,0.0,36750,36900,36050,11738,426666275,427183627200,11768144,KSQ,ME006
332570,KR7332570001,PS일렉트로닉스,KOSDAQ,우량기업부,9290,1,290,3.22,9000,9390,8950,2268217,20984477095,425409983780,45940603,KSQ,ME006
417840,KR7417840006,저스템,KOSDAQ,벤처기업부,18690,1,40,0.21,18690,19540,18130,961780,18140425855,425201998930,22946681,KSQ,ME006
078130,KR7078130002,국일제지,KOSDAQ,중견기업부,3710,1,165,4.65,3530,3720,3485,156093,563192080,417140171900,112740587,KSQ,ME006
241770,KR7241770007,메카로,KOSDAQ,우량기업부,40400,2,-2200,-5.16,42300,42750,39600,28008,1141189900,416878976000,10192640,KSQ,ME006
030520,KR7030520001,한컴,KOSDAQ,우량기업부,17210,2,-210,-1.21,17580,17620,17100,47120,814017150,415408001920,24179744,KSQ,ME006
092190,KR7092190008,서울바이오시스,KOSDAQ,투자주의환기종목(소속부없음),9030,1,70,0.78,8970,9510,8820,184486,1690114520,414191498490,45868383,KSQ,ME006
067160,KR7067160002,SOOP,KOSDAQ GLOBAL,우량기업부,36350,2,-150,-0.41,36500,36700,36150,25246,916504550,406138629600,11188392,KSQ,ME006
477850,KR7477850002,마키나락스,KOSDAQ,기술성장기업부,22900,1,100,0.44,22550,23750,22300,295221,6794764800,403920244000,17754736,KSQ,ME006
138080,KR7138080007,오이솔루션,KOSDAQ,벤처기업부,32300,1,2600,8.75,30900,34500,30450,1315059,42881317575,401658247100,12377758,KSQ,ME006
039440,KR7039440003,에스티아이,KOSDAQ,우량기업부,25950,2,-250,-0.95,26450,26500,25500,163941,4276183325,400857164950,15507047,KSQ,ME006
204620,KR7204620009,글로벌텍스프리,KOSDAQ,우량기업부,5660,2,-170,-2.92,5880,5900,5620,792590,4565367275,399209314400,70283330,KSQ,ME006
348210,KR7348210006,넥스틴,KOSDAQ,우량기업부,38800,1,250,0.65,39900,40300,37800,73618,2870334650,399173890500,10477005,KSQ,ME006
200710,KR7200710002,에이디테크놀로지,KOSDAQ,중견기업부,29700,1,400,1.37,29700,30300,29100,159344,4729216350,398475407200,13462007,KSQ,ME006
441270,KR7441270006,파인엠텍,KOSDAQ,벤처기업부,9420,1,10,0.11,9420,9550,9320,379612,3571667195,397549735000,42292525,KSQ,ME006
330860,KR7330860008,네패스아크,KOSDAQ,중견기업부,32800,1,700,2.18,32300,33750,31700,298771,9773952600,392935451250,12184045,KSQ,ME006
095660,KR7095660007,네오위즈,KOSDAQ,우량기업부,18040,2,-60,-0.33,18200,18200,17820,34647,625349020,390321720360,21636459,KSQ,ME006
215200,KR7215200007,메가스터디교육,KOSDAQ,우량기업부,37750,1,400,1.07,37400,38150,37300,35679,1344689250,388695600000,10365216,KSQ,ME006
101730,KR7101730000,위메이드맥스,KOSDAQ,중견기업부,4635,2,-135,-2.83,4715,4720,4600,165117,768400035,386752164890,83803286,KSQ,ME006
052710,KR7052710001,아모텍,KOSDAQ,중견기업부,20900,2,-700,-3.24,21600,21650,20450,553898,11593970100,386692560000,18680800,KSQ,ME006
468670,KR7468670005,브릴스,KOSDAQ,벤처기업부,33950,1,3500,11.49,32700,38700,32100,12617075,442465780125,386364066000,11363649,KSQ,ME006
036800,KR7036800001,나이스정보통신,KOSDAQ,우량기업부,8480,1,570,7.21,7960,8750,7770,446055,3728398140,383565000000,45500000,KSQ,ME006
107640,KR7107640005,한중엔시에스,KOSDAQ,기술성장기업부,42250,1,550,1.32,42300,42650,41350,77486,3252465100,382540721200,9064946,KSQ,ME006
236200,KR7236200002,슈프리마,KOSDAQ,우량기업부,55800,2,-1800,-3.13,57200,57600,54700,18642,1037605550,382192242800,6974311,KSQ,ME006
078160,KR7078160009,메디포스트,KOSDAQ,벤처기업부,9700,1,350,3.74,9470,9840,9240,70839,678912080,380676695130,39204603,KSQ,ME006
389470,KR7389470006,인벤티지랩,KOSDAQ,기술성장기업부,28350,2,-850,-2.91,28800,30400,28200,105400,3044280725,376608136400,13307708,KSQ,ME006
025900,KR7025900002,동화기업,KOSDAQ,중견기업부,7450,1,250,3.47,7320,7490,7250,68839,510243830,375135054700,50557285,KSQ,ME006
092730,KR7092730001,네오팜,KOSDAQ,우량기업부,23200,2,-100,-0.43,23500,23500,22500,60150,1381630975,370246545900,16027989,KSQ,ME006
025320,KR7025320003,시노펙스,KOSDAQ,우량기업부,4000,1,65,1.65,4005,4080,3950,411886,1654140218,367499700705,92220753,KSQ,ME006
393890,KR7393890009,더블유씨피,KOSDAQ,기술성장기업부,10820,1,410,3.94,10420,11060,10290,273515,2939399295,365844386640,33843144,KSQ,ME006
046970,KR7046970000,우리로,KOSDAQ,벤처기업부,8330,1,920,12.42,7700,8650,7510,13194866,108527871470,365500491660,43824999,KSQ,ME006
006910,KR7006910004,보성파워텍,KOSDAQ,우량기업부,7430,1,230,3.19,7250,7450,7150,658958,4846853230,363560697600,49129824,KSQ,ME006
110990,KR7110990009,디아이티,KOSDAQ,우량기업부,19190,1,250,1.32,19190,19670,18840,144870,2790153845,362880000000,18900000,KSQ,ME006
069080,KR7069080000,웹젠,KOSDAQ GLOBAL,우량기업부,11700,1,30,0.26,11720,11730,11560,93922,1096409330,362618593250,30966575,KSQ,ME006
060280,KR7060280005,큐렉소,KOSDAQ,중견기업부,8810,1,170,1.97,8640,8820,8530,258700,2257803970,362260956200,41259790,KSQ,ME006
456010,KR7456010008,아이씨티케이,KOSDAQ,기술성장기업부,25450,1,1900,8.07,24950,25650,24150,1036267,25695890675,361108515000,14502350,KSQ,ME006
078020,KR7078020005,LS증권,KOSDAQ,우량기업부,6510,2,-20,-0.31,6540,6560,6440,35933,232754050,360627735000,55481190,KSQ,ME006
168360,KR7168360006,펨트론,KOSDAQ,벤처기업부,15990,1,1130,7.6,17000,17100,15880,794316,12938947965,359176614280,22392557,KSQ,ME006
003800,KR7003800000,에이스침대,KOSDAQ,우량기업부,32200,1,50,0.16,32200,32500,31850,1985,63586825,355434500000,11090000,KSQ,ME006
093520,KR7093520005,매커스,KOSDAQ,우량기업부,29450,2,-350,-1.17,29550,30000,29000,13820,407910200,351104191500,11901837,KSQ,ME006
372320,KR7372320002,큐로셀,KOSDAQ,기술성장기업부,23150,1,300,1.31,23000,23450,22600,31032,712573450,350224496000,15227152,KSQ,ME006
448900,KR7448900001,한국피아이엠,KOSDAQ,기술성장기업부,57500,1,2600,4.74,55200,58200,54600,61938,3526438800,347458940400,6074457,KSQ,ME006
064260,KR7064260003,다날,KOSDAQ,중견기업부,4570,1,100,2.24,4475,4585,4415,783146,3552822897,344186829350,75645457,KSQ,ME006
117730,KR7117730002,티로보틱스,KOSDAQ,벤처기업부,15070,1,40,0.27,14820,15220,14760,137787,2074437225,339498547150,22558043,KSQ,ME006
482630,KR7482630001,삼양엔씨켐,KOSDAQ,중견기업부,15740,1,410,2.67,15470,16220,15260,480096,7558505265,338611691600,21888280,KSQ,ME006
386380,KR7386380000,스카이랩스,KOSDAQ,기술성장기업부,18140,2,-560,-2.99,18280,18870,18020,642263,11781759155,338090825540,18761977,KSQ,ME006
036620,KR7036620003,감성코퍼레이션,KOSDAQ,우량기업부,3725,2,-35,-0.93,3760,3780,3690,155161,576931255,334739466400,89862944,KSQ,ME006
488900,KR7488900002,비츠로넥스텍,KOSDAQ,기술성장기업부,11520,1,620,5.69,10750,11720,10500,246823,2804472630,334388152220,28976443,KSQ,ME006
121440,KR7121440002,골프존홀딩스,KOSDAQ,우량기업부,7670,1,10,0.13,7700,7910,7680,16613,128926330,334127180400,42836818,KSQ,ME006
455900,KR7455900001,엔젤로보틱스,KOSDAQ,기술성장기업부,21850,1,250,1.16,21750,22000,21350,28920,630212125,334027687700,15392981,KSQ,ME006
061970,KR7061970000,LB세미콘,KOSDAQ,중견기업부,4780,2,-65,-1.34,4865,4905,4650,368259,1759281845,332894278500,70083006,KSQ,ME006
036200,KR7036200004,유니셈,KOSDAQ,우량기업부,10910,1,130,1.21,10650,11070,10640,378189,4113772780,332400177320,30664223,KSQ,ME006
018000,KR7018000000,유니슨,KOSDAQ,중견기업부,1139,1,18,1.61,1126,1147,1110,749257,842885038,331904031549,291912077,KSQ,ME006
234340,KR7234340008,헥토파이낸셜,KOSDAQ,우량기업부,23900,1,700,3.02,23200,24100,23000,411917,9760794675,331803080000,13970656,KSQ,ME006
047920,KR7047920004,HLB제약,KOSDAQ,기술성장기업부,9970,2,-1180,-10.58,10240,10520,10000,1457373,14850821640,328321553560,32799356,KSQ,ME006
215600,KR7215600008,신라젠,KOSDAQ,중견기업부,2360,2,-20,-0.84,2380,2390,2350,350341,830126264,326986411040,138553564,KSQ,ME006
425040,KR7425040003,티이엠씨,KOSDAQ,우량기업부,14880,2,-20,-0.13,15010,15200,14690,766674,11439870840,326431951220,21922898,KSQ,ME006
017890,KR7017890005,한국알콜,KOSDAQ,우량기업부,15770,2,-280,-1.74,16050,16140,15680,90574,1431481620,326021189620,20673506,KSQ,ME006
0035S0,KR70035S0001,빅웨이브로보틱스,KOSDAQ,기술성장기업부,31600,2,-50,-0.16,31350,35200,30650,6031538,198631160425,325572028700,10270411,KSQ,ME006
900290,HK0000307485,GRT,KOSDAQ,외국기업(소속부없음),3485,2,-150,-4.13,3635,3720,3430,354565,1247474359,321384588525,92751685,KSQ,ME006
086390,KR7086390002,유니테스트,KOSDAQ,중견기업부,15250,1,330,2.21,15150,15680,14850,292318,4479066325,321238715200,21134126,KSQ,ME006
446540,KR7446540007,메가터치,KOSDAQ,중견기업부,10870,2,-250,-2.25,11120,11250,10610,508599,5523256670,316089936570,29079111,KSQ,ME006
424870,KR7424870004,이뮨온시아,KOSDAQ,기술성장기업부,3440,1,25,0.73,3560,3615,3430,1163896,4076818146,314880816705,91402269,KSQ,ME006
452430,KR7452430002,사피엔반도체,KOSDAQ,기술성장기업부,37850,2,-1350,-3.44,38800,39300,36300,99993,3735912725,312054913800,8255421,KSQ,ME006
160980,KR7160980009,싸이맥스,KOSDAQ,우량기업부,28650,2,-750,-2.55,29400,29600,28200,124453,3583135425,311887137650,10924243,KSQ,ME006
484590,KR7484590005,삼양컴텍,KOSDAQ,벤처기업부,7550,1,300,4.14,7250,7600,7220,291839,2177988030,311138897500,41210450,KSQ,ME006
199800,KR7199800004,툴젠,KOSDAQ,기술성장기업부,34500,2,-1800,-4.96,35800,35900,34200,34640,1195201850,310868081950,8997629,KSQ,ME006
206650,KR7206650004,유바이오로직스,KOSDAQ,우량기업부,8510,2,-120,-1.39,8620,8680,8440,80631,690170835,310556994150,36752307,KSQ,ME006
265520,KR7265520007,AP시스템,KOSDAQ,우량기업부,20550,2,-50,-0.24,20600,21200,20400,58378,1210980350,310046912600,15050821,KSQ,ME006
266690,KR7266690007,덕산넵코어스,KOSDAQ,기술성장기업부,16340,2,-280,-1.68,16900,17800,16000,6914005,117830432650,309481901820,18893889,KSQ,ME006
228760,KR7228760005,지노믹트리,KOSDAQ,기술성장기업부,12200,2,-530,-4.16,12560,12740,12060,53544,657424090,303282264400,24859202,KSQ,ME006
042520,KR7042520007,한스바이오메드,KOSDAQ,벤처기업부,21500,2,-1050,-4.66,22700,22700,21000,77010,1664507350,303054048750,14261367,KSQ,ME006
486510,KR7486510001,글로벌테크놀로지,KOSDAQ,기술성장기업부,15170,2,-1560,-9.32,16390,17210,15340,3655772,59673923750,301568310400,19646144,KSQ,ME006
091580,KR7091580001,상신이디피,KOSDAQ,우량기업부,22300,1,450,2.06,21600,22750,21600,212542,4744969500,297219283700,13328219,KSQ,ME006
042370,KR7042370007,비츠로테크,KOSDAQ,우량기업부,11320,1,320,2.91,11000,11400,10920,1162357,13061739200,297108283500,26200025,KSQ,ME006
054950,KR7054950001,제이브이엠,KOSDAQ,우량기업부,24300,1,450,1.89,24450,24500,24050,15657,380118475,295597859400,12089892,KSQ,ME006
389500,KR7389500000,에스비비테크,KOSDAQ,기술성장기업부,44400,1,2200,5.21,42150,45000,41200,106516,4670146675,295524983200,6663472,KSQ,ME006
101930,KR7101930006,인화정공,KOSDAQ,우량기업부,6460,1,290,4.7,7000,7000,6440,140788,928284895,295187574660,45694671,KSQ,ME006
049070,KR7049070006,인탑스,KOSDAQ,우량기업부,18750,1,200,1.08,18580,18980,18480,67266,1265994040,295168125000,15742300,KSQ,ME006
025770,KR7025770009,한국정보통신,KOSDAQ,우량기업부,7820,1,60,0.77,7720,7860,7720,14905,115900910,293188641930,37444271,KSQ,ME006
035810,KR7035810001,이지홀딩스,KOSDAQ,우량기업부,4550,1,85,1.9,4450,4545,4445,78061,352161491,292903479900,64516185,KSQ,ME006
203650,KR7203650007,드림시큐리티,KOSDAQ,중견기업부,2885,1,165,6.07,2775,2885,2745,3782721,10690429288,289349256980,101704484,KSQ,ME006
200670,KR7200670008,휴메딕스,KOSDAQ,우량기업부,25800,1,150,0.58,25800,26200,25600,22807,588030875,288609201000,11229930,KSQ,ME006
092460,KR7092460005,한라IMS,KOSDAQ,우량기업부,16850,1,60,0.36,16760,16940,16600,9217,154110130,287955914400,17109680,KSQ,ME006
314130,KR7314130006,지놈앤컴퍼니,KOSDAQ,기술성장기업부,5510,1,120,2.23,5390,5620,5240,557247,3030717985,287646837500,52299425,KSQ,ME006
071200,KR7071200000,인피니트헬스케어,KOSDAQ,중견기업부,11720,1,80,0.69,11640,11890,11500,21060,246607740,285926487760,24396458,KSQ,ME006
084110,KR7084110006,휴온스글로벌,KOSDAQ,우량기업부,22850,2,-100,-0.44,22850,23100,22400,14749,334627275,285478760600,12659812,KSQ,ME006
136480,KR7136480001,하림,KOSDAQ,우량기업부,2670,1,25,0.95,2660,2675,2645,129888,346152340,283579904340,106209702,KSQ,ME006
352480,KR7352480008,씨앤씨인터내셔널,KOSDAQ,우량기업부,20500,2,-800,-3.76,21500,21500,20600,10764,223491375,281457455650,13629901,KSQ,ME006
024840,KR7024840001,KBI메탈,KOSDAQ,중견기업부,6450,1,80,1.26,6390,6570,6320,1745345,11224230345,279488739810,43466367,KSQ,ME006
354320,KR7354320004,알멕,KOSDAQ,기술성장기업부,43800,1,1500,3.55,42250,44250,41600,180447,7819142875,279303349700,6391381,KSQ,ME006
394280,KR7394280002,오픈엣지테크놀로지,KOSDAQ,기술성장기업부,10560,1,140,1.34,10490,10980,10230,246884,2596602065,279009752700,26346530,KSQ,ME006
378340,KR7378340004,필에너지,KOSDAQ,중견기업부,12870,1,410,3.29,12740,13090,12520,62192,800177680,278123883700,21643882,KSQ,ME006
448280,KR7448280008,에코아이,KOSDAQ,중견기업부,9420,1,130,1.4,9450,9480,9220,8782,81783580,277939990020,29631129,KSQ,ME006
012210,KR7012210001,삼미금속,KOSDAQ,중견기업부,11960,1,60,0.5,11850,12300,11520,1055783,12649483380,276157916420,23051579,KSQ,ME006
452280,KR7452280001,한선엔지니어링,KOSDAQ,우량기업부,14360,1,360,2.57,14000,14540,13670,1081409,15296444385,275626634400,19247670,KSQ,ME006
060720,KR7060720000,KH바텍,KOSDAQ,중견기업부,11560,1,460,4.14,11290,11790,11160,196385,2263745735,274421552780,23677442,KSQ,ME006
094360,KR7094360005,칩스앤미디어,KOSDAQ,벤처기업부,12840,1,60,0.47,12850,13020,12600,104438,1340093385,274415270900,21355274,KSQ,ME006
294570,KR7294570007,쿠콘,KOSDAQ,우량기업부,27450,1,450,1.67,26950,27450,26700,76876,2086511950,272981350600,10091732,KSQ,ME006
287840,KR7287840003,인투셀,KOSDAQ,기술성장기업부,18160,2,-160,-0.87,18560,18590,17780,20637,373400610,271146378000,15021960,KSQ,ME006
254490,KR7254490006,미래반도체,KOSDAQ,우량기업부,18860,1,380,2.06,18490,19280,18350,165434,3112296045,270856880000,14438000,KSQ,ME006
099440,KR7099440000,스맥,KOSDAQ,중견기업부,3945,1,105,2.73,3850,3985,3835,142760,560071797,268878972360,68243394,KSQ,ME006
035600,KR7035600006,KG이니시스,KOSDAQ,우량기업부,9790,1,60,0.62,9800,9820,9740,14364,140414760,268655731500,27554434,KSQ,ME006
073490,KR7073490005,LIG아큐버,KOSDAQ,우량기업부,35200,1,1300,3.83,34000,35850,33900,140277,4920270575,267655379200,7603846,KSQ,ME006
472850,KR7472850007,폰드그룹,KOSDAQ,중견기업부,4645,2,-140,-2.93,4790,4830,4595,42056,195536990,266268890500,57571652,KSQ,ME006
317330,KR7317330009,덕산테코피아,KOSDAQ,중견기업부,12990,1,130,1.01,13270,13540,12740,143973,1884907580,264966996960,20476584,KSQ,ME006
043150,KR7043150002,바텍,KOSDAQ,우량기업부,17880,1,30,0.17,17960,17980,17760,15223,271500710,264108671680,14854256,KSQ,ME006
089980,KR7089980007,상아프론테크,KOSDAQ,우량기업부,16510,1,240,1.48,16380,16640,16230,32116,527365100,263979000870,15989037,KSQ,ME006
267980,KR7267980001,매일유업,KOSDAQ,우량기업부,34000,1,800,2.41,33400,34450,32850,13582,460709700,263245965300,7663638,KSQ,ME006
389650,KR7389650003,넥스트바이오메디컬,KOSDAQ,기술성장기업부,31750,2,-1450,-4.37,33100,33400,31600,21388,687019600,262803830500,8277286,KSQ,ME006
036710,KR7036710002,심텍홀딩스,KOSDAQ,중견기업부,4990,1,125,2.57,4800,5080,4720,585489,2909443148,262025659840,52827754,KSQ,ME006
098070,KR7098070006,한텍,KOSDAQ,중견기업부,23500,2,-200,-0.84,23700,23750,23200,38140,894604250,261346813500,11121141,KSQ,ME006
304360,KR7304360001,에스바이오메딕스,KOSDAQ,벤처기업부,21150,2,-450,-2.08,21600,21900,20850,15747,332879825,260855575200,12481128,KSQ,ME006
091700,KR7091700005,파트론,KOSDAQ,우량기업부,5240,1,30,0.58,5180,5290,5180,127787,669295995,260500000000,50000000,KSQ,ME006
051500,KR7051500007,CJ프레시웨이,KOSDAQ,우량기업부,21700,1,150,0.7,21550,21950,21450,3092,66976550,258800574800,11871586,KSQ,ME006
100120,KR7100120005,뷰웍스,KOSDAQ,우량기업부,28650,1,650,2.32,28000,28900,27850,17830,509368725,257928066250,8971411,KSQ,ME006
439960,KR7439960006,코스모로보틱스,KOSDAQ,기술성장기업부,7830,2,-820,-9.48,8700,8880,7850,6126898,50982406570,257333464180,32450626,KSQ,ME006
068930,KR7068930007,디지털대성,KOSDAQ,우량기업부,9330,2,-50,-0.53,9380,9430,9090,59253,548592900,256550420340,27675342,KSQ,ME006
272110,KR7272110008,케이엔제이,KOSDAQ,우량기업부,32350,2,-200,-0.61,32400,32850,31750,94752,3039957450,255608830750,8025395,KSQ,ME006
112290,KR7112290002,와이씨켐,KOSDAQ,기술성장기업부,12540,2,-340,-2.64,12830,13110,12320,345696,4396389625,255392366700,20221090,KSQ,ME006
151860,KR7151860004,KG에코솔루션,KOSDAQ,우량기업부,5400,1,110,2.08,5310,5520,5280,194539,1054263445,254676060700,47603002,KSQ,ME006
493280,KR7493280002,아이엠바이오로직스,KOSDAQ,기술성장기업부,17350,2,-650,-3.61,17990,18150,16880,105673,1833027350,254459771540,14845961,KSQ,ME006
0011T0,KR70011T0008,채비,KOSDAQ,기술성장기업부,5440,1,50,0.93,5310,5530,5280,114274,618056475,253527791400,46949591,KSQ,ME006
023410,KR7023410004,유진기업,KOSDAQ,중견기업부,3285,1,25,0.77,3240,3320,3240,208023,681797446,253193076325,77310863,KSQ,ME006
484120,KR7484120001,도우인시스,KOSDAQ,중견기업부,23200,2,-1250,-5.11,24950,24950,22150,49114,1133113200,252020706000,10957422,KSQ,ME006
036890,KR7036890002,진성티이씨,KOSDAQ,우량기업부,11410,2,-70,-0.61,11460,11470,11320,40503,461233790,251171902200,22032623,KSQ,ME006
377450,KR7377450002,리파인,KOSDAQ,우량기업부,14470,1,360,2.55,14380,14570,14010,15421,218679545,250938400000,17330000,KSQ,ME006
376270,KR7376270005,HEM파마,KOSDAQ,기술성장기업부,34950,1,2000,6.07,33200,35350,32800,15650,534178650,250865358250,7219147,KSQ,ME006
439090,KR7439090002,마녀공장,KOSDAQ,우량기업부,15710,1,590,3.9,15140,15210,15050,246936,3848419740,247866091200,16393260,KSQ,ME006
011560,KR7011560000,세보엠이씨,KOSDAQ,우량기업부,24550,2,-1400,-5.39,25800,25850,24300,106611,2656352450,246070876800,10084872,KSQ,ME006
032580,KR7032580003,피델릭스,KOSDAQ,중견기업부,7550,2,-80,-1.05,7810,7980,7380,831600,6379612520,245839914880,33132064,KSQ,ME006
445090,KR7445090004,에이직랜드,KOSDAQ,벤처기업부,22650,2,-50,-0.22,22800,23300,22300,28525,648714350,245827305000,10925658,KSQ,ME006
461300,KR7461300006,아이스크림미디어,KOSDAQ,벤처기업부,18460,1,280,1.54,18320,18470,18170,13166,241265200,245744385190,13333933,KSQ,ME006
036030,KR7036030005,케이티알파,KOSDAQ,우량기업부,4995,1,5,0.1,4995,5030,4975,25364,127135345,245095705000,49019141,KSQ,ME006
064820,KR7064820004,케이프,KOSDAQ,우량기업부,7950,1,70,0.89,7910,8020,7840,19910,158020770,245030107100,30860215,KSQ,ME006
108860,KR7108860008,셀바스AI,KOSDAQ,벤처기업부,8980,1,10,0.11,8940,9050,8880,110482,991371335,241156518400,26914790,KSQ,ME006
064850,KR7064850001,에프앤가이드,KOSDAQ,벤처기업부,21150,1,50,0.24,21150,21850,21000,24156,514108625,240187488600,11410332,KSQ,ME006
450950,KR7450950001,아스테라시스,KOSDAQ,벤처기업부,6350,1,130,2.09,6350,6450,6130,97982,619552230,239687761040,37627592,KSQ,ME006
389260,KR7389260001,대명에너지,KOSDAQ,우량기업부,13350,1,110,0.83,13090,13550,13090,90936,1215944825,239541265250,17916325,KSQ,ME006
067390,KR7067390005,아스트,KOSDAQ,중견기업부,5740,2,-80,-1.37,5800,5850,5650,52293,299007410,238796342190,42115757,KSQ,ME006
043370,KR7043370006,피에이치에이,KOSDAQ,우량기업부,11350,2,-50,-0.44,11450,11450,11230,25331,286203980,238140000000,21000000,KSQ,ME006
416180,KR7416180008,신성에스티,KOSDAQ,벤처기업부,26350,1,450,1.74,25950,26900,25800,29834,790387325,237746161400,9039778,KSQ,ME006
085910,KR7085910008,네오티스,KOSDAQ,중견기업부,17160,1,40,0.23,17140,17290,16610,104993,1771922360,236719076880,13794818,KSQ,ME006
298830,KR7298830001,슈어소프트테크,KOSDAQ,우량기업부,4395,1,150,3.53,4250,4440,4235,255112,1117154120,234682810610,53458499,KSQ,ME006
115450,KR7115450009,HLB테라퓨틱스,KOSDAQ,중견기업부,2465,1,10,0.41,2450,2490,2330,497249,1197586877,233867736180,94683294,KSQ,ME006
114190,KR7114190002,강원에너지,KOSDAQ,중견기업부,8950,1,230,2.64,8740,9070,8690,166470,1485847205,233801190100,26123038,KSQ,ME006
243070,KR7243070000,휴온스,KOSDAQ,우량기업부,19390,1,90,0.47,19380,19590,19270,12278,237984095,233363874200,11979665,KSQ,ME006
099430,KR7099430001,바이오플러스,KOSDAQ,우량기업부,3800,1,65,1.74,3750,3900,3670,303847,1146785306,233310132770,61640722,KSQ,ME006
180400,KR7180400004,DXVX,KOSDAQ,관리종목(소속부없음),2365,1,25,1.07,2325,2425,2285,32085,75168940,232785606680,98429432,KSQ,ME006
094480,KR7094480001,갤럭시아머니트리,KOSDAQ,우량기업부,5930,1,20,0.34,5910,6050,5870,251280,1496274430,232240640960,39229838,KSQ,ME006
200130,KR7200130003,콜마비앤에이치,KOSDAQ GLOBAL,우량기업부,8090,1,140,1.76,7990,8330,7950,77713,633579885,231355486320,28775558,KSQ,ME006
144510,KR7144510005,지씨셀,KOSDAQ,중견기업부,14520,2,-210,-1.43,14590,14810,14350,29525,429500250,230369015520,15800344,KSQ,ME006
083310,KR7083310003,엘오티베큠,KOSDAQ,우량기업부,12900,1,920,7.68,12190,13130,11930,314673,4012197920,229749425700,17810033,KSQ,ME006
065680,KR7065680001,우주일렉트로,KOSDAQ,우량기업부,25200,2,-500,-1.95,25500,25900,25100,6243,158450100,228723916300,9040471,KSQ,ME006
061090,KR7061090007,세나테크놀로지,KOSDAQ,벤처기업부,41600,1,1150,2.84,41000,41900,40750,27714,1146216925,228270212500,5467550,KSQ,ME006
365270,KR7365270008,큐라클,KOSDAQ,기술성장기업부,10250,2,-130,-1.25,10460,10460,10020,41725,425551315,226001318400,22156992,KSQ,ME006
475400,KR7475400008,씨메스로보틱스,KOSDAQ,기술성장기업부,19170,1,240,1.27,18660,19580,18660,63088,1209907310,225865882220,11806894,KSQ,ME006
241520,KR7241520006,DSC인베스트먼트,KOSDAQ,중견기업부,8520,1,40,0.47,8530,8620,8390,113806,967787160,225568000000,26600000,KSQ,ME006
243840,KR7243840006,신흥에스이씨,KOSDAQ,우량기업부,5860,1,240,4.27,5720,5980,5600,251253,1467704750,225565674750,38558235,KSQ,ME006
190510,KR7190510008,나무가,KOSDAQ,우량기업부,15990,1,150,0.95,15810,16350,15810,67902,1091886490,224801659320,14085317,KSQ,ME006
0008Z0,KR70008Z0005,에스엔시스,KOSDAQ,벤처기업부,23850,1,400,1.71,23800,23950,23400,9562,226552350,224118395000,9436564,KSQ,ME006
215000,KR7215000001,골프존,KOSDAQ,우량기업부,35800,1,150,0.42,36350,36350,35450,4938,176083700,224032315500,6275415,KSQ,ME006
216080,KR7216080002,제테마,KOSDAQ,벤처기업부,6000,1,20,0.33,5920,6330,5920,97386,590707280,223722594000,37287099,KSQ,ME006
065710,KR7065710006,서호전기,KOSDAQ,우량기업부,43350,2,-100,-0.23,44100,44100,43300,4324,188191350,223252500000,5150000,KSQ,ME006
018310,KR7018310003,삼목에스폼,KOSDAQ,우량기업부,14810,2,-380,-2.5,15190,15240,14890,8995,135072170,222558000000,14700000,KSQ,ME006
023760,KR7023760002,한국캐피탈,KOSDAQ,우량기업부,1412,1,10,0.71,1402,1415,1399,44958,63305985,222346946292,157804788,KSQ,ME006
064550,KR7064550007,바이오니아,KOSDAQ,중견기업부,8570,1,50,0.59,8500,8640,8430,97622,835577670,221194193870,25810291,KSQ,ME006
095500,KR7095500005,미래나노텍,KOSDAQ,우량기업부,7140,1,310,4.54,6810,7150,6810,196871,1382759500,220481092890,31009999,KSQ,ME006
045390,KR7045390002,대아티아이,KOSDAQ,우량기업부,3105,1,70,2.31,3035,3115,3025,443570,1361900832,219524569355,70473377,KSQ,ME006
078150,KR7078150000,HB테크놀러지,KOSDAQ,우량기업부,2305,1,5,0.22,2330,2415,2280,2065765,4831653150,219269353380,94921798,KSQ,ME006
462350,KR7462350000,이노스페이스,KOSDAQ,기술성장기업부,6430,1,230,3.71,6190,6670,6100,303572,1931842935,219213770840,33881572,KSQ,ME006
293780,KR7293780003,압타바이오,KOSDAQ,기술성장기업부,7850,1,160,2.08,7610,7970,7610,103049,808338975,219128559000,28093405,KSQ,ME006
382900,KR7382900009,범한퓨얼셀,KOSDAQ,벤처기업부,25100,2,-350,-1.38,24700,25150,24600,69455,1728859350,218586950000,8761000,KSQ,ME006
125020,KR7125020008,티씨머티리얼즈,KOSDAQ,중견기업부,6230,1,200,3.32,6130,6240,6040,586416,3614613800,217589395500,35038550,KSQ,ME006
0001A0,KR70001A0001,덕양에너젠,KOSDAQ,중견기업부,8540,1,60,0.71,8480,8620,8440,41604,355016605,216740866620,25468962,KSQ,ME006
237880,KR7237880000,클리오,KOSDAQ,우량기업부,11990,2,-120,-0.99,12140,12270,11930,19429,233685280,216494808940,18071353,KSQ,ME006
067080,KR7067080002,대화제약,KOSDAQ,중견기업부,11590,2,-10,-0.09,11550,11690,11500,31154,361309005,216139306500,18616650,KSQ,ME006
256840,KR7256840000,한국비엔씨,KOSDAQ,우량기업부,3145,2,-130,-3.97,3260,3275,3140,1889683,6015392742,215785865330,68394886,KSQ,ME006
005160,KR7005160007,동국산업,KOSDAQ,중견기업부,3975,1,635,19.01,3365,4250,3260,7426461,29315745030,215350593540,54244482,KSQ,ME006
019010,KR7019010008,베뉴지,KOSDAQ,중견기업부,4425,1,5,0.11,4415,4485,4400,40278,178895517,214008000000,48200000,KSQ,ME006
206640,KR7206640005,바디텍메드,KOSDAQ,우량기업부,9750,1,50,0.52,9620,9770,9620,16226,157260180,213602229750,21907921,KSQ,ME006
307180,KR7307180000,아이엘,KOSDAQ,벤처기업부,5770,2,-130,-2.2,5840,5910,5700,171409,991697215,213372607280,36915676,KSQ,ME006
217730,KR7217730001,강스템바이오텍,KOSDAQ,기술성장기업부,2280,1,5,0.22,2275,2345,2235,287506,656534587,210681293760,94054149,KSQ,ME006
340450,KR7340450006,지씨지놈,KOSDAQ,기술성장기업부,8890,2,-380,-4.1,9270,9320,8590,576550,5145340930,210019041840,23650793,KSQ,ME006
005710,KR7005710009,대원산업,KOSDAQ,우량기업부,10470,2,-30,-0.29,10400,10530,10360,8172,85300930,209994048000,20037600,KSQ,ME006
462860,KR7462860008,더즌,KOSDAQ,벤처기업부,2950,1,50,1.72,2895,2985,2885,958387,2818336627,209921701275,71768103,KSQ,ME006
053030,KR7053030003,바이넥스,KOSDAQ,중견기업부,6480,2,-10,-0.15,6530,6590,6400,42799,277225080,209505645080,32684188,KSQ,ME006
014940,KR7014940001,오리엔탈정공,KOSDAQ,우량기업부,4570,1,70,1.56,4490,4630,4490,102330,468029463,209183103990,45573661,KSQ,ME006
126730,KR7126730001,코칩,KOSDAQ,벤처기업부,23850,2,-200,-0.83,24350,24450,23550,180324,4326555175,208728998800,8770126,KSQ,ME006
058970,KR7058970005,엠로,KOSDAQ,기술성장기업부,16820,1,20,0.12,16810,17060,16650,14428,242969960,208313078900,12362794,KSQ,ME006
950170,KR8392080006,JTC,KOSDAQ,외국기업(소속부없음),4270,1,55,1.3,4330,4330,4215,3695,15757120,208017335475,48773115,KSQ,ME006
176750,KR7176750008,듀켐바이오,KOSDAQ,기술성장기업부,7260,1,290,4.16,7440,7440,7220,151068,1105971355,207682768800,28488720,KSQ,ME006
053300,KR7053300000,한국정보인증,KOSDAQ,우량기업부,5220,1,60,1.16,5130,5215,5090,196039,1012256025,205343107740,39565146,KSQ,ME006
036190,KR7036190007,금화피에스시,KOSDAQ,우량기업부,34000,2,-300,-0.87,33950,34450,33950,2446,83320200,204000000000,6000000,KSQ,ME006
459510,KR7459510004,나우로보틱스,KOSDAQ,기술성장기업부,15790,1,170,1.09,15600,15830,15500,33383,523583120,203890381220,12978382,KSQ,ME006
405100,KR7405100009,큐알티,KOSDAQ,중견기업부,16470,2,-50,-0.3,16490,17160,16060,82093,1369536575,203756610580,12289301,KSQ,ME006
382800,KR7382800001,지앤비에스 에코,KOSDAQ,우량기업부,6480,1,320,5.19,6300,6650,6240,2171685,14029177840,203718662400,31831041,KSQ,ME006
481070,KR7481070001,에이유브랜즈,KOSDAQ,중견기업부,14220,2,-170,-1.18,14350,14570,13900,7740,109295050,203506706000,14361800,KSQ,ME006
314930,KR7314930009,바이오다인,KOSDAQ,기술성장기업부,6840,2,-70,-1.01,6900,7050,6770,12709,87623710,203288823490,29764103,KSQ,ME006
0161M0,KR70161M0003,네오사피엔스,KOSDAQ,기술성장기업부,16610,2,-440,-2.58,17050,18400,16600,1697422,29825703305,203149502350,12215845,KSQ,ME006
478340,KR7478340003,나라스페이스테크놀로지,KOSDAQ,기술성장기업부,17450,1,3290,23.23,14360,18260,14120,9262657,153891723680,202137325150,11610415,KSQ,ME006
353810,KR7353810005,이지바이오,KOSDAQ,우량기업부,6080,2,-10,-0.16,6100,6170,6010,53552,324153875,201468892800,33081920,KSQ,ME006
126600,KR7126600006,BGF에코머티리얼즈,KOSDAQ,우량기업부,3205,1,50,1.58,3150,3240,3125,61088,195841275,200854076800,62766899,KSQ,ME006
199430,KR7199430000,케이엔알시스템,KOSDAQ,기술성장기업부,17960,1,160,0.9,17740,18050,17550,73208,1306767390,200539040130,11197043,KSQ,ME006
049430,KR7049430002,코메론,KOSDAQ,우량기업부,22000,2,-600,-2.65,22600,22800,21800,52351,1167815300,200413200000,9048000,KSQ,ME006
234690,KR7234690006,녹십자웰빙,KOSDAQ,우량기업부,10970,2,-210,-1.88,11200,11370,10670,420522,4650826420,197057291300,17963290,KSQ,ME006
304100,KR7304100001,솔트룩스,KOSDAQ,기술성장기업부,15420,1,170,1.11,15240,15650,15220,72530,1120280245,194700998300,12593855,KSQ,ME006
452450,KR7452450000,피아이이,KOSDAQ,벤처기업부,5350,1,130,2.49,5230,5430,5210,177201,942237565,193473045000,36028500,KSQ,ME006
0015G0,KR70015G0009,그린광학,KOSDAQ,기술성장기업부,16560,1,1280,8.38,15420,16670,14980,190932,3080869585,193325977320,11702541,KSQ,ME006
119610,KR7119610004,인터로조,KOSDAQ,우량기업부,17040,1,1480,9.51,15630,17260,15540,162605,2742345020,192778186830,11413747,KSQ,ME006
013120,KR7013120001,동원개발,KOSDAQ,우량기업부,2125,1,10,0.47,2140,2140,2070,74827,156740630,192513172000,90808100,KSQ,ME006
394800,KR7394800007,쓰리빌리언,KOSDAQ,기술성장기업부,6030,2,-460,-7.09,6360,6440,5910,1380222,8409924880,192208220120,31822553,KSQ,ME006
230240,KR7230240004,에치에프알,KOSDAQ,중견기업부,14510,1,680,4.92,14000,14830,14000,307899,4446918960,191117240000,13309000,KSQ,ME006
388050,KR7388050007,지투파워,KOSDAQ,우량기업부,10180,1,170,1.7,10010,10190,9900,310623,3123473505,189900785550,18709437,KSQ,ME006
484810,KR7484810007,티엑스알로보틱스,KOSDAQ,벤처기업부,12300,1,190,1.57,12010,12340,11970,78821,965066515,189891745350,15450915,KSQ,ME006
194700,KR7194700001,노바렉스,KOSDAQ,우량기업부,10380,1,150,1.47,10300,10490,10200,46977,486452340,189485322240,18254848,KSQ,ME006
464080,KR7464080001,에스오에스랩,KOSDAQ,기술성장기업부,10580,1,150,1.44,10430,10700,10330,108728,1144110140,189322610190,18013569,KSQ,ME006
102940,KR7102940004,코오롱생명과학,KOSDAQ,중견기업부,14580,2,-220,-1.49,14750,14820,14370,61942,899990780,189028307320,13090603,KSQ,ME006
036560,KR7036560001,KZ정밀,KOSDAQ,우량기업부,12050,1,20,0.17,12000,12040,11940,4075,48869800,189000000000,15750000,KSQ,ME006
041920,KR7041920000,메디아나,KOSDAQ,우량기업부,10100,2,-30,-0.3,10080,10290,10000,67174,677733145,188957945680,18598223,KSQ,ME006
163730,KR7163730005,핑거,KOSDAQ,벤처기업부,14840,1,340,2.34,14500,15020,13500,172655,2530929315,188677297260,12765717,KSQ,ME006
308430,KR7308430008,셀비온,KOSDAQ,기술성장기업부,14600,1,290,2.03,14600,14960,14380,28727,421178290,188674769620,12905251,KSQ,ME006
086670,KR7086670007,비엠티,KOSDAQ,우량기업부,19200,1,150,0.79,19220,19390,18680,32186,609629030,187996261900,9925885,KSQ,ME006
034810,KR7034810002,해성산업,KOSDAQ,중견기업부,5950,2,-10,-0.17,5960,5960,5900,9657,57243720,187901904400,31580152,KSQ,ME006
143240,KR7143240000,사람인,KOSDAQ,우량기업부,17400,1,170,0.99,17400,17700,17250,9524,166310390,187393483260,10732731,KSQ,ME006
084850,KR7084850007,아이티엠반도체,KOSDAQ,중견기업부,8130,2,-10,-0.12,8140,8240,8100,8806,71837510,186453717480,22682934,KSQ,ME006
274090,KR7274090000,켄코아에어로스페이스,KOSDAQ,기술성장기업부,13400,1,790,6.26,12590,14600,12470,4737458,65091011415,185676310360,13774207,KSQ,ME006
083930,KR7083930008,아바코,KOSDAQ,우량기업부,12670,1,90,0.72,12610,12710,12370,38594,486239865,185667199850,14677249,KSQ,ME006
220100,KR7220100002,퓨쳐켐,KOSDAQ,기술성장기업부,7170,1,100,1.41,7170,7300,7040,64640,462630300,185626027500,25817250,KSQ,ME006
066620,KR7066620006,국보디자인,KOSDAQ,우량기업부,24650,2,-100,-0.4,25100,25100,24300,2631,64868050,185625000000,7500000,KSQ,ME006
036170,KR7036170009,에이치엠넥스,KOSDAQ,중견기업부,3020,1,155,5.41,2870,3115,2870,331676,996824773,185324190520,61365626,KSQ,ME006
263860,KR7263860009,지니언스,KOSDAQ,벤처기업부,21100,1,1630,8.37,19650,20600,19410,196853,4003449705,185223840000,9079600,KSQ,ME006
052330,KR7052330008,코텍,KOSDAQ,우량기업부,10490,1,60,0.58,10400,10520,10350,5765,59881330,184898141490,17761589,KSQ,ME006
419530,KR7419530001,SAMG엔터,KOSDAQ,기술성장기업부,17900,2,-390,-2.13,18380,18390,17810,31426,565081935,184038286110,10207337,KSQ,ME006
024060,KR7024060006,흥구석유,KOSDAQ,중견기업부,12130,1,150,1.25,12270,12440,12150,1014288,12443558030,183750000000,15000000,KSQ,ME006
192440,KR7192440006,슈피겐코리아,KOSDAQ,우량기업부,29500,3,0,0.0,29500,29700,29200,1143,33654150,183382708500,6216363,KSQ,ME006
046120,KR7046120002,오르비텍,KOSDAQ,중견기업부,5420,1,40,0.74,5380,5470,5300,379908,2047605830,182819338200,33855433,KSQ,ME006
094820,KR7094820008,일진파워,KOSDAQ,우량기업부,12230,1,240,2.0,11980,12360,11960,78030,947264470,182452378900,15078709,KSQ,ME006
355150,KR7355150004,코스텍시스,KOSDAQ,벤처기업부,23800,1,950,4.16,22850,24150,22550,190211,4492004925,181678255000,7797350,KSQ,ME006
138610,KR7138610001,나이벡,KOSDAQ,기술성장기업부,16030,2,-280,-1.72,16280,16450,15840,30275,487401800,181657332140,11367793,KSQ,ME006
042420,KR7042420000,네오위즈홀딩스,KOSDAQ,우량기업부,22350,2,-400,-1.76,22750,23000,22150,8616,193524050,181572910900,8142283,KSQ,ME006
214180,KR7214180002,헥토이노베이션,KOSDAQ,우량기업부,14050,1,290,2.11,13740,13980,13590,16567,229756185,181257469650,12993367,KSQ,ME006
318060,KR7318060001,그래피,KOSDAQ,기술성장기업부,16230,2,-50,-0.31,16390,16600,15820,86670,1401117905,181013076090,11194377,KSQ,ME006
088800,KR7088800008,에이스테크,KOSDAQ,중견기업부,2385,1,200,9.15,2235,2655,2185,3536963,8701570248,180837909430,75506434,KSQ,ME006
082800,KR7082800004,비보존 제약,KOSDAQ,중견기업부,2960,1,5,0.17,2960,3065,2935,107636,319948070,179730211360,60719666,KSQ,ME006
0010S0,KR70010S0000,와이즈플래닛컴퍼니,KOSDAQ,중견기업부,17750,2,-1270,-6.68,18510,19925,17780,667157,12543901800,179659137900,10020030,KSQ,ME006
264850,KR7264850009,이랜시스,KOSDAQ,중견기업부,5940,1,160,2.77,5780,5940,5730,383623,2256214190,179647049160,30294612,KSQ,ME006
108380,KR7108380007,대양전기공업,KOSDAQ,우량기업부,18790,1,150,0.8,18460,18750,18460,8252,154291320,179387493750,9567333,KSQ,ME006
012860,KR7012860003,모베이스전자,KOSDAQ,우량기업부,2485,1,120,5.07,2375,2540,2360,942717,2324197006,179055802365,73233457,KSQ,ME006
068790,KR7068790005,DMS,KOSDAQ,우량기업부,8070,2,-30,-0.37,8100,8240,7950,34717,278548590,178804039440,22184124,KSQ,ME006
187870,KR7187870001,디바이스,KOSDAQ,우량기업부,12890,2,-320,-2.42,13310,13610,12650,132375,1741352710,178413875640,13862772,KSQ,ME006
357550,KR7357550003,석경에이티,KOSDAQ,기술성장기업부,32400,1,650,2.05,31500,33000,31500,3857,123991050,177833000000,5455000,KSQ,ME006
260970,KR7260970009,에스앤디,KOSDAQ,우량기업부,61200,1,600,0.99,60000,61900,60000,8494,518436100,177615095600,2892754,KSQ,ME006
126700,KR7126700004,하이비젼시스템,KOSDAQ,우량기업부,11750,1,270,2.35,11430,11870,11390,69836,815014880,176765184960,14942112,KSQ,ME006
372170,KR7372170001,윤성에프앤씨,KOSDAQ,우량기업부,22050,1,600,2.8,21650,22400,21300,14812,325843875,175539056000,7979048,KSQ,ME006
199820,KR7199820002,제일일렉트릭,KOSDAQ,우량기업부,7900,1,130,1.67,7800,7970,7740,122144,961874635,175538000000,22220000,KSQ,ME006
403850,KR7403850001,더핑크퐁컴퍼니,KOSDAQ,중견기업부,12140,2,-130,-1.06,12250,12350,12060,25650,311875350,174508281600,14351010,KSQ,ME006
388790,KR7388790008,라이콤,KOSDAQ,벤처기업부,5740,1,490,9.33,5360,5770,5360,1659556,9328488875,174194570400,30614160,KSQ,ME006
051160,KR7051160000,지어소프트,KOSDAQ,중견기업부,12790,1,1110,9.5,11730,13140,11730,212179,2693260105,174060985680,13482648,KSQ,ME006
086820,KR7086820008,바이오솔루션,KOSDAQ,기술성장기업부,6710,2,-180,-2.61,6900,6990,6560,63779,428524740,173691369500,25924085,KSQ,ME006
039860,KR7039860002,나노엔텍,KOSDAQ,중견기업부,4550,2,-45,-0.98,4600,4660,4520,177188,810580152,173513856415,38093053,KSQ,ME006
417030,KR7417030004,니어스랩,KOSDAQ,기술성장기업부,29950,2,-900,-2.92,30500,32400,30000,121504,3734882100,173326680000,5777556,KSQ,ME006
123330,KR7123330003,제닉,KOSDAQ,우량기업부,21700,2,-1050,-4.62,22650,22950,21650,251490,5511297500,172920356000,7968680,KSQ,ME006
270660,KR7270660004,에브리봇,KOSDAQ,벤처기업부,13630,1,180,1.34,13410,13770,13410,28729,391965305,172845740460,12690583,KSQ,ME006
264450,KR7264450008,유비쿼스,KOSDAQ,우량기업부,11740,1,300,2.62,11520,12110,11520,155724,1844374770,172759507540,14665493,KSQ,ME006
445180,KR7445180003,퓨릿,KOSDAQ,우량기업부,9990,2,-110,-1.09,10200,10420,9850,114411,1159203885,172579447520,17189188,KSQ,ME006
092130,KR7092130004,이크레더블,KOSDAQ,중견기업부,14270,1,10,0.07,14260,14410,14170,1367,19426360,171982608000,12043600,KSQ,ME006
119830,KR7119830008,아이텍,KOSDAQ,중견기업부,6490,2,-430,-6.21,6950,6990,6360,204343,1351988015,171969713280,26538536,KSQ,ME006
143160,KR7143160000,아이디스,KOSDAQ,우량기업부,16090,1,100,0.63,16100,16330,15800,5706,91800470,171783731700,10716390,KSQ,ME006
054210,KR7054210000,이랜텍,KOSDAQ,우량기업부,6780,1,60,0.89,6720,6910,6680,137322,933303545,171727315900,25291210,KSQ,ME006
432720,KR7432720001,퀄리타스반도체,KOSDAQ,기술성장기업부,12110,1,160,1.34,12140,12340,11690,257732,3115758835,171669621200,14187572,KSQ,ME006
0082N0,KR70082N0008,카나프테라퓨틱스,KOSDAQ,기술성장기업부,12970,2,-120,-0.92,13090,13090,12640,36403,465229520,171311470400,13300580,KSQ,ME006
122990,KR7122990005,와이솔,KOSDAQ,중견기업부,6750,1,70,1.05,6760,6850,6660,82722,559536870,171072686930,25648079,KSQ,ME006
092070,KR7092070002,디엔에프,KOSDAQ,중견기업부,14540,1,380,2.68,14750,14850,14080,82099,1188945140,170916342660,11571858,KSQ,ME006
194480,KR7194480000,데브시스터즈,KOSDAQ,중견기업부,14060,2,-210,-1.47,14280,14400,13970,38204,537772570,170489791500,12169150,KSQ,ME006
013990,KR7013990007,아가방컴퍼니,KOSDAQ,우량기업부,5170,3,0,0.0,5150,5240,5070,225586,1167016930,170357436480,32887536,KSQ,ME006
084990,KR7084990001,헬릭스미스,KOSDAQ,기술성장기업부,3700,2,-130,-3.39,3825,3825,3615,249003,918808168,170312884915,46092797,KSQ,ME006
489460,KR7489460006,바이오비쥬,KOSDAQ,벤처기업부,11530,1,10,0.09,11500,11600,11370,25206,290316330,170105399110,14753287,KSQ,ME006
149950,KR7149950008,아바텍,KOSDAQ,우량기업부,12560,1,10,0.08,12600,13050,12310,101470,1284870265,170026225320,13667703,KSQ,ME006
049630,KR7049630007,재영솔루텍,KOSDAQ,우량기업부,7290,1,30,0.41,7260,7450,7150,193196,1410348220,169864560530,23365139,KSQ,ME006
032940,KR7032940009,원익,KOSDAQ,우량기업부,9300,1,280,3.1,9040,9430,8960,357174,3309915635,169742378730,18193181,KSQ,ME006
474650,KR7474650009,링크솔루션,KOSDAQ,기술성장기업부,29600,1,1200,4.23,28450,30400,28300,47223,1392267275,169434154900,5753282,KSQ,ME006
039830,KR7039830005,오로라,KOSDAQ,우량기업부,16000,2,-20,-0.12,16020,16420,15580,32793,523178610,169085001900,10762890,KSQ,ME006
255220,KR7255220006,SG,KOSDAQ,중견기업부,1103,2,-45,-3.92,1151,1180,1117,1677341,1913921188,168781461542,150563302,KSQ,ME006
032620,KR7032620007,GC메디아이,KOSDAQ,우량기업부,3200,2,-30,-0.93,3205,3230,3190,30173,96982091,168596758970,52197139,KSQ,ME006
251370,KR7251370003,와이엠티,KOSDAQ,벤처기업부,9380,1,360,3.99,9050,9520,8890,210106,1957094455,168423541550,18013213,KSQ,ME006
418550,KR7418550000,제이오,KOSDAQ,기술성장기업부,5300,1,260,5.16,5090,5490,5020,135715,717841910,167452429790,32017673,KSQ,ME006
051370,KR7051370005,인터플렉스,KOSDAQ,우량기업부,7160,2,-20,-0.28,7230,7230,7000,205768,1470409870,166558150080,23327472,KSQ,ME006
488280,KR7488280009,에스투더블유,KOSDAQ,기술성장기업부,16420,1,1490,9.98,14990,15680,14850,1450743,22759914945,166279464960,10825486,KSQ,ME006
067290,KR7067290007,JW신약,KOSDAQ,중견기업부,2965,2,-25,-0.84,2950,3010,2940,1357098,4027464116,166150010395,56037103,KSQ,ME006
038390,KR7038390001,레드캡투어,KOSDAQ,우량기업부,9940,2,-10,-0.1,9920,10010,9910,11623,115484650,166037762460,16720822,KSQ,ME006
289080,KR7289080004,SV인베스트먼트,KOSDAQ,중견기업부,2775,2,-25,-0.89,2800,2845,2725,657109,1819207633,165981523080,60138233,KSQ,ME006
123410,KR7123410003,코리아에프티,KOSDAQ,우량기업부,5960,2,-10,-0.17,6050,6050,5950,50727,304356735,165932741440,27841064,KSQ,ME006
104480,KR7104480009,티케이케미칼,KOSDAQ,중견기업부,1816,1,5,0.28,1811,1829,1799,80155,145023122,164338944672,90895434,KSQ,ME006
396300,KR7396300006,HT로보틱스,KOSDAQ,우량기업부,6160,1,60,0.98,6100,6480,6050,5250668,32691275640,162910425000,26489500,KSQ,ME006
950140,KR8840110108,잉글우드랩,KOSDAQ,외국기업(소속부없음),8160,2,-100,-1.21,8260,8260,8110,17450,142040430,162519143880,19867866,KSQ,ME006
290690,KR7290690007,아리바이오홀딩스,KOSDAQ,중견기업부,3060,2,-110,-3.47,3140,3270,2950,1146061,3536061745,162137419275,53072805,KSQ,ME006
267320,KR7267320000,나인테크,KOSDAQ,벤처기업부,2830,1,10,0.35,2800,2885,2790,2459570,6967910457,161911131900,57415295,KSQ,ME006
475040,KR7475040002,스트라드비젼,KOSDAQ,기술성장기업부,3015,2,-5,-0.17,3005,3045,2975,235478,706152161,161745092610,53825322,KSQ,ME006
402030,KR7402030001,코난테크놀로지,KOSDAQ,기술성장기업부,13080,1,290,2.27,12740,13130,12740,14086,182196720,161725944960,12517488,KSQ,ME006
226590,KR7226590008,엠디바이스,KOSDAQ,기술성장기업부,15150,1,190,1.27,14960,15260,14760,75062,1126557015,161180431360,10716784,KSQ,ME006
204610,KR7204610000,티쓰리,KOSDAQ,벤처기업부,2895,3,0,0.0,2895,2925,2860,38551,111068850,159934251400,55726220,KSQ,ME006
123860,KR7123860009,아나패스,KOSDAQ,우량기업부,13080,2,-20,-0.15,13190,13200,12960,6760,88216685,158816736500,12123415,KSQ,ME006
041520,KR7041520008,이엘씨,KOSDAQ,투자주의환기종목(소속부없음),13020,1,110,0.85,12990,13100,12630,19492,251439075,158697264600,12188730,KSQ,ME006
041020,KR7041020009,폴라리스오피스,KOSDAQ,벤처기업부,3190,1,35,1.11,3130,3215,3130,158736,505412573,158491299670,49683793,KSQ,ME006
054450,KR7054450002,텔레칩스,KOSDAQ,중견기업부,10500,1,120,1.16,10380,10650,10300,88025,920210000,157651465530,15144233,KSQ,ME006
101360,KR7101360006,에코앤드림,KOSDAQ,벤처기업부,8850,1,460,5.48,8710,8930,8610,109489,964570700,157584970040,17786114,KSQ,ME006
093190,KR7093190007,빅솔론,KOSDAQ,우량기업부,8490,1,260,3.16,8440,8460,8160,5576,45872500,156989464800,19238905,KSQ,ME006
086890,KR7086890001,이수앱지스,KOSDAQ,중견기업부,3890,1,10,0.26,3880,3970,3770,42077,161616785,156779836550,40774990,KSQ,ME006
023910,KR7023910003,대한약품,KOSDAQ,우량기업부,26200,2,-150,-0.57,26350,26350,25900,11076,288436300,156600000000,6000000,KSQ,ME006
078070,KR7078070000,유비쿼스홀딩스,KOSDAQ,중견기업부,9250,1,380,4.28,8880,9420,8840,45937,422902075,156429590310,17058843,KSQ,ME006
072870,KR7072870009,메가스터디,KOSDAQ,우량기업부,13120,2,-110,-0.83,13380,13380,13110,10940,143742610,156283772490,11920959,KSQ,ME006
102120,KR7102120003,어보브반도체,KOSDAQ,벤처기업부,8820,1,110,1.26,8840,9110,8640,429473,3820229390,155937203810,17780753,KSQ,ME006
489500,KR7489500009,엘케이켐,KOSDAQ,벤처기업부,24800,1,100,0.4,24750,24950,24200,29955,734305800,155626645300,6391238,KSQ,ME006
118990,KR7118990001,모트렉스,KOSDAQ,우량기업부,6370,2,-40,-0.62,6410,6470,6260,35343,224458930,155321558430,24537371,KSQ,ME006
067280,KR7067280008,멀티캠퍼스,KOSDAQ,우량기업부,26200,2,-100,-0.38,26450,26450,26000,3888,101920125,155281609800,5926779,KSQ,ME006
220260,KR7220260004,켐트로스,KOSDAQ,벤처기업부,4825,1,85,1.79,4740,4910,4680,232427,1117393642,154908025650,32072055,KSQ,ME006
011040,KR7011040003,경동제약,KOSDAQ,중견기업부,5040,1,30,0.6,5010,5050,5000,7733,38814900,154459205320,30768766,KSQ,ME006
093640,KR7093640001,케이알엠,KOSDAQ,벤처기업부,4665,1,25,0.54,4715,4740,4600,17172,80653558,154365465200,32843716,KSQ,ME006
080160,KR7080160005,모두투어,KOSDAQ,우량기업부,8200,2,-110,-1.32,8250,8400,8150,45281,371735855,154224000000,18900000,KSQ,ME006
205500,KR7205500002,넥써쓰,KOSDAQ,중견기업부,1829,1,1,0.05,1843,1845,1792,52216,95250313,154171515465,83561797,KSQ,ME006
024800,KR7024800005,유성티엔에스,KOSDAQ,우량기업부,4345,2,-90,-2.03,4575,4575,4220,48524,208686067,153934866900,35225370,KSQ,ME006
322310,KR7322310004,오로스테크놀로지,KOSDAQ,벤처기업부,16360,1,380,2.38,16500,16850,16220,157211,2599479545,153611288800,9366542,KSQ,ME006
212560,KR7212560007,네오오토,KOSDAQ,우량기업부,11300,1,870,8.34,10580,11940,10380,799532,9027280400,152260868920,13486348,KSQ,ME006
054800,KR7054800008,아이디스홀딩스,KOSDAQ,중견기업부,14630,2,-190,-1.28,14820,14820,14430,3330,48625790,151594625400,10347756,KSQ,ME006
413630,KR7413630005,씨피시스템,KOSDAQ,벤처기업부,4180,1,40,0.97,4140,4265,4115,529580,2220837141,151029727725,36436605,KSQ,ME006
065660,KR7065660003,안트로젠,KOSDAQ,기술성장기업부,15110,1,40,0.27,15190,15380,14850,9636,145170400,150491744000,10006100,KSQ,ME006
300080,KR7300080009,플리토,KOSDAQ,기술성장기업부,9080,2,-80,-0.87,9150,9280,9000,20655,188626830,150436204100,16531451,KSQ,ME006
179290,KR7179290002,엠아이텍,KOSDAQ,우량기업부,4650,2,-20,-0.43,4670,4770,4630,27737,129895125,150338574310,32365678,KSQ,ME006
007330,KR7007330004,푸른저축은행,KOSDAQ,투자주의환기종목(소속부없음),9950,1,10,0.1,9940,10000,9910,4330,43036570,150073860000,15082800,KSQ,ME006
052260,KR7052260007,현대바이오랜드,KOSDAQ,우량기업부,4965,2,-235,-4.52,5160,5340,4995,1544116,7931067185,150000000000,30000000,KSQ,ME006
0039P0,KR70039P0000,매드업,KOSDAQ,기술성장기업부,7950,2,-30,-0.38,7990,8150,7900,444077,3540182940,149706904000,18807400,KSQ,ME006
351320,KR7351320007,넥사다이내믹스,KOSDAQ,중견기업부,4805,1,155,3.33,4745,5060,4700,656428,3231610159,148991239310,31007542,KSQ,ME006
494120,KR7494120009,큐리오시스,KOSDAQ,기술성장기업부,9800,2,-940,-8.75,10620,10710,9700,129324,1301934245,148782699000,15259764,KSQ,ME006
0007C0,KR70007C0003,아크릴,KOSDAQ,기술성장기업부,18530,2,-260,-1.38,19000,19000,18430,64191,1196690230,148400387520,8030324,KSQ,ME006
452190,KR7452190002,한빛레이저,KOSDAQ,벤처기업부,6160,2,-90,-1.44,6170,6370,6060,1406522,8710692405,147350631120,23920557,KSQ,ME006
264660,KR7264660002,씨앤지하이테크,KOSDAQ,우량기업부,15140,1,230,1.54,15050,15180,14825,43871,661215960,147178544080,9721172,KSQ,ME006
950250,KR8826050005,테라뷰,KOSDAQ,기술성장기업부,4100,1,5,0.12,4055,4220,3930,1068358,4371514307,146892875180,35696932,KSQ,ME006
049960,KR7049960008,쎌바이오텍,KOSDAQ,벤처기업부,15500,1,110,0.71,15400,15700,15300,12298,191867440,146640000000,9400000,KSQ,ME006
046440,KR7046440004,KG파이낸셜,KOSDAQ,우량기업부,4075,1,35,0.87,4040,4050,4025,14835,59915045,146451559440,36250386,KSQ,ME006
147830,KR7147830004,제룡산업,KOSDAQ,벤처기업부,7340,1,220,3.09,7150,7310,7100,194553,1408074090,146000000000,20000000,KSQ,ME006
069510,KR7069510006,에스텍,KOSDAQ,우량기업부,13240,1,50,0.38,13270,13470,13190,7606,101079800,145866700000,10910000,KSQ,ME006
451760,KR7451760003,컨텍,KOSDAQ,기술성장기업부,8710,1,310,3.69,8400,9440,8340,790753,7088609630,145763644420,16507774,KSQ,ME006
059120,KR7059120006,아진엑스텍,KOSDAQ,벤처기업부,7930,1,220,2.85,7740,7970,7620,583469,4586100065,145748125360,18310066,KSQ,ME006
101970,KR7101970002,우양에이치씨,KOSDAQ,중견기업부,9880,1,480,5.11,9560,10000,9380,3755,36221020,145237888380,14790009,KSQ,ME006
387690,KR7387690001,레메디,KOSDAQ,기술성장기업부,18890,2,-320,-1.67,19100,19600,18650,518186,9874168280,144661255270,7625791,KSQ,ME006
232680,KR7232680009,라온로보틱스,KOSDAQ,기술성장기업부,10980,1,40,0.37,11000,11280,10780,101485,1119987985,144506750000,13257500,KSQ,ME006
146320,KR7146320007,비씨엔씨,KOSDAQ,벤처기업부,11330,1,100,0.89,11100,11500,11100,21075,238897305,144360571440,12797923,KSQ,ME006
023600,KR7023600000,삼보판지,KOSDAQ,우량기업부,8980,2,-50,-0.55,9020,9050,8900,11700,105001420,143754534000,16008300,KSQ,ME006
211270,KR7211270004,AP위성,KOSDAQ,우량기업부,9530,1,340,3.7,9190,9630,9150,125581,1188809320,143432711040,15082304,KSQ,ME006
148150,KR7148150006,세경하이테크,KOSDAQ,우량기업부,4015,2,-45,-1.11,4090,4090,3970,57717,230796991,142882128360,35542818,KSQ,ME006
228850,KR7228850004,레이언스,KOSDAQ,우량기업부,8510,2,-10,-0.12,8630,8630,8250,59020,498514805,142848630540,16591014,KSQ,ME006
115310,KR7115310005,인포바인,KOSDAQ,벤처기업부,9650,1,60,0.63,9600,9640,9480,4037,38758180,142382870400,14831549,KSQ,ME006
0088M0,KR70088M0003,메쥬,KOSDAQ,기술성장기업부,14430,2,-360,-2.43,14730,14800,14110,106024,1534834630,142198382500,9881750,KSQ,ME006
105330,KR7105330005,케이엔더블유,KOSDAQ,중견기업부,8930,1,530,6.31,8450,8880,8250,58230,499408220,141772752000,16019520,KSQ,ME006
417500,KR7417500006,제이아이테크,KOSDAQ,우량기업부,4295,2,-50,-1.15,4320,4465,4260,338393,1472609506,140974399200,32784744,KSQ,ME006
048870,KR7048870000,시너지이노베이션,KOSDAQ,중견기업부,1590,1,1,0.06,1589,1610,1581,84087,133865158,140794926874,88106963,KSQ,ME006
469610,KR7469610000,이노테크,KOSDAQ,중견기업부,15750,2,-100,-0.63,15700,15980,15600,35360,556289390,140671817000,8942900,KSQ,ME006
134580,KR7134580000,탑코미디어,KOSDAQ,중견기업부,2850,2,-95,-3.23,2970,2975,2820,177644,508306731,140488324650,49294149,KSQ,ME006
054920,KR7054920004,한컴위드,KOSDAQ,중견기업부,5010,1,250,5.25,4810,5070,4755,1705499,8415675567,140097807165,28217081,KSQ,ME006
047770,KR7047770003,코데즈컴바인,KOSDAQ,중견기업부,3690,1,90,2.5,3590,3710,3570,383523,1399646805,140017627400,37842602,KSQ,ME006
114840,KR7114840002,아이패밀리에스씨,KOSDAQ,우량기업부,8380,1,70,0.84,8320,8490,8280,12582,105747440,139956820150,16681385,KSQ,ME006
256940,KR7256940008,킵스파마,KOSDAQ,벤처기업부,7200,1,370,5.42,6820,7090,6690,76332,531892935,139944684590,20078147,KSQ,ME006
005990,KR7005990007,매일홀딩스,KOSDAQ,우량기업부,10290,2,-400,-3.74,10680,10690,10360,2857,30004130,139233242880,13298304,KSQ,ME006
072950,KR7072950009,빛샘전자,KOSDAQ,벤처기업부,17210,1,1920,12.56,16590,18210,16580,9442299,165931314400,138907522500,8052610,KSQ,ME006
126640,KR7126640002,화신정공,KOSDAQ,우량기업부,3965,1,130,3.39,3845,3970,3820,477151,1866333663,138821403600,35055910,KSQ,ME006
156100,KR7156100000,엘앤케이바이오,KOSDAQ,벤처기업부,6300,1,40,0.64,6260,6490,6200,100608,638956040,138800660130,22351153,KSQ,ME006
142210,KR7142210004,유니트론텍,KOSDAQ,우량기업부,6630,2,-50,-0.75,6680,6800,6610,188665,1261987830,138411858010,20751403,KSQ,ME006
042600,KR7042600007,새로닉스,KOSDAQ,중견기업부,10900,2,-1250,-10.29,12110,12110,10600,127386,1397284010,138398614360,12423574,KSQ,ME006
089600,KR7089600001,KT나스미디어,KOSDAQ,우량기업부,12080,2,-100,-0.82,12180,12300,12030,14294,172670890,137905310400,11406560,KSQ,ME006
052860,KR7052860004,아이앤씨,KOSDAQ,벤처기업부,7690,3,0,0.0,7690,7800,7550,27816,212954420,137396107260,17866854,KSQ,ME006
140670,KR7140670001,알에스오토메이션,KOSDAQ,중견기업부,10720,1,40,0.37,10650,10930,10550,77610,836465080,137386288000,12839840,KSQ,ME006
402490,KR7402490007,그린리소스,KOSDAQ,기술성장기업부,8100,1,70,0.87,8180,8250,7950,228303,1850067455,136836553360,16935217,KSQ,ME006
297090,KR7297090003,씨에스베어링,KOSDAQ,투자주의환기종목(소속부없음),5010,1,100,2.04,4910,5110,4850,83836,421381350,136622700000,27270000,KSQ,ME006
038290,KR7038290003,마크로젠,KOSDAQ,중견기업부,12600,2,-80,-0.63,12690,12690,12420,13722,171585880,136493226000,10841400,KSQ,ME006
417010,KR7417010006,나노팀,KOSDAQ,벤처기업부,6750,1,540,8.7,6210,6940,6210,501017,3340196515,136367641280,20172728,KSQ,ME006
039840,KR7039840004,디오,KOSDAQ,중견기업부,10070,1,550,5.78,10580,10690,9880,324668,3360293390,136036495920,13415828,KSQ,ME006
060150,KR7060150000,인선이엔티,KOSDAQ,중견기업부,2990,1,15,0.5,2910,3005,2910,29088,86884495,136007381820,45563612,KSQ,ME006
003100,KR7003100005,선광,KOSDAQ,우량기업부,20600,3,0,0.0,20550,20800,20450,3803,78299050,135960000000,6600000,KSQ,ME006
321550,KR7321550006,티움바이오,KOSDAQ,기술성장기업부,4590,2,-305,-6.23,4935,4940,4485,231610,1060359609,135924099375,30038475,KSQ,ME006
037070,KR7037070000,파세코,KOSDAQ,중견기업부,6740,1,120,1.81,6600,6810,6560,71566,480637635,135800000000,20000000,KSQ,ME006
361390,KR7361390008,제노코,KOSDAQ,벤처기업부,13840,1,640,4.85,13280,14040,13200,52138,714376015,135627787330,9736381,KSQ,ME006
158430,KR7158430009,아톤,KOSDAQ,벤처기업부,5670,1,270,5.0,5440,5560,5410,728089,4020892620,134651506000,24482092,KSQ,ME006
172670,KR7172670002,에이엘티,KOSDAQ,벤처기업부,14920,1,710,5.0,14210,15000,14120,124973,1830934330,134403885000,8960259,KSQ,ME006
141000,KR7141000000,비아트론,KOSDAQ,벤처기업부,11170,1,600,5.68,10600,11050,10500,87164,953661620,133867545500,12114710,KSQ,ME006
035610,KR7035610005,솔본,KOSDAQ,투자주의환기종목(소속부없음),4895,2,-55,-1.11,4950,4950,4855,15777,76953879,133858655315,27345997,KSQ,ME006
115440,KR7115440000,우리넷,KOSDAQ,우량기업부,12380,1,570,4.83,12300,13280,12010,2974906,37425789165,133525392040,10794292,KSQ,ME006
321370,KR7321370009,센서뷰,KOSDAQ,기술성장기업부,1859,1,140,8.14,1733,1911,1723,8623313,15938902785,133476054390,70622251,KSQ,ME006
053260,KR7053260006,금강철강,KOSDAQ,우량기업부,7140,2,-320,-4.29,7320,7500,7130,465746,3400797900,133473600000,18720000,KSQ,ME006
240550,KR7240550004,동방메디컬,KOSDAQ,중견기업부,6350,2,-30,-0.47,6410,6430,6240,106407,676196835,132930519000,20933940,KSQ,ME006
285490,KR7285490009,노바텍,KOSDAQ,벤처기업부,12620,1,390,3.19,12230,12830,12230,49199,618164475,132832437360,10575831,KSQ,ME006
073010,KR7073010001,케이에스피,KOSDAQ,우량기업부,3325,1,25,0.76,3290,3355,3265,147680,488292667,132430168750,40191250,KSQ,ME006
265740,KR7265740001,엔에프씨,KOSDAQ,벤처기업부,7450,3,0,0.0,7470,7610,7400,213272,1592241205,132369276000,17863600,KSQ,ME006
322510,KR7322510009,제이엘케이,KOSDAQ,기술성장기업부,5160,2,-10,-0.19,5210,5240,5100,87067,448302570,132231084880,25725892,KSQ,ME006
282880,KR7282880004,코윈로보틱스,KOSDAQ,우량기업부,11330,1,340,3.09,11080,11840,10900,124659,1417271375,131909244960,11694082,KSQ,ME006
071280,KR7071280002,로체시스템즈,KOSDAQ,우량기업부,8650,2,-100,-1.14,8790,8850,8460,113884,978952070,131856717860,15296603,KSQ,ME006
009780,KR7009780008,엠에스씨,KOSDAQ,우량기업부,7460,1,410,5.82,7050,7500,7050,63430,467754980,131648000000,17600000,KSQ,ME006
474170,KR7474170008,루미르,KOSDAQ,기술성장기업부,7450,1,470,6.73,7090,7400,7030,101641,742760285,131494596480,17817696,KSQ,ME006
408920,KR7408920007,메쎄이상,KOSDAQ,우량기업부,3055,1,185,6.45,2840,3065,2840,44944,133511325,131426663200,43232455,KSQ,ME006
136540,KR7136540002,윈스테크넷,KOSDAQ,우량기업부,10730,1,60,0.56,10660,10780,10660,5349,57255785,131393282200,12279746,KSQ,ME006
338840,KR7338840002,와이바이오로직스,KOSDAQ,기술성장기업부,8570,2,-20,-0.23,8530,8700,8430,19969,170613680,131240912760,15403863,KSQ,ME006
222040,KR7222040008,코스맥스엔비티,KOSDAQ,중견기업부,6350,2,-380,-5.65,6710,6780,6200,590893,3780763550,130987800000,20628000,KSQ,ME006
418420,KR7418420006,라온텍,KOSDAQ,기술성장기업부,4300,1,45,1.06,4300,4450,4220,127048,549777586,130791871500,30774558,KSQ,ME006
049720,KR7049720006,고려신용정보,KOSDAQ,우량기업부,9150,1,30,0.33,9120,9160,9080,9004,82154225,130559000000,14300000,KSQ,ME006
094840,KR7094840006,슈프리마에이치큐,KOSDAQ,벤처기업부,13300,3,0,0.0,13300,13490,13000,12524,165053500,130421249700,9806109,KSQ,ME006
035080,KR7035080001,그래디언트,KOSDAQ,중견기업부,11630,1,110,0.95,11530,11630,11450,12196,140385395,129508155110,11174129,KSQ,ME006
079960,KR7079960001,동양이엔피,KOSDAQ,우량기업부,17080,1,300,1.79,16960,17230,16800,11894,202439840,128755768900,7551658,KSQ,ME006
115500,KR7115500001,케이씨에스,KOSDAQ,중견기업부,10820,1,240,2.27,10620,10760,10550,205477,2196591325,128520000000,12000000,KSQ,ME006
039560,KR7039560008,다산네트웍스,KOSDAQ,중견기업부,3000,1,410,15.83,2615,3120,2600,2744590,8085101893,128450961660,42888468,KSQ,ME006
037350,KR7037350006,성도이엔지,KOSDAQ,우량기업부,8410,1,110,1.33,8360,8650,8300,262726,2221283710,128068200000,15210000,KSQ,ME006
001540,KR7001540004,안국약품,KOSDAQ,우량기업부,9920,2,-80,-0.8,10100,10180,9810,37380,371989600,127946140200,13042420,KSQ,ME006
0015N0,KR70015N0000,아로마티카,KOSDAQ,벤처기업부,10090,2,-470,-4.45,10610,10860,10040,248680,2564530690,127529989080,12576922,KSQ,ME006
307750,KR7307750000,국전,KOSDAQ,중견기업부,2360,1,5,0.21,2350,2395,2330,166830,394574690,127407639680,53986288,KSQ,ME006
042510,KR7042510008,라온시큐어,KOSDAQ,벤처기업부,11840,1,850,7.73,11190,11490,10960,366228,4167938140,127050672320,11105828,KSQ,ME006
950190,KR8344390008,고스트스튜디오,KOSDAQ,외국기업(소속부없음),9740,1,40,0.41,9740,9780,9590,14917,144062390,126525813480,13017059,KSQ,ME006
095700,KR7095700001,제넥신,KOSDAQ,기술성장기업부,2800,2,-5,-0.18,2805,2875,2750,81364,228153594,126147168380,45540494,KSQ,ME006
474610,KR7474610003,RF시스템즈,KOSDAQ,벤처기업부,8610,1,330,3.99,8310,8810,8190,163704,1411545890,125556566200,14415220,KSQ,ME006
138360,KR7138360003,앤로보틱스,KOSDAQ,벤처기업부,1420,2,-117,-7.61,1530,1530,1385,1717391,2520211585,125186908082,87973934,KSQ,ME006
080420,KR7080420003,모다이노칩,KOSDAQ,중견기업부,1567,1,15,0.97,1565,1565,1551,597,934256,124764338430,79721622,KSQ,ME006
027710,KR7027710003,팜스토리,KOSDAQ,우량기업부,1118,1,5,0.45,1113,1121,1111,82769,92491611,124675175400,111416600,KSQ,ME006
299030,KR7299030007,하나기술,KOSDAQ,벤처기업부,15650,1,800,5.39,15440,15650,15290,43774,677453380,124480748700,7994910,KSQ,ME006
053080,KR7053080008,케이엔솔,KOSDAQ,중견기업부,9630,1,400,4.33,9250,9800,9200,89991,862479270,123628164570,12999807,KSQ,ME006
008830,KR7008830002,대동기어,KOSDAQ,중견기업부,6410,1,20,0.31,6390,6450,6330,166800,1065404775,123339719880,19181916,KSQ,ME006
108230,KR7108230004,톱텍,KOSDAQ,우량기업부,3255,2,-25,-0.76,3300,3345,3230,124271,407877940,123195313800,38023245,KSQ,ME006
166480,KR7166480004,코아스템켐온,KOSDAQ,벤처기업부,2315,1,55,2.43,2260,2355,2235,175379,405314564,122394920440,52870376,KSQ,ME006
095190,KR7095190005,신화프리텍,KOSDAQ,중견기업부,1888,1,40,2.16,1848,1874,1848,20370,37962232,121710761630,65260462,KSQ,ME006
293580,KR7293580007,나우IB,KOSDAQ,중견기업부,1276,2,-13,-1.01,1289,1295,1269,165364,211452271,121510336000,94929950,KSQ,ME006
259630,KR7259630002,엠플러스,KOSDAQ,우량기업부,10120,1,180,1.81,9940,10190,9740,145061,1449188580,121490616240,12222396,KSQ,ME006
297890,KR7297890006,HB솔루션,KOSDAQ,우량기업부,1666,1,21,1.28,1650,1687,1644,193515,321961313,121487058154,73140914,KSQ,ME006
083500,KR7083500009,에프엔에스테크,KOSDAQ,우량기업부,14620,2,-160,-1.08,14760,14950,14410,57013,840535265,121106976660,8306377,KSQ,ME006
017510,KR7017510009,세명전기,KOSDAQ,벤처기업부,7930,1,170,2.19,7800,7950,7750,189850,1490762965,120443400000,15246000,KSQ,ME006
047310,KR7047310008,파워로직스,KOSDAQ,우량기업부,3285,1,85,2.66,3230,3315,3200,132971,435007125,120266330175,36610755,KSQ,ME006
021320,KR7021320007,KCC건설,KOSDAQ,우량기업부,5610,2,-80,-1.41,5780,5780,5580,5547,31323770,120054000000,21400000,KSQ,ME006
333430,KR7333430007,일승,KOSDAQ,중견기업부,3915,1,10,0.26,3905,3975,3875,140997,551369712,119834313300,30726747,KSQ,ME006
331920,KR7331920009,셀레믹스,KOSDAQ,기술성장기업부,10560,1,320,3.13,10080,10690,9930,40630,413821085,119307191850,11181555,KSQ,ME006
308080,KR7308080001,바이젠셀,KOSDAQ,기술성장기업부,5850,3,0,0.0,5850,6020,5700,47035,275523440,119100700600,20499260,KSQ,ME006
101170,KR7101170009,우림피티에스,KOSDAQ,벤처기업부,8790,1,310,3.66,8500,8870,8420,39751,347921770,118530000000,13500000,KSQ,ME006
041440,KR7041440009,현대에버다임,KOSDAQ,우량기업부,6560,2,-60,-0.91,6620,6680,6580,55680,368256100,118112133440,17841712,KSQ,ME006
209640,KR7209640002,와이제이링크,KOSDAQ,중견기업부,4105,1,415,11.25,3670,4340,3630,6411427,26583915530,118039055900,28443146,KSQ,ME006
389020,KR7389020009,자람테크놀로지,KOSDAQ,기술성장기업부,17170,1,1050,6.51,16100,17470,15970,162313,2740238940,117800698920,6905082,KSQ,ME006
338220,KR7338220007,뷰노,KOSDAQ,기술성장기업부,8310,1,40,0.48,8260,8420,7980,282884,2306297640,116915222050,14001823,KSQ,ME006
336680,KR7336680004,탑런토탈솔루션,KOSDAQ,중견기업부,2980,1,15,0.51,2990,2995,2945,9914,29419271,115870851680,39145558,KSQ,ME006
396470,KR7396470007,워트,KOSDAQ,중견기업부,7220,1,70,0.98,7150,7330,7090,130287,939832790,115741600000,16120000,KSQ,ME006
290720,KR7290720002,푸드나무,KOSDAQ,중견기업부,3095,1,45,1.48,3010,3140,2940,94185,285385865,115401550825,38149273,KSQ,ME006
129920,KR7129920005,대성하이텍,KOSDAQ,벤처기업부,7120,1,240,3.49,6890,7330,6770,161388,1151195000,114878280720,16248696,KSQ,ME006
054050,KR7054050000,NH농우바이오,KOSDAQ,우량기업부,7200,2,-80,-1.1,7250,7280,7160,11125,80171545,114778816760,16030561,KSQ,ME006
049520,KR7049520000,유아이엘,KOSDAQ,우량기업부,3775,1,55,1.48,3730,3770,3690,56362,209813216,114734565000,30842625,KSQ,ME006
067990,KR7067990002,도이치모터스,KOSDAQ,우량기업부,3910,1,30,0.77,3880,3930,3880,24765,96661410,114683491500,29181550,KSQ,ME006
051980,KR7051980001,중앙첨단소재,KOSDAQ,중견기업부,10120,2,-230,-2.22,10700,10740,9460,193475,1978375440,114424451000,11109170,KSQ,ME006
242040,KR7242040004,나무AX,KOSDAQ,기술성장기업부,3300,1,70,2.17,3300,3420,3240,389588,1298445569,114200671200,34606264,KSQ,ME006
310200,KR7310200001,애니플러스,KOSDAQ,중견기업부,2170,1,25,1.17,2130,2220,2115,352840,769635948,113975796660,52162836,KSQ,ME006
217820,KR7217820000,원익피앤이,KOSDAQ,중견기업부,2405,1,60,2.56,2375,2425,2350,272905,653826718,113890941600,47454559,KSQ,ME006
122450,KR7122450000,KX,KOSDAQ,중견기업부,2530,2,-20,-0.78,2575,2575,2480,32866,82534115,112497783340,44819834,KSQ,ME006
443670,KR7443670005,에스피소프트,KOSDAQ,중견기업부,4770,3,0,0.0,4800,4870,4600,353400,1674049118,112369439520,24010564,KSQ,ME006
290740,KR7290740000,액트로,KOSDAQ,벤처기업부,11290,2,-150,-1.31,11820,11820,11130,33630,379158175,112325522760,10065011,KSQ,ME006
153890,KR7153890009,져스텍,KOSDAQ,기술성장기업부,9360,2,-380,-3.9,9730,9810,9310,207650,1970023695,112188339550,12050305,KSQ,ME006
079650,KR7079650008,서산,KOSDAQ,중견기업부,5640,1,30,0.53,5680,6080,5540,940875,5404078550,112000000000,20000000,KSQ,ME006
255440,KR7255440000,야스,KOSDAQ,벤처기업부,8580,3,0,0.0,8600,8920,8480,110193,958913810,111907060000,13058000,KSQ,ME006
105740,KR7105740005,디케이락,KOSDAQ,우량기업부,11080,1,960,9.49,10250,11000,10140,981744,10481977330,111853643000,10168513,KSQ,ME006
473980,KR7473980001,노머스,KOSDAQ,기술성장기업부,10270,2,-70,-0.68,10310,10420,10180,14646,150741490,111765863040,10882752,KSQ,ME006
0011A0,KR70011A0009,액스비스,KOSDAQ,벤처기업부,11920,1,400,3.47,11480,12030,11200,240611,2804462520,111631530400,9333740,KSQ,ME006
051360,KR7051360006,토비스,KOSDAQ,우량기업부,11920,1,20,0.17,11980,11980,11690,6535,77250980,111578495040,9360612,KSQ,ME006
334970,KR7334970001,프레스티지바이오로직스,KOSDAQ,기술성장기업부,1451,1,24,1.68,1412,1466,1412,83357,119341460,111497281458,77752637,KSQ,ME006
018120,KR7018120006,진로발효,KOSDAQ,우량기업부,16740,2,-30,-0.18,16890,16890,16680,185,3096650,111301027200,6621120,KSQ,ME006
201490,KR7201490000,미투온,KOSDAQ,중견기업부,3415,2,-10,-0.29,3455,3455,3355,705213,2399417044,111097049770,32723726,KSQ,ME006
289930,KR7289930000,웨이비스,KOSDAQ,기술성장기업부,8540,1,440,5.43,8190,8550,8140,68637,575345080,110977644400,13149010,KSQ,ME006
097800,KR7097800007,윈팩,KOSDAQ,중견기업부,4060,1,235,6.14,3865,4535,3835,8088576,33891959441,110934032925,27290045,KSQ,ME006
036010,KR7036010007,아비코전자,KOSDAQ,중견기업부,8300,1,150,1.84,8150,8380,8030,109277,903247745,110863069560,13292934,KSQ,ME006
311320,KR7311320006,지오엘리먼트,KOSDAQ,기술성장기업부,8830,2,-170,-1.89,9060,9170,8690,34046,302060685,110755836800,12614560,KSQ,ME006
090850,KR7090850009,현대이지웰,KOSDAQ,우량기업부,4915,2,-5,-0.1,4930,4945,4900,16373,80482281,110703672275,22477903,KSQ,ME006
246710,KR7246710008,티앤알바이오팹,KOSDAQ,기술성장기업부,2305,1,5,0.22,2310,2360,2265,130250,300631945,110581649280,47664504,KSQ,ME006
131030,KR7131030009,옵투스제약,KOSDAQ,우량기업부,6270,3,0,0.0,6270,6460,6200,77870,490405255,110114721600,17646590,KSQ,ME006
317770,KR7317770006,엑스페릭스,KOSDAQ,벤처기업부,2955,1,5,0.17,2945,3065,2895,247302,741161518,109881095940,36997002,KSQ,ME006
475230,KR7475230009,엔알비,KOSDAQ,벤처기업부,10070,1,470,4.9,9750,10110,9450,82122,802460380,109313790490,10898683,KSQ,ME006
040300,KR7040300006,YTN,KOSDAQ,중견기업부,2290,1,30,1.33,2285,2335,2260,98058,224781510,109180284200,47676980,KSQ,ME006
217270,KR7217270008,넵튠,KOSDAQ,중견기업부,2380,1,20,0.85,2360,2410,2360,19803,47253755,108885641445,45654357,KSQ,ME006
217190,KR7217190008,제너셈,KOSDAQ,벤처기업부,8250,3,0,0.0,8340,8600,8000,200796,1673656785,108650065860,13153761,KSQ,ME006
067900,KR7067900001,와이엔텍,KOSDAQ,우량기업부,5940,2,-10,-0.17,5980,5980,5850,17404,102795950,108287971050,18199659,KSQ,ME006
125210,KR7125210005,아모그린텍,KOSDAQ,우량기업부,6610,1,280,4.42,6330,6670,6270,239150,1551871430,108218942400,16496790,KSQ,ME006
086980,KR7086980000,쇼박스,KOSDAQ,중견기업부,1748,2,-5,-0.29,1769,1769,1731,68346,118716283,108142616000,62438000,KSQ,ME006
106190,KR7106190002,하이텍팜,KOSDAQ,우량기업부,10160,1,160,1.6,10010,10200,9960,24423,247005570,108033037680,10633173,KSQ,ME006
036630,KR7036630002,세종텔레콤,KOSDAQ,우량기업부,7970,1,400,5.28,7570,7900,7570,3312,25555500,107940000000,14000000,KSQ,ME006
339950,KR7339950008,아이비김영,KOSDAQ,우량기업부,2400,1,40,1.69,2400,2400,2355,9081,21624681,107647238725,44946655,KSQ,ME006
100590,KR7100590009,머큐리,KOSDAQ,중견기업부,6250,1,1435,29.8,4950,6250,4940,3904846,23815771565,107122156250,17139545,KSQ,ME006
053700,KR7053700001,삼보모터스,KOSDAQ,우량기업부,4015,1,75,1.9,3925,4010,3920,127876,509204443,106863028000,26715757,KSQ,ME006
120240,KR7120240007,대정화금,KOSDAQ,우량기업부,14830,2,-30,-0.2,14940,14950,14650,3120,46258640,106417786800,7190391,KSQ,ME006
039340,KR7039340005,한국경제TV,KOSDAQ,우량기업부,4820,2,-70,-1.43,4890,4900,4770,9187,44282860,106040000000,22000000,KSQ,ME006
306620,KR7306620006,지아이에스,KOSDAQ,벤처기업부,2220,1,55,2.54,2165,2270,2130,345396,765194092,105952226640,47942184,KSQ,ME006
412350,KR7412350001,레이저쎌,KOSDAQ,기술성장기업부,7400,1,600,8.82,6820,7470,6520,815295,5813701145,105726031320,14603043,KSQ,ME006
053350,KR7053350005,이니텍,KOSDAQ,중견기업부,4840,1,85,1.79,4665,4850,4665,52443,250133980,105480901350,22021065,KSQ,ME006
411080,KR7411080005,샌즈랩,KOSDAQ,기술성장기업부,6900,1,260,3.92,6690,6930,6550,454648,3080176775,105346702200,15267638,KSQ,ME006
130580,KR7130580004,나이스디앤비,KOSDAQ,우량기업부,6850,1,20,0.29,6850,6970,6820,26012,179904845,105336000000,15400000,KSQ,ME006
453450,KR7453450009,그리드위즈,KOSDAQ,중견기업부,13370,1,390,3.0,13030,13260,12560,18202,239841700,104923727500,7942750,KSQ,ME006
038540,KR7038540001,상상인,KOSDAQ,중견기업부,1965,1,93,4.97,1887,1931,1863,37964,73361340,104570511570,55328313,KSQ,ME006
073560,KR7073560005,우리손에프앤지,KOSDAQ,우량기업부,1511,1,3,0.2,1501,1517,1500,49657,74929961,104410365644,69237643,KSQ,ME006
136150,KR7136150000,원일티엔아이,KOSDAQ,벤처기업부,12900,1,2050,18.89,14100,14100,12140,2604723,34415209120,104260013200,8381030,KSQ,ME006
037030,KR7037030004,파워넷,KOSDAQ,우량기업부,4160,1,400,10.64,3760,4230,3745,1123635,4572821845,104220572320,25512992,KSQ,ME006
419050,KR7419050000,삼기에너지솔루션즈,KOSDAQ,중견기업부,1814,2,-9,-0.49,1806,1864,1800,1298732,2372735662,104097156800,57196240,KSQ,ME006
123040,KR7123040008,엠에스오토텍,KOSDAQ,중견기업부,1655,1,22,1.35,1670,1670,1616,69233,113283784,103962976340,62628299,KSQ,ME006
091440,KR7091440008,한울소재과학,KOSDAQ,투자주의환기종목(소속부없음),2795,2,-115,-3.95,2900,2900,2735,312183,866753805,103281767940,36952332,KSQ,ME006
109740,KR7109740001,디에스케이,KOSDAQ,벤처기업부,4170,1,170,4.25,4090,4140,3955,9367,37628690,102841560000,25710390,KSQ,ME006
175250,KR7175250000,아이큐어,KOSDAQ,관리종목(소속부없음),1665,2,-45,-2.63,1710,1753,1650,82686,138423696,102790967805,61736317,KSQ,ME006
235980,KR7235980000,메드팩토,KOSDAQ,기술성장기업부,3055,1,15,0.49,3015,3115,2965,63454,189812245,101797109370,34275121,KSQ,ME006
475580,KR7475580007,에이럭스,KOSDAQ,벤처기업부,7460,1,70,0.95,7450,7620,7370,57146,428543145,101641754000,13624900,KSQ,ME006
189330,KR7189330004,씨이랩,KOSDAQ,기술성장기업부,10930,1,330,3.11,10600,10990,10500,193833,2089307270,101610135720,9382284,KSQ,ME006
049950,KR7049950009,미래컴퍼니,KOSDAQ,중견기업부,11510,1,190,1.68,11370,11500,11250,31280,355880415,101405666000,8817884,KSQ,ME006
109670,KR7109670000,씨싸이트,KOSDAQ,중견기업부,17350,2,-840,-4.62,17600,20000,16400,562876,10294196455,101265044700,5836602,KSQ,ME006
045970,KR7045970001,코아시아,KOSDAQ,중견기업부,3835,1,45,1.19,3850,3895,3755,60623,231434251,101180698220,26314876,KSQ,ME006
182360,KR7182360008,큐브엔터,KOSDAQ,우량기업부,6500,1,10,0.15,6550,6550,6300,10239,65120275,101039809000,15544586,KSQ,ME006
250060,KR7250060001,모비스,KOSDAQ,기술성장기업부,3185,3,0,0.0,3175,3300,3100,188114,594013869,101017925960,32171314,KSQ,ME006
088130,KR7088130000,동아엘텍,KOSDAQ,우량기업부,5800,1,160,2.84,5590,5830,5560,122822,702750510,100890261780,17485314,KSQ,ME006
173130,KR7173130006,오파스넷,KOSDAQ,중견기업부,7720,1,150,1.98,7600,7750,7490,72860,554536650,100849236290,13046473,KSQ,ME006
493330,KR7493330005,지에프아이,KOSDAQ,벤처기업부,12500,1,360,2.97,12110,12700,11920,44522,547730995,100815493020,8039513,KSQ,ME006
100700,KR7100700004,세운메디칼,KOSDAQ,우량기업부,2325,1,20,0.87,2300,2315,2285,54257,124953045,100740000000,43800000,KSQ,ME006
439580,KR7439580002,블루엠텍,KOSDAQ,기술성장기업부,2965,1,20,0.68,2920,3030,2910,506508,1499363050,100693477325,33846547,KSQ,ME006
086960,KR7086960002,MDS테크,KOSDAQ,우량기업부,2380,1,55,2.37,2325,2375,2315,409829,962721223,100580304550,42528670,KSQ,ME006
021080,KR7021080007,에이티넘인베스트,KOSDAQ,우량기업부,2120,1,45,2.17,2075,2125,2070,93679,196892377,100320000000,48000000,KSQ,ME006
309960,KR7309960003,LB인베스트먼트,KOSDAQ,중견기업부,4320,1,30,0.7,4280,4335,4235,31506,135504740,100298472480,23217239,KSQ,ME006
307930,KR7307930008,컴퍼니케이,KOSDAQ,중견기업부,6450,1,50,0.78,6380,6460,6300,43763,280906580,100216200000,15610000,KSQ,ME006
006620,KR7006620009,동구바이오제약,KOSDAQ,우량기업부,3585,1,5,0.14,3555,3585,3500,33926,119921662,100054446880,28464992,KSQ,ME006
099750,KR7099750002,이지케어텍,KOSDAQ,벤처기업부,7290,3,0,0.0,7210,7330,7190,33300,242476190,99985146360,13659173,KSQ,ME006
048550,KR7048550008,SM C&C,KOSDAQ,중견기업부,1045,1,34,3.36,1015,1051,1010,269827,279495293,99809487840,96714620,KSQ,ME006
323990,KR7323990002,박셀바이오,KOSDAQ,기술성장기업부,4290,2,-20,-0.46,4310,4385,4255,48387,207931945,99657723325,23257345,KSQ,ME006
059210,KR7059210005,메타바이오메드,KOSDAQ,우량기업부,3660,2,-10,-0.27,3670,3685,3575,61038,222620085,99583345925,27171445,KSQ,ME006
322180,KR7322180001,LS티라유텍,KOSDAQ,벤처기업부,4630,1,295,6.81,4675,4675,4370,194630,893461139,99526970780,21496106,KSQ,ME006
063170,KR7063170005,서울옥션,KOSDAQ,중견기업부,5600,2,-20,-0.36,5620,5640,5480,21194,117419160,99002667190,17774267,KSQ,ME006
352090,KR7352090005,스톰테크,KOSDAQ,우량기업부,3680,1,5,0.14,3695,3695,3615,21075,76819103,98892632640,26872998,KSQ,ME006
261780,KR7261780001,아리바이오랩,KOSDAQ,기술성장기업부,3410,2,-55,-1.59,3530,3540,3335,328970,1125140682,98739878160,28955976,KSQ,ME006
091120,KR7091120006,이엠텍,KOSDAQ,중견기업부,5810,1,300,5.44,5470,5870,5420,57601,329365870,98514382000,17132936,KSQ,ME006
366030,KR7366030005,나인앤컴퍼니,KOSDAQ,중견기업부,4370,2,-75,-1.69,4500,4500,4315,29006,126945385,98204439750,22653850,KSQ,ME006
298540,KR7298540006,더네이쳐홀딩스,KOSDAQ,우량기업부,6800,1,140,2.1,6640,6790,6520,69782,461324735,98072833220,14486386,KSQ,ME006
205100,KR7205100001,엑셈,KOSDAQ,벤처기업부,1447,2,-6,-0.41,1453,1485,1426,338583,490118470,97797013552,67539374,KSQ,ME006
0017J0,KR70017J0004,세미티에스,KOSDAQ,벤처기업부,3220,1,110,3.54,3160,3385,2980,2952224,9464847121,97538617635,30151041,KSQ,ME006
380550,KR7380550004,뉴로핏,KOSDAQ,기술성장기업부,8070,1,160,2.02,7900,8110,7800,91103,725946000,97102973360,12198866,KSQ,ME006
187790,KR7187790001,나노,KOSDAQ,벤처기업부,3150,2,-20,-0.63,3220,3240,3120,71993,228024540,96840206200,30840830,KSQ,ME006
394420,KR7394420004,리센스메디컬,KOSDAQ,기술성장기업부,8810,2,-590,-6.28,9390,9500,8660,78013,697699090,96357380760,10999701,KSQ,ME006
348350,KR7348350000,위드텍,KOSDAQ,벤처기업부,9860,1,90,0.92,9770,9940,9670,16937,166024490,95976752000,9773600,KSQ,ME006
002230,KR7002230001,피에스텍,KOSDAQ,우량기업부,5260,1,80,1.54,5180,5360,5180,51880,273053305,95789564000,18421070,KSQ,ME006
330350,KR7330350000,위더스제약,KOSDAQ,우량기업부,7250,2,-10,-0.14,7260,7340,7200,25769,187204135,95697680000,13199680,KSQ,ME006
052420,KR7052420007,오성첨단소재,KOSDAQ,우량기업부,9770,1,10,0.1,9740,9850,9670,13487,131757130,95179427930,9742009,KSQ,ME006
032300,KR7032300006,한국파마,KOSDAQ,중견기업부,8630,1,1130,15.07,7500,9500,7460,2008094,17948733670,95106432720,10906701,KSQ,ME006
052460,KR7052460003,아이크래프트,KOSDAQ,벤처기업부,6530,1,260,4.15,6400,6600,6240,158701,1019878700,94951584000,14607936,KSQ,ME006
042500,KR7042500009,링네트,KOSDAQ,우량기업부,4220,3,0,0.0,4220,4260,4205,73681,312130045,94514450560,22291144,KSQ,ME006
198440,KR7198440000,강동씨앤엘,KOSDAQ,중견기업부,1534,2,-31,-1.98,1565,1611,1531,366049,571949573,94200711216,60931896,KSQ,ME006
054540,KR7054540000,삼영엠텍,KOSDAQ,우량기업부,7180,1,230,3.31,6950,7470,6910,213958,1550474465,93860000000,13000000,KSQ,ME006
357880,KR7357880004,SKAI,KOSDAQ,기술성장기업부,1722,2,-76,-4.23,1792,1798,1725,929433,1626433472,93613456321,54205823,KSQ,ME006
282720,KR7282720002,금양그린파워,KOSDAQ,중견기업부,7790,1,240,3.18,7580,7870,7540,20717,160859830,93441345000,12119500,KSQ,ME006
005860,KR7005860002,한일사료,KOSDAQ,우량기업부,2350,3,0,0.0,2330,2370,2330,88132,207905690,93189715025,39403685,KSQ,ME006
357580,KR7357580000,아모센스,KOSDAQ,기술성장기업부,8120,1,50,0.62,8300,8450,7890,447080,3642492835,93139119800,11789762,KSQ,ME006
052900,KR7052900008,KX하이텍,KOSDAQ,우량기업부,1214,2,-21,-1.7,1252,1266,1210,1104865,1365220745,92921725080,76668090,KSQ,ME006
074430,KR7074430000,아미노로직스,KOSDAQ,중견기업부,1039,2,-8,-0.76,1042,1050,1032,33139,34451277,92379619728,89341992,KSQ,ME006
109610,KR7109610006,에스와이,KOSDAQ,중견기업부,1898,2,-2,-0.11,1888,1916,1876,45047,85039395,92092634200,48907400,KSQ,ME006
065450,KR7065450009,빅텍,KOSDAQ,벤처기업부,3110,1,35,1.14,3050,3175,3045,1019692,3178522319,92026905360,29495803,KSQ,ME006
023900,KR7023900004,풍국주정,KOSDAQ,우량기업부,7140,2,-50,-0.7,7200,7430,7120,5934,43049725,91602000000,12600000,KSQ,ME006
036220,KR7036220002,오상헬스케어,KOSDAQ,우량기업부,6450,1,30,0.47,6420,6540,6400,17965,116026250,91580262400,14309416,KSQ,ME006
062970,KR7062970009,한국첨단소재,KOSDAQ,중견기업부,3040,1,165,5.74,2910,3050,2895,1479049,4409425128,91572165920,30122423,KSQ,ME006
040420,KR7040420002,정상제이엘에스,KOSDAQ,우량기업부,5840,3,0,0.0,5850,5860,5830,4709,27504220,91556903680,15677552,KSQ,ME006
307870,KR7307870006,비투엔,KOSDAQ,벤처기업부,1225,2,-1,-0.08,1235,1235,1200,305567,371711457,91388120550,74299285,KSQ,ME006
047560,KR7047560008,이스트소프트,KOSDAQ,중견기업부,7750,1,190,2.51,7670,7840,7580,30934,239727305,91321447140,11753082,KSQ,ME006
053580,KR7053580007,웹케시,KOSDAQ,우량기업부,7070,1,70,1.0,6980,7070,6950,13988,98313970,90810596360,12954436,KSQ,ME006
033560,KR7033560004,블루콤,KOSDAQ,중견기업부,5350,3,0,0.0,5300,5390,5240,15651,83701970,90801000000,17100000,KSQ,ME006
085670,KR7085670008,뉴프렉스,KOSDAQ,우량기업부,3700,1,265,7.71,3460,3940,3410,1096153,4111506293,90775319505,24500761,KSQ,ME006
432470,KR7432470003,케이엔에스,KOSDAQ,벤처기업부,10380,1,30,0.29,10350,11020,10280,130513,1391480680,90522457920,8771556,KSQ,ME006
223250,KR7223250002,드림씨아이에스,KOSDAQ,벤처기업부,3690,1,70,1.93,3620,3760,3500,456331,1668958308,90406631700,24600444,KSQ,ME006
013310,KR7013310008,아진산업,KOSDAQ,우량기업부,2315,1,20,0.87,2295,2340,2285,62561,144588581,90031270240,38806582,KSQ,ME006
044990,KR7044990000,에이치엔에스하이텍,KOSDAQ,기술성장기업부,11700,1,450,4.0,11300,11820,11190,13121,152738480,89765764000,7685425,KSQ,ME006
303810,KR7303810006,동국생명과학,KOSDAQ,중견기업부,2790,2,-20,-0.71,2850,2935,2740,1733294,4896895854,89715512700,31984140,KSQ,ME006
048910,KR7048910004,대원미디어,KOSDAQ,우량기업부,7170,1,30,0.42,7220,7290,7030,42504,304900060,89687884980,12578946,KSQ,ME006
093920,KR7093920007,서원인텍,KOSDAQ,우량기업부,4820,1,20,0.42,4800,4825,4760,7711,37009895,89652000000,18600000,KSQ,ME006
234030,KR7234030005,싸이닉솔루션,KOSDAQ,중견기업부,3850,2,-10,-0.26,3875,4000,3745,460207,1773820016,89580975000,23605000,KSQ,ME006
066590,KR7066590001,스모트로닉,KOSDAQ,중견기업부,2305,2,-15,-0.65,2300,2335,2295,50999,117833340,89539424155,38677937,KSQ,ME006
100130,KR7100130004,동국S&C,KOSDAQ,중견기업부,1571,1,64,4.25,1507,1794,1489,5107571,8452519939,89428795000,57143000,KSQ,ME006
900260,HK0000295359,로스웰,KOSDAQ,외국기업(소속부없음),1937,1,37,1.95,1938,1955,1856,3684,7079499,89159540522,46029706,KSQ,ME006
246960,KR7246960009,SCL사이언스,KOSDAQ,기술성장기업부,2625,1,5,0.19,2600,2620,2470,122596,312463615,89124663140,34017047,KSQ,ME006
234300,KR7234300002,에스트래픽,KOSDAQ,우량기업부,3250,1,10,0.31,3270,3290,3205,70679,230668739,88425285000,27207780,KSQ,ME006
457370,KR7457370005,한켐,KOSDAQ,중견기업부,10990,2,-100,-0.9,11090,11160,10840,242774,2671186840,88254445960,8067134,KSQ,ME006
009300,KR7009300005,삼아제약,KOSDAQ,우량기업부,13980,1,480,3.56,13760,14100,13680,851,11769330,88224500000,6370000,KSQ,ME006
357230,KR7357230002,에이치피오,KOSDAQ,우량기업부,2125,2,-25,-1.16,2150,2165,2125,14964,32108975,87748636500,41293476,KSQ,ME006
140070,KR7140070004,서플러스글로벌,KOSDAQ,벤처기업부,2370,1,5,0.21,2330,2375,2310,36807,85965720,87476620000,36988000,KSQ,ME006
362320,KR7362320004,청담글로벌,KOSDAQ,중견기업부,4185,1,25,0.6,4195,4215,4130,28116,117134525,86910251400,20692917,KSQ,ME006
101330,KR7101330009,모베이스,KOSDAQ,중견기업부,3750,1,120,3.31,3630,3780,3460,144203,532245688,86685623605,23147029,KSQ,ME006
048530,KR7048530000,인트론바이오,KOSDAQ,기술성장기업부,2865,2,-25,-0.87,2890,2905,2805,43542,124009230,86651381190,30891758,KSQ,ME006
078890,KR7078890001,가온그룹,KOSDAQ,중견기업부,4720,1,175,3.85,4545,4770,4535,93653,441318575,86597232100,18424943,KSQ,ME006
096240,KR7096240007,크레버스,KOSDAQ,우량기업부,8490,1,10,0.12,8480,8480,8420,4525,38190070,86410239200,10238180,KSQ,ME006
478560,KR7478560006,블랙야크아이앤씨,KOSDAQ,벤처기업부,3395,1,25,0.74,3495,3495,3325,27105,91284810,86273195320,25830298,KSQ,ME006
162300,KR7162300008,신스틸,KOSDAQ,우량기업부,2085,2,-30,-1.42,2115,2115,2050,480999,1001735784,86260474560,41471382,KSQ,ME006
014950,KR7014950000,삼익제약,KOSDAQ,벤처기업부,8470,2,-270,-3.09,8620,8760,8490,320500,2761901800,86077877400,10067588,KSQ,ME006
226400,KR7226400000,오스테오닉,KOSDAQ,기술성장기업부,4180,1,100,2.45,4060,4200,4060,57151,238141346,86055568165,20661601,KSQ,ME006
033290,KR7033290008,로젠,KOSDAQ,우량기업부,1525,1,4,0.26,1518,1531,1507,5963,9098881,85919140530,56156301,KSQ,ME006
192410,KR7192410009,오늘이엔엠,KOSDAQ,중견기업부,3470,2,-95,-2.66,3580,3725,3295,67891,230834665,85632090600,25185909,KSQ,ME006
067000,KR7067000000,조이시티,KOSDAQ,중견기업부,1216,2,-6,-0.49,1225,1238,1186,738097,891713657,85631721350,69903446,KSQ,ME006
251120,KR7251120002,바이오에프디엔씨,KOSDAQ,기술성장기업부,9990,1,10,0.1,9940,10120,9750,23650,233775080,85478731000,8695700,KSQ,ME006
004650,KR7004650008,창해에탄올,KOSDAQ,우량기업부,9280,3,0,0.0,9320,9340,9270,15870,147861025,85475230500,9190885,KSQ,ME006
215100,KR7215100009,로보로보,KOSDAQ,벤처기업부,4205,1,75,1.82,4105,4265,4030,91236,383183979,85361764530,20348454,KSQ,ME006
263720,KR7263720005,디앤씨미디어,KOSDAQ,우량기업부,6930,3,0,0.0,7100,7100,6860,5051,35052685,84861737730,12245561,KSQ,ME006
086710,KR7086710001,선진뷰티사이언스,KOSDAQ,우량기업부,6910,1,60,0.88,6870,6970,6870,9188,63661730,84812796000,12203280,KSQ,ME006
038110,KR7038110003,에코플라스틱,KOSDAQ,우량기업부,2050,1,10,0.49,2040,2080,2035,113862,234223815,84808902200,41169370,KSQ,ME006
072020,KR7072020001,중앙백신,KOSDAQ,벤처기업부,9160,1,20,0.22,9200,9200,9090,4705,42866960,84792113960,9256781,KSQ,ME006
006140,KR7006140008,피제이전자,KOSDAQ,우량기업부,5690,1,1310,29.91,4390,5690,4335,1687559,8925294381,84581850000,14865000,KSQ,ME006
263600,KR7263600009,덕우전자,KOSDAQ,중견기업부,5190,1,780,17.69,4980,5730,4975,6569234,34990558635,84271339900,15930310,KSQ,ME006
025950,KR7025950007,동신건설,KOSDAQ,우량기업부,10060,2,-40,-0.4,10010,10230,9980,18638,188337500,84168000000,8400000,KSQ,ME006
066700,KR7066700006,테라젠이텍스,KOSDAQ,중견기업부,2240,2,-30,-1.32,2270,2295,2210,23870,53441290,84150131640,37152376,KSQ,ME006
037760,KR7037760006,쎄니트,KOSDAQ,중견기업부,2490,1,45,1.84,2445,2495,2415,152110,373000865,84074808685,33832921,KSQ,ME006
078140,KR7078140001,대봉엘에스,KOSDAQ,우량기업부,7640,2,-40,-0.52,7680,7730,7550,16374,124567520,84036268820,11086579,KSQ,ME006
330730,KR7330730003,스톤브릿지벤처스,KOSDAQ,벤처기업부,4600,3,0,0.0,4555,4615,4555,9483,43522105,83893107150,18217830,KSQ,ME006
094860,KR7094860004,네오리진,KOSDAQ,중견기업부,1572,1,42,2.75,1517,1600,1503,148401,233040389,83329611966,53110014,KSQ,ME006
185490,KR7185490000,아이진,KOSDAQ,벤처기업부,1917,2,-52,-2.64,1966,1973,1870,104612,199642526,82914725712,43229784,KSQ,ME006
294630,KR7294630009,서남,KOSDAQ,기술성장기업부,3110,1,35,1.14,3075,3180,3070,118225,369922627,82809934375,26499179,KSQ,ME006
123010,KR7123010001,MSDI,KOSDAQ,기술성장기업부,4125,2,-335,-7.51,4505,4570,3520,1222625,4934748665,82682487030,20215767,KSQ,ME006
360070,KR7360070007,탑머티리얼,KOSDAQ,중견기업부,10150,1,350,3.57,9620,10170,9600,19960,199879925,82657713870,8192043,KSQ,ME006
007820,KR7007820004,엠엑스로보틱스,KOSDAQ,중견기업부,3515,1,25,0.72,3485,3600,3485,71721,255117700,82448286165,23323419,KSQ,ME006
389030,KR7389030008,지니너스,KOSDAQ,기술성장기업부,2095,3,0,0.0,2090,2140,2025,165950,343348852,82329846390,39392271,KSQ,ME006
029480,KR7029480001,광무,KOSDAQ,중견기업부,1385,1,3,0.22,1371,1404,1371,22164,30747648,82233244764,59719132,KSQ,ME006
049080,KR7049080005,기가레인,KOSDAQ,벤처기업부,9710,1,120,1.25,9840,10080,9585,458913,4534011785,82082189780,8488334,KSQ,ME006
063080,KR7063080006,컴투스홀딩스,KOSDAQ,중견기업부,12600,1,210,1.69,12500,12610,12370,11137,138984125,82044188480,6595192,KSQ,ME006
381620,KR7381620004,제닉스로보틱스,KOSDAQ,중견기업부,6220,1,110,1.8,6140,6300,6140,50189,312622360,81987000000,13117920,KSQ,ME006
365330,KR7365330000,에스와이스틸텍,KOSDAQ,우량기업부,1640,2,-56,-3.3,1673,1684,1633,428024,707999842,81929243000,50171000,KSQ,ME006
066980,KR7066980004,한성크린텍,KOSDAQ,벤처기업부,1520,2,-5,-0.33,1518,1541,1500,202168,307470919,81893542169,53771203,KSQ,ME006
323350,KR7323350009,다원넥스뷰,KOSDAQ,기술성장기업부,10110,1,320,3.27,9790,11360,9710,280434,2908937595,81309335800,8010772,KSQ,ME006
382840,KR7382840007,원준,KOSDAQ,중견기업부,5360,1,180,3.47,5180,5440,5170,79899,426270295,81244810920,15271581,KSQ,ME006
396270,KR7396270001,넥스트칩,KOSDAQ,벤처기업부,2485,2,-15,-0.6,2495,2555,2420,464787,1155019902,80903080260,32887431,KSQ,ME006
104040,KR7104040001,디에스엠,KOSDAQ,벤처기업부,2980,1,90,3.11,2890,3150,2880,103435,309662130,80842898475,26813565,KSQ,ME006
0015S0,KR70015S0005,페스카로,KOSDAQ,기술성장기업부,8210,1,210,2.63,8000,8330,7950,52921,433142605,80709851400,9866730,KSQ,ME006
066430,KR7066430000,아이로보틱스,KOSDAQ,중견기업부,2055,3,0,0.0,2045,2080,2040,183230,376828365,80656160560,39153476,KSQ,ME006
036640,KR7036640001,HRS,KOSDAQ,우량기업부,4930,2,-25,-0.5,4950,4950,4900,21967,107888742,80629164000,16354800,KSQ,ME006
389140,KR7389140005,포바이포,KOSDAQ,벤처기업부,5650,1,60,1.07,5590,5770,5470,24760,138802030,80338608050,14269735,KSQ,ME006
475430,KR7475430005,키스트론,KOSDAQ,중견기업부,4510,1,55,1.23,4450,4520,4425,118275,530169765,80316495000,17848110,KSQ,ME006
054670,KR7054670005,대한뉴팜,KOSDAQ,우량기업부,5550,1,20,0.36,5555,5650,5470,17015,94420880,80244002800,14354920,KSQ,ME006
418470,KR7418470001,KT밀리의서재,KOSDAQ,우량기업부,9290,3,0,0.0,9370,9380,9200,22317,206898580,80090127150,8565789,KSQ,ME006
066310,KR7066310004,큐에스아이,KOSDAQ,벤처기업부,8730,1,370,4.43,8360,8720,8360,97253,837872465,79921373020,9271621,KSQ,ME006
302550,KR7302550009,리메드,KOSDAQ,기술성장기업부,2635,1,20,0.76,2670,2700,2600,6497,17140545,79774659255,30275013,KSQ,ME006
142280,KR7142280007,녹십자엠에스,KOSDAQ,중견기업부,3340,2,-20,-0.6,3390,3390,3255,242368,807065551,79677078075,23963031,KSQ,ME006
137950,KR7137950002,제이씨케미칼,KOSDAQ,우량기업부,3535,1,20,0.57,3490,3610,3490,31179,111233820,79607435050,22267814,KSQ,ME006
079810,KR7079810008,APS이노베이션,KOSDAQ,우량기업부,3685,1,75,2.08,3610,3730,3450,73835,271587709,79438666860,21528094,KSQ,ME006
032540,KR7032540007,TJ미디어,KOSDAQ,우량기업부,3780,1,10,0.27,3790,3810,3600,9289,34743267,79410169400,20897413,KSQ,ME006
147760,KR7147760003,피엠티,KOSDAQ,벤처기업부,3975,2,-25,-0.63,4000,4120,3860,199054,786943994,79400000000,20000000,KSQ,ME006
0117P0,KR70117P0005,피스피스스튜디오,KOSDAQ,중견기업부,5620,1,20,0.36,5550,5640,5510,50397,281775640,79345901600,14168911,KSQ,ME006
024880,KR7024880007,케이피에프,KOSDAQ,우량기업부,3970,1,80,2.06,3880,3995,3840,89408,352947394,79267955400,19941624,KSQ,ME006
131370,KR7131370009,알서포트,KOSDAQ,벤처기업부,1498,1,24,1.63,1500,1500,1475,46575,69282212,79208152421,53267083,KSQ,ME006
331380,KR7331380006,포커스에이아이,KOSDAQ,투자주의환기종목(소속부없음),2130,1,60,2.9,2075,2195,2050,105884,224379580,78725283510,36960227,KSQ,ME006
058400,KR7058400003,KNN,KOSDAQ,우량기업부,6070,1,140,2.36,5990,5990,5650,4005,23702450,78530823960,13242972,KSQ,ME006
000440,KR7000440008,중앙에너비스,KOSDAQ,중견기업부,12470,1,180,1.46,12580,12610,12350,13846,173589880,78212752800,6227130,KSQ,ME006
004590,KR7004590006,한국가구,KOSDAQ,중견기업부,5250,1,70,1.35,5140,5250,5140,16961,88643510,78150000000,15000000,KSQ,ME006
067170,KR7067170001,오텍,KOSDAQ,중견기업부,2860,1,235,8.95,2680,3065,2655,2489679,7141161677,78143862515,27467087,KSQ,ME006
107600,KR7107600009,새빗켐,KOSDAQ,벤처기업부,14090,1,730,5.46,13440,14250,13300,30048,413839295,77970745200,5650054,KSQ,ME006
388870,KR7388870008,파로스아이바이오,KOSDAQ,기술성장기업부,6020,2,-120,-1.95,6120,6180,5950,45691,276781080,77934510640,12945932,KSQ,ME006
047820,KR7047820006,초록뱀미디어,KOSDAQ,중견기업부,3190,3,0,0.0,3200,3230,3160,8524,27117575,77763497400,24453930,KSQ,ME006
012790,KR7012790002,신일제약,KOSDAQ,우량기업부,6480,1,40,0.62,6440,6560,6410,36933,239319375,77671969200,11986415,KSQ,ME006
149980,KR7149980005,하이로닉,KOSDAQ,중견기업부,4555,2,-125,-2.67,4615,4675,4500,15877,72340575,77653692690,17199046,KSQ,ME006
084730,KR7084730001,팅크웨어,KOSDAQ,중견기업부,6940,2,-70,-1.0,6940,7010,6840,6035,41672600,77543779520,11109424,KSQ,ME006
088390,KR7088390000,이녹스,KOSDAQ,중견기업부,8220,2,-20,-0.24,8240,8290,8130,5577,45836860,77433213000,9385844,KSQ,ME006
065510,KR7065510000,휴비츠,KOSDAQ,우량기업부,7100,1,120,1.72,6980,7100,6980,48028,339299680,77124275550,10877895,KSQ,ME006
253840,KR7253840003,수젠텍,KOSDAQ,중견기업부,4530,2,-40,-0.88,4570,4640,4530,98713,451853400,77018720000,16743200,KSQ,ME006
302430,KR7302430004,이노메트리,KOSDAQ,벤처기업부,7840,2,-20,-0.25,7860,7930,7710,75792,594366955,76955182800,9803208,KSQ,ME006
0007J0,KR70007J0006,인벤테라,KOSDAQ,기술성장기업부,9780,2,-1000,-9.28,10600,10600,9670,237979,2380881720,76769368640,7865714,KSQ,ME006
225530,KR7225530005,HC보광산업,KOSDAQ,우량기업부,2135,1,20,0.95,2135,2135,2085,6522,13731730,76674713970,36338727,KSQ,ME006
168330,KR7168330009,내츄럴엔도텍,KOSDAQ,투자주의환기종목(소속부없음),2410,1,50,2.12,2345,2410,2345,15708,37439397,76529309000,31754900,KSQ,ME006
950130,KR8840090003,엑세스바이오,KOSDAQ,외국기업(소속부없음),2160,2,-30,-1.37,2190,2200,2120,48746,104790520,76503088950,35173834,KSQ,ME006
303360,KR7303360002,프로티아,KOSDAQ,기술성장기업부,6090,1,60,1.0,6170,6170,5900,48138,288817070,76376709950,12879715,KSQ,ME006
263800,KR7263800005,데이타솔루션,KOSDAQ,중견기업부,4705,1,90,1.95,4615,4780,4565,102981,485394305,76340412900,16225380,KSQ,ME006
291650,KR7291650000,츌립앤사이언스,KOSDAQ,기술성장기업부,2600,1,330,14.54,2335,2500,2245,148023,360385279,76299052500,30519621,KSQ,ME006
124560,KR7124560004,태웅로직스,KOSDAQ,우량기업부,1967,2,-8,-0.41,1957,1974,1953,9823,19275305,76202556048,38720811,KSQ,ME006
038680,KR7038680005,에스넷,KOSDAQ,우량기업부,3830,1,55,1.46,3755,3925,3755,56295,217356315,76165855650,19912642,KSQ,ME006
030960,KR7030960009,양지사,KOSDAQ,중견기업부,4805,1,100,2.13,4700,4805,4670,9437,44786860,76064800000,15980000,KSQ,ME006
011370,KR7011370004,서한,KOSDAQ,우량기업부,3780,1,70,1.89,3725,3785,3710,21982,82282880,75973833345,20178973,KSQ,ME006
041930,KR7041930009,SY동아,KOSDAQ,우량기업부,5010,2,-10,-0.2,5020,5040,4980,9177,45987428,75772000000,15200000,KSQ,ME006
058630,KR7058630005,엠게임,KOSDAQ,우량기업부,4070,1,20,0.49,4050,4140,4030,44960,182634550,75747336090,18772574,KSQ,ME006
011320,KR7011320009,유니크,KOSDAQ,우량기업부,3950,1,50,1.28,3900,4025,3845,25762,101826585,75737124400,19320695,KSQ,ME006
170030,KR7170030001,현대공업,KOSDAQ,우량기업부,4930,1,100,2.07,4830,4950,4820,24618,120556370,75702900000,15340000,KSQ,ME006
040910,KR7040910002,아이씨디,KOSDAQ,중견기업부,4215,1,105,2.55,4150,4350,4100,17030,70960580,75695855375,18174275,KSQ,ME006
012700,KR7012700001,리드코프,KOSDAQ,우량기업부,2915,1,20,0.69,2910,2920,2880,14183,41216755,75645019320,25994852,KSQ,ME006
413390,KR7413390006,엠오티,KOSDAQ,중견기업부,6650,1,240,3.74,6340,6690,6340,16481,108089540,75500128800,11285520,KSQ,ME006
451250,KR7451250005,삐아,KOSDAQ,벤처기업부,7340,1,90,1.24,7250,7380,7210,6630,48494330,75466972260,10225877,KSQ,ME006
102370,KR7102370004,케이옥션,KOSDAQ,기술성장기업부,2915,1,5,0.17,2910,2940,2860,15583,45293757,75205482450,25888290,KSQ,ME006
060590,KR7060590007,씨티씨바이오,KOSDAQ,중견기업부,3105,1,5,0.16,3085,3125,3065,14872,45840347,74719351800,24181020,KSQ,ME006
019550,KR7019550003,SBI인베스트먼트,KOSDAQ,중견기업부,931,1,13,1.42,923,930,908,341184,313401075,74601313924,80562974,KSQ,ME006
217330,KR7217330000,싸이토젠,KOSDAQ,기술성장기업부,3245,1,20,0.62,3280,3410,3210,98151,321943515,74245845870,23129547,KSQ,ME006
010280,KR7010280006,아이티센엔텍,KOSDAQ,우량기업부,5720,2,-80,-1.38,5780,5780,5600,45147,255829295,74241114900,13024757,KSQ,ME006
347890,KR7347890006,엠엑스온,KOSDAQ,벤처기업부,4355,1,30,0.69,4345,4390,4305,6575,28589140,74092503420,17013204,KSQ,ME006
040160,KR7040160004,누리플렉스,KOSDAQ,중견기업부,6430,1,190,3.04,6240,6390,6020,8382,51903000,74033276730,11883351,KSQ,ME006
060570,KR7060570009,드림어스컴퍼니,KOSDAQ,중견기업부,5100,1,100,2.0,5000,5040,4855,5210,25990650,73953366860,14820314,KSQ,ME006
208140,KR7208140004,정다운,KOSDAQ,우량기업부,2250,1,5,0.22,2250,2275,2245,27189,61483401,73702974730,32684246,KSQ,ME006
024740,KR7024740003,한일단조,KOSDAQ,우량기업부,2240,1,35,1.59,2210,2245,2205,199623,443516663,73689389760,32897049,KSQ,ME006
277880,KR7277880001,티에스아이,KOSDAQ,우량기업부,3745,1,110,3.03,3695,3755,3650,35207,130974005,73618316520,19843212,KSQ,ME006
171120,KR7171120009,라이온켐텍,KOSDAQ,우량기업부,2050,1,53,2.65,2005,2055,1994,61680,125819184,73419099200,35901760,KSQ,ME006
294140,KR7294140009,레몬,KOSDAQ,관리종목(소속부없음),2940,2,-80,-2.65,3015,3015,2840,28501,83052829,73249564920,24914818,KSQ,ME006
451220,KR7451220008,아이엠티,KOSDAQ,기술성장기업부,9300,1,10,0.11,9440,9650,9200,54296,510235780,73233882300,7874611,KSQ,ME006
089230,KR7089230007,THE E&M,KOSDAQ,중견기업부,1835,2,-75,-3.93,1915,1949,1806,201313,372573949,73166033024,39421354,KSQ,ME006
212710,KR7212710008,아이에스티이,KOSDAQ,기술성장기업부,7470,2,-10,-0.13,7480,7790,7390,92969,710242810,73056634560,9714978,KSQ,ME006
039980,KR7039980008,폴라리스AI,KOSDAQ,중견기업부,5080,3,0,0.0,5190,5190,5060,46049,234864810,73056567120,14381214,KSQ,ME006
038460,KR7038460002,바이오스마트,KOSDAQ,우량기업부,2890,1,70,2.48,2835,2910,2835,122304,351544875,72917053670,25274542,KSQ,ME006
020710,KR7020710000,시공테크,KOSDAQ,우량기업부,3610,1,10,0.28,3600,3630,3580,47332,170378603,72774131100,20047970,KSQ,ME006
041910,KR7041910001,폴라리스AI파마,KOSDAQ,우량기업부,5510,2,-20,-0.36,5600,5600,5460,22549,124313680,72659924500,13283350,KSQ,ME006
347000,KR7347000002,센코,KOSDAQ,기술성장기업부,1892,3,0,0.0,1860,1950,1840,172106,326465761,72596824320,37810846,KSQ,ME006
017480,KR7017480005,삼현철강,KOSDAQ,우량기업부,4715,1,5,0.11,4725,4725,4675,13896,65230420,72504368550,15442890,KSQ,ME006
080010,KR7080010002,이상네트웍스,KOSDAQ,중견기업부,7400,3,0,0.0,7390,7410,7300,1242,9120800,72484473270,9835071,KSQ,ME006
377480,KR7377480009,마음AI,KOSDAQ,기술성장기업부,10120,2,-30,-0.3,10160,10240,10010,20549,208401680,72382599500,7110275,KSQ,ME006
417790,KR7417790003,트루엔,KOSDAQ,벤처기업부,6880,1,270,4.08,6610,6910,6540,17626,119270970,72336581810,10468391,KSQ,ME006
299660,KR7299660001,셀리드,KOSDAQ,기술성장기업부,2430,1,20,0.83,2450,2455,2350,202891,487666205,72134778765,29502977,KSQ,ME006
053280,KR7053280004,예스24,KOSDAQ,중견기업부,2910,1,15,0.52,2910,2910,2805,12172,34752235,72000000000,25000000,KSQ,ME006
065530,KR7065530008,와이어블,KOSDAQ,우량기업부,1501,1,221,17.27,1267,1628,1267,8386761,12850390508,71997332295,47838759,KSQ,ME006
039010,KR7039010004,현대에이치티,KOSDAQ,우량기업부,8440,1,90,1.08,8300,8350,8170,7331,60605980,71932500000,8625000,KSQ,ME006
417970,KR7417970001,모델솔루션,KOSDAQ,우량기업부,11230,1,710,6.75,10640,11290,10560,12748,141295280,71707007000,6396700,KSQ,ME006
083790,KR7083790006,CG인바이츠,KOSDAQ,벤처기업부,937,2,-8,-0.85,950,950,900,69030,63495323,71511589260,76894182,KSQ,ME006
054620,KR7054620000,APS,KOSDAQ,중견기업부,3895,1,190,5.13,3690,3945,3670,53565,204840704,71277606375,18394221,KSQ,ME006
054040,KR7054040001,한국컴퓨터,KOSDAQ,우량기업부,4430,1,5,0.11,4425,4445,4390,10560,46687695,71195814700,16071290,KSQ,ME006
128660,KR7128660008,피제이메탈,KOSDAQ,우량기업부,2855,1,20,0.71,2870,2890,2820,98424,281438185,71185669030,24803369,KSQ,ME006
460940,KR7460940000,피앤에스로보틱스,KOSDAQ,기술성장기업부,5300,1,80,1.53,5170,5320,5170,38607,203380300,71043878400,13455280,KSQ,ME006
320000,KR7320000003,한울반도체,KOSDAQ,중견기업부,10370,3,0,0.0,10370,10780,10200,121349,1270049195,70934254200,6913670,KSQ,ME006
091590,KR7091590000,남화토건,KOSDAQ,중견기업부,6050,2,-60,-0.98,6070,6280,6030,100252,613018425,70909600000,11740000,KSQ,ME006
090470,KR7090470006,제이스로보틱스,KOSDAQ,벤처기업부,4130,3,0,0.0,4130,4175,4010,17800,72352380,70780205700,17476594,KSQ,ME006
155650,KR7155650005,와이엠씨,KOSDAQ,우량기업부,3675,2,-25,-0.68,3700,3850,3655,71862,268178515,70774355340,18974358,KSQ,ME006
225190,KR7225190008,LK삼양,KOSDAQ,중견기업부,4915,1,655,15.38,4445,5420,4025,4627858,23243514512,70609376880,14093688,KSQ,ME006
096350,KR7096350004,대창솔루션,KOSDAQ,벤처기업부,1895,1,15,0.8,1870,1928,1870,63572,121032880,70429450182,36854762,KSQ,ME006
104460,KR7104460001,디와이피엔에프,KOSDAQ,우량기업부,6670,1,40,0.6,6590,6740,6570,6635,44212950,70366095690,10518101,KSQ,ME006
487580,KR7487580003,폴레드,KOSDAQ,벤처기업부,2800,2,-105,-3.61,2920,2950,2710,692472,1937060980,70260182190,25182861,KSQ,ME006
371950,KR7371950007,풍원정밀,KOSDAQ,기술성장기업부,3005,2,-115,-3.69,3120,3180,2930,72543,217572887,70223729800,23565010,KSQ,ME006
045660,KR7045660008,에이텍,KOSDAQ,우량기업부,8600,1,20,0.23,8510,8660,8470,5366,45930280,70210000000,8260000,KSQ,ME006
092040,KR7092040005,아미코젠,KOSDAQ,기술성장기업부,989,2,-1,-0.1,982,998,978,147215,145418672,69807522356,70655387,KSQ,ME006
076610,KR7076610005,해성옵틱스,KOSDAQ,벤처기업부,1139,1,39,3.55,1110,1151,1095,613772,695270193,69685651464,60914031,KSQ,ME006
089790,KR7089790000,제이티,KOSDAQ,벤처기업부,6800,1,150,2.26,6560,7030,6550,224693,1527941855,69423402490,10315513,KSQ,ME006
032850,KR7032850000,비트컴퓨터,KOSDAQ,벤처기업부,4155,2,-5,-0.12,4185,4185,4120,34668,143937970,69402248275,16623293,KSQ,ME006
110790,KR7110790003,크리스에프앤씨,KOSDAQ,우량기업부,2960,1,10,0.34,2970,2970,2925,1265,3738155,69238486800,23430960,KSQ,ME006
282620,KR7282620004,기도산업,KOSDAQ,중견기업부,11910,1,80,0.68,11800,11960,11780,28312,335519755,69214949670,5860707,KSQ,ME006
332370,KR7332370006,아이디피,KOSDAQ,벤처기업부,5490,1,240,4.57,5240,5250,5140,4729,25163680,69156112460,13273726,KSQ,ME006
337930,KR7337930002,젝시믹스,KOSDAQ,우량기업부,2375,1,10,0.42,2350,2385,2340,26040,61623805,69136451020,29048929,KSQ,ME006
104540,KR7104540000,코렌텍,KOSDAQ,기술성장기업부,5250,1,515,10.88,4830,5550,4810,578294,2997336634,69048161500,13407410,KSQ,ME006
067570,KR7067570002,엔브이에이치코리아,KOSDAQ,중견기업부,1683,1,51,3.13,1650,1660,1615,29186,47954585,68905780000,42170000,KSQ,ME006
026150,KR7026150003,특수건설,KOSDAQ,중견기업부,3920,2,-5,-0.13,3975,3975,3835,12172,47616165,68869349175,17546331,KSQ,ME006
109860,KR7109860007,동일금속,KOSDAQ,우량기업부,7560,2,-50,-0.66,7610,7610,7530,932,7032770,68796000000,9100000,KSQ,ME006
019540,KR7019540004,일지테크,KOSDAQ,우량기업부,5080,1,30,0.59,5060,5150,4995,22363,113479330,68783715000,13513500,KSQ,ME006
024830,KR7024830002,세원물산,KOSDAQ,중견기업부,8220,1,10,0.12,8130,8400,8130,3671,30450670,68470000000,8350000,KSQ,ME006
208370,KR7208370007,셀바스헬스케어,KOSDAQ,벤처기업부,2650,2,-60,-2.21,2690,2770,2650,363629,980871740,68469900240,25740564,KSQ,ME006
347860,KR7347860009,알체라,KOSDAQ,중견기업부,1624,1,12,0.74,1615,1638,1599,102385,165985098,68373215434,42153647,KSQ,ME006
214260,KR7214260002,라파스,KOSDAQ,기술성장기업부,7800,1,10,0.13,7840,7840,7570,6276,48034810,68167617320,8922463,KSQ,ME006
0218L0,KR70218L0007,네오뷰,KOSDAQ,중견기업부,12890,1,440,3.53,12450,13050,12330,14335,183990770,68062657500,5276175,KSQ,ME006
0004V0,KR70004V0003,엔비알모션,KOSDAQ,기술성장기업부,6170,1,10,0.16,6160,6430,6050,188940,1170363995,68044173120,11010384,KSQ,ME006
487400,KR7487400004,케이앤에스아이앤씨,KOSDAQ,기술성장기업부,6620,1,60,0.91,6520,6760,6480,84887,561571310,68029647660,10260882,KSQ,ME006
123420,KR7123420002,위메이드플레이,KOSDAQ,우량기업부,6540,1,30,0.46,6510,6570,6420,7128,46074175,68022808140,10401041,KSQ,ME006
950220,KR8840140006,네오이뮨텍,KOSDAQ,기술성장기업부,1981,1,9,0.46,1982,2020,1950,164215,325259325,67910502400,34211840,KSQ,ME006
117670,KR7117670000,알파칩스,KOSDAQ,벤처기업부,10390,1,10,0.1,10700,11160,10140,49856,526625345,67883150980,6661742,KSQ,ME006
265560,KR7265560003,영화테크,KOSDAQ,우량기업부,6330,2,-30,-0.47,6360,6370,6260,10156,64246220,67882643000,10690180,KSQ,ME006
004780,KR7004780003,대륙제관,KOSDAQ,우량기업부,4260,1,60,1.43,4200,4265,4155,13927,58626115,67827143735,15903199,KSQ,ME006
048430,KR7048430003,유라테크,KOSDAQ,우량기업부,5910,2,-30,-0.51,5940,5960,5810,32331,190728595,67737600000,11520000,KSQ,ME006
228670,KR7228670006,레이,KOSDAQ,벤처기업부,4330,2,-15,-0.35,4440,4440,4265,51406,222519733,67721290930,15640021,KSQ,ME006
002800,KR7002800001,신신제약,KOSDAQ,우량기업부,4450,1,10,0.23,4470,4470,4435,5866,26092025,67584577500,15170500,KSQ,ME006
262260,KR7262260003,에이프로,KOSDAQ,우량기업부,4475,1,75,1.7,4450,4675,4380,26736,121932125,67472528500,15077660,KSQ,ME006
228340,KR7228340006,동양파일,KOSDAQ,중견기업부,3365,2,-55,-1.61,3450,3535,3365,241105,827299282,67400000000,20000000,KSQ,ME006
040350,KR7040350001,크레오에스지,KOSDAQ,벤처기업부,3390,1,80,2.42,3310,3405,3195,64542,211527100,67312504440,19856196,KSQ,ME006
096250,KR7096250006,와이즈넛,KOSDAQ,기술성장기업부,5680,1,90,1.61,5590,5750,5460,20261,114667045,67108524080,11814881,KSQ,ME006
049550,KR7049550007,잉크테크,KOSDAQ,우량기업부,3420,2,-30,-0.87,3450,3480,3385,4447,15123215,67053467340,19606277,KSQ,ME006
095270,KR7095270005,웨이브일렉트로,KOSDAQ,벤처기업부,4685,1,135,2.97,4500,4755,4500,56841,266909247,66903549930,14372406,KSQ,ME006
331740,KR7331740001,아우토크립트,KOSDAQ,기술성장기업부,6780,1,280,4.31,6460,6890,6460,54754,370368695,66306738800,9750991,KSQ,ME006
456070,KR7456070002,이엔셀,KOSDAQ,기술성장기업부,6040,2,-60,-0.98,6140,6190,5940,63199,380555555,66177102000,11029517,KSQ,ME006
014970,KR7014970008,삼륭물산,KOSDAQ,중견기업부,4435,1,75,1.72,4360,4490,4360,28705,127650065,66119500000,14825000,KSQ,ME006
153710,KR7153710009,옵티팜,KOSDAQ,기술성장기업부,4450,2,-30,-0.67,4500,4685,4400,10185,45811920,66014811000,14669958,KSQ,ME006
061040,KR7061040002,알에프텍,KOSDAQ,중견기업부,7260,1,20,0.28,7240,7300,7120,4969,35919450,65961545670,9048223,KSQ,ME006
067370,KR7067370007,선바이오,KOSDAQ,기술성장기업부,5530,1,40,0.73,5580,5580,5390,995,5403670,65954741400,12213841,KSQ,ME006
111710,KR7111710000,남화산업,KOSDAQ,중견기업부,3190,1,30,0.95,3225,3225,3140,7785,24769740,65881600000,20588000,KSQ,ME006
039610,KR7039610001,화성밸브,KOSDAQ,우량기업부,6360,2,-130,-2.0,6430,6450,6260,149092,945139260,65689624000,10410400,KSQ,ME006
0155E0,KR70155E0001,해치텍,KOSDAQ,기술성장기업부,11950,2,-180,-1.48,12050,12390,11890,174673,2100426185,65406828000,5487150,KSQ,ME006
214680,KR7214680001,디알텍,KOSDAQ,벤처기업부,3895,2,-20,-0.51,3980,3980,3850,23232,90414000,65362534065,16695411,KSQ,ME006
204840,KR7204840003,지엘팜텍,KOSDAQ,기술성장기업부,4240,2,-20,-0.47,4255,4305,4170,23439,98700930,65141164200,15509801,KSQ,ME006
241790,KR7241790005,티이엠씨씨엔에스,KOSDAQ,우량기업부,6490,2,-50,-0.76,6500,6650,6410,47599,311312380,64917094660,10002634,KSQ,ME006
315640,KR7315640003,딥노이드,KOSDAQ,기술성장기업부,2205,1,40,1.85,2180,2290,2125,194605,432160171,64912632720,29372232,KSQ,ME006
137080,KR7137080008,나래나노텍,KOSDAQ,중견기업부,6180,1,70,1.15,6110,6130,6050,5141,31311740,64902290940,10709949,KSQ,ME006
222110,KR7222110009,팬젠,KOSDAQ,기술성장기업부,4800,1,55,1.16,4790,4825,4780,1426,6848295,64869643200,13514509,KSQ,ME006
056360,KR7056360001,코위버,KOSDAQ,벤처기업부,6670,1,450,7.23,6330,6880,6290,252237,1658709900,64854816000,9796800,KSQ,ME006
048770,KR7048770002,TPC로보틱스,KOSDAQ,벤처기업부,4155,1,100,2.47,4070,4190,4030,231563,955509097,64754212875,15697991,KSQ,ME006
205470,KR7205470008,휴마시스,KOSDAQ,중견기업부,2620,1,15,0.58,2620,2710,2585,35780,94300025,64648502620,24675001,KSQ,ME006
241690,KR7241690007,유니테크노,KOSDAQ,우량기업부,2625,1,10,0.38,2610,2635,2575,32757,84983140,64480310310,24470706,KSQ,ME006
122350,KR7122350002,삼기,KOSDAQ,중견기업부,1682,1,34,2.06,1648,1700,1648,733304,1229338975,64448578468,38339428,KSQ,ME006
067920,KR7067920009,이글루,KOSDAQ,우량기업부,5880,1,100,1.73,5820,5890,5770,44493,259456240,64437257340,10996119,KSQ,ME006
424960,KR7424960003,스마트레이더시스템,KOSDAQ,기술성장기업부,3900,1,110,2.9,3810,3900,3735,22512,86369415,64127077900,16485110,KSQ,ME006
382480,KR7382480002,지아이텍,KOSDAQ,벤처기업부,1627,1,7,0.43,1620,1645,1608,35504,57662942,64112781060,39357140,KSQ,ME006
126880,KR7126880004,제이엔케이글로벌,KOSDAQ,우량기업부,2800,1,25,0.9,2780,2840,2745,37218,102987355,64059860095,23168123,KSQ,ME006
100030,KR7100030006,인지소프트,KOSDAQ,중견기업부,19570,2,-220,-1.11,20200,20200,19210,2378,46358570,64032423000,3283714,KSQ,ME006
179530,KR7179530001,애드바이오텍,KOSDAQ,기술성장기업부,2085,1,278,15.38,1809,2125,1809,352053,697943828,63959655600,31123920,KSQ,ME006
049470,KR7049470008,비트플래닛,KOSDAQ,중견기업부,2710,2,-5,-0.18,2800,2800,2570,96333,259980764,63806676290,23544899,KSQ,ME006
033130,KR7033130006,디지틀조선,KOSDAQ,중견기업부,1715,2,-2,-0.12,1703,1735,1687,13724,23348324,63726913439,37115267,KSQ,ME006
089850,KR7089850002,유비벨록스,KOSDAQ,우량기업부,4330,1,55,1.29,4240,4330,4200,6405,27407460,63634459680,14730199,KSQ,ME006
273640,KR7273640003,와이엠텍,KOSDAQ,벤처기업부,5820,1,430,7.98,5390,5810,5290,72976,412908330,63602800000,10966000,KSQ,ME006
081150,KR7081150005,티플랙스,KOSDAQ,중견기업부,2600,1,20,0.78,2595,2625,2580,41133,106986010,63219187210,24268402,KSQ,ME006
060310,KR7060310000,3S,KOSDAQ,벤처기업부,1157,1,46,4.14,1110,1188,1109,278170,322202062,62874962400,53059040,KSQ,ME006
318160,KR7318160009,셀바이오휴먼텍,KOSDAQ,벤처기업부,7020,1,290,4.31,6740,6830,6500,38546,256214750,62841462490,9337513,KSQ,ME006
214270,KR7214270001,FSN,KOSDAQ,중견기업부,1374,2,-30,-2.14,1405,1415,1354,49018,67399290,62764019132,45251636,KSQ,ME006
082210,KR7082210006,옵트론텍,KOSDAQ,중견기업부,1789,1,31,1.76,1758,1795,1750,48799,86578435,62759177350,34963330,KSQ,ME006
0156T0,KR70156T0003,에이치엘지노믹스,KOSDAQ,중견기업부,8060,1,10,0.12,8050,8150,7980,57749,463615760,62724217660,7782161,KSQ,ME006
043650,KR7043650001,국순당,KOSDAQ,중견기업부,3510,1,10,0.29,3500,3525,3480,7922,27751950,62682647040,17858304,KSQ,ME006
291230,KR7291230001,컴투스엔,KOSDAQ,중견기업부,2600,2,-10,-0.38,2600,2610,2575,23180,60232453,62669312910,24011231,KSQ,ME006
900110,HK0000057197,딥커머스,KOSDAQ,외국기업(소속부없음),5860,1,400,7.33,5450,5670,5440,4007,22849365,62612493480,11062278,KSQ,ME006
187420,KR7187420005,HLB제넥스,KOSDAQ,기술성장기업부,1921,2,-48,-2.44,1963,1985,1895,141403,273411148,62351848770,32644947,KSQ,ME006
463020,KR7463020008,뉴엔AI,KOSDAQ,기술성장기업부,6920,2,-90,-1.28,7040,7070,6800,49564,343035030,62281296000,8987200,KSQ,ME006
008370,KR7008370009,원풍,KOSDAQ,우량기업부,5200,1,110,2.16,5060,5520,4970,44966,236936300,62160000000,12000000,KSQ,ME006
049480,KR7049480007,오픈베이스,KOSDAQ,우량기업부,1978,1,23,1.18,1949,1991,1949,101481,200108457,62153473574,31422383,KSQ,ME006
424980,KR7424980001,마이크로투나노,KOSDAQ,기술성장기업부,10880,1,1010,10.23,9900,11210,9820,90866,957863490,62089156100,5918890,KSQ,ME006
065170,KR7065170003,비엘팜텍,KOSDAQ,투자주의환기종목(소속부없음),2220,1,95,4.47,2080,2250,2080,370326,806386254,61968620460,27913793,KSQ,ME006
221800,KR7221800006,지구홀딩스,KOSDAQ,투자주의환기종목(소속부없음),3790,1,90,2.43,3875,3875,3615,35059,133276280,61848445290,16318851,KSQ,ME006
064240,KR7064240005,홈캐스트,KOSDAQ,벤처기업부,1797,1,12,0.67,1782,1794,1768,11426,20355175,61825155282,34694251,KSQ,ME006
066670,KR7066670001,디티씨,KOSDAQ,중견기업부,3370,1,55,1.66,3290,3320,3280,58679,193722655,61776788990,18691918,KSQ,ME006
036000,KR7036000008,예림당,KOSDAQ,중견기업부,2680,2,-25,-0.92,2735,2735,2670,23134,62320147,61616690975,23034277,KSQ,ME006
005670,KR7005670005,푸드웰,KOSDAQ,우량기업부,6170,3,0,0.0,6190,6200,6120,3535,21806070,61600000000,10000000,KSQ,ME006
127710,KR7127710002,아시아경제,KOSDAQ,중견기업부,1422,1,11,0.78,1429,1430,1350,68403,96081951,61580795580,44049210,KSQ,ME006
900300,HK0000312568,오가닉티코스메틱,KOSDAQ,외국기업(소속부없음),3000,1,400,15.38,2655,3375,2655,1308418,4159537908,61534490030,20580097,KSQ,ME006
014470,KR7014470009,부방,KOSDAQ,벤처기업부,1080,1,1,0.09,1071,1098,1070,25802,27733947,61328363000,57049640,KSQ,ME006
036090,KR7036090009,위지트,KOSDAQ,중견기업부,1445,1,43,3.07,1401,1463,1401,333787,478105464,61315290674,42550514,KSQ,ME006
299170,KR7299170001,더블유에스아이,KOSDAQ,중견기업부,1479,1,11,0.75,1472,1530,1450,2914791,4340761859,61229149800,41511288,KSQ,ME006
059270,KR7059270009,해성에어로보틱스,KOSDAQ,기술성장기업부,5480,2,-40,-0.72,5550,5640,5450,33111,183534930,61185838520,11165299,KSQ,ME006
010240,KR7010240000,흥국,KOSDAQ,우량기업부,5240,1,50,0.96,5220,5220,5190,3771,19641950,61105320000,11706000,KSQ,ME006
039420,KR7039420005,케이엘넷,KOSDAQ,중견기업부,2675,1,35,1.33,2655,2660,2610,9662,25438315,61039004040,22946994,KSQ,ME006
460870,KR7460870009,에스엠씨지,KOSDAQ,벤처기업부,3050,1,30,0.99,3020,3095,2950,46861,142186354,61022844160,20073304,KSQ,ME006
448710,KR7448710004,코츠테크놀로지,KOSDAQ,벤처기업부,11650,1,330,2.92,11310,11570,11220,19889,228474125,60939416760,5285292,KSQ,ME006
041460,KR7041460007,한국전자인증,KOSDAQ,중견기업부,3310,3,0,0.0,3295,3345,3275,25175,83157185,60911510245,18430109,KSQ,ME006
016250,KR7016250003,SGC E&C,KOSDAQ,중견기업부,12290,1,230,1.91,12300,12300,11990,2858,34621735,60897160740,5036986,KSQ,ME006
216050,KR7216050005,인크로스,KOSDAQ,중견기업부,4995,1,50,1.01,4945,5000,4935,15197,75518950,60810130670,12198622,KSQ,ME006
033320,KR7033320003,제이씨현시스템,KOSDAQ,벤처기업부,3180,1,45,1.44,3135,3195,3135,62835,199230810,60783893760,19114432,KSQ,ME006
483350,KR7483350005,딜리셔스,KOSDAQ,기술성장기업부,2740,2,-30,-1.08,2775,2845,2705,301291,827561960,60478945800,22153460,KSQ,ME006
010470,KR7010470003,오리콤,KOSDAQ,우량기업부,5020,1,25,0.5,5040,5040,4990,2556,12785575,60114751000,11975050,KSQ,ME006
352910,KR7352910004,오비고,KOSDAQ,기술성장기업부,4790,2,-40,-0.83,4830,4830,4730,8978,42776485,60092748510,12637802,KSQ,ME006
039020,KR7039020003,이건홀딩스,KOSDAQ,중견기업부,2640,1,25,0.96,2625,2660,2600,85129,222571950,59962402395,22584709,KSQ,ME006
251630,KR7251630000,브이원텍,KOSDAQ,벤처기업부,3750,1,15,0.4,3735,3840,3650,8122,30273360,59945251360,15942886,KSQ,ME006
360350,KR7360350003,코셈,KOSDAQ,기술성장기업부,10960,1,260,2.43,10360,11390,10280,52099,557969720,59817670000,5437970,KSQ,ME006
054300,KR7054300009,팬스타엔터프라이즈,KOSDAQ,벤처기업부,1038,2,-7,-0.67,1044,1052,1022,87218,89651262,59799731460,58170945,KSQ,ME006
003310,KR7003310000,대주산업,KOSDAQ,우량기업부,1689,1,41,2.49,1643,1707,1643,219493,370116954,59494540350,35392350,KSQ,ME006
025550,KR7025550005,한국선재,KOSDAQ,중견기업부,2320,1,5,0.22,2300,2355,2285,120134,278227031,59447629320,25514004,KSQ,ME006
094850,KR7094850005,참좋은여행,KOSDAQ,우량기업부,4245,2,-5,-0.12,4210,4255,4110,10196,43063470,59290000000,14000000,KSQ,ME006
464490,KR7464490002,쿼드메디슨,KOSDAQ,기술성장기업부,5210,1,190,3.78,5160,5400,4985,110581,576929665,59266009450,11507963,KSQ,ME006
081180,KR7081180002,쎄크,KOSDAQ,기술성장기업부,6700,1,100,1.52,6890,7050,6530,124109,841152240,59131084500,8825535,KSQ,ME006
175140,KR7175140003,아고스,KOSDAQ,투자주의환기종목(소속부없음),2355,1,55,2.39,2340,2375,2305,7711,18071385,58743715815,24944253,KSQ,ME006
033310,KR7033310004,엠투엔,KOSDAQ,중견기업부,1454,2,-15,-1.02,1446,1490,1446,28517,41764303,58679565408,39972456,KSQ,ME006
263690,KR7263690000,디알젬,KOSDAQ,우량기업부,5170,3,0,0.0,5150,5180,5100,5721,29550125,58666659800,11325610,KSQ,ME006
192250,KR7192250009,케이사인,KOSDAQ,벤처기업부,8420,1,140,1.69,8260,8350,8100,29967,246812200,58586466250,7067125,KSQ,ME006
215360,KR7215360009,우리산업,KOSDAQ,우량기업부,6450,1,230,3.7,6260,6440,6220,13014,82835270,58354521570,9132163,KSQ,ME006
348150,KR7348150004,고바이오랩,KOSDAQ,기술성장기업부,3010,1,15,0.5,2935,3010,2930,16311,48326215,58062478110,19418889,KSQ,ME006
191420,KR7191420009,테고사이언스,KOSDAQ,벤처기업부,7040,2,-210,-2.9,7110,7220,7040,3474,24809590,58059251440,8108834,KSQ,ME006
045340,KR7045340007,토탈소프트,KOSDAQ,벤처기업부,6820,1,20,0.29,6730,6840,6710,9262,62762320,57937930800,8558040,KSQ,ME006
037440,KR7037440005,희림,KOSDAQ,우량기업부,4150,2,-20,-0.48,4170,4190,4085,81751,336951189,57430209375,13922475,KSQ,ME006
050960,KR7050960004,수산아이앤티,KOSDAQ,벤처기업부,8500,1,40,0.47,8460,8570,8410,1967,16656340,57383500000,6751000,KSQ,ME006
950200,KR8840150005,소마젠,KOSDAQ,외국기업(소속부없음),3015,2,-70,-2.27,3105,3115,2960,71407,215585685,57323437940,19236053,KSQ,ME006
261520,KR7261520001,이지스,KOSDAQ,기술성장기업부,5550,1,50,0.91,5550,5740,5530,62729,354270010,57144568000,10277800,KSQ,ME006
288180,KR7288180003,케이피항공산업,KOSDAQ,중견기업부,7750,1,400,5.44,7410,7920,7330,33734,258802220,57002050020,7393262,KSQ,ME006
053050,KR7053050001,지에스이,KOSDAQ,우량기업부,1890,1,7,0.37,1867,1904,1867,55228,104240416,56676558330,29987597,KSQ,ME006
053620,KR7053620001,태양,KOSDAQ,우량기업부,6640,2,-90,-1.34,6700,6750,6520,8758,57988990,56502000000,8600000,KSQ,ME006
007370,KR7007370000,진양제약,KOSDAQ,우량기업부,3970,1,5,0.13,3965,3980,3940,3994,15846000,56184983325,14134587,KSQ,ME006
046210,KR7046210001,HLB파나진,KOSDAQ,벤처기업부,1250,3,0,0.0,1203,1250,1203,239387,293649422,55999390800,45527960,KSQ,ME006
290660,KR7290660000,다이나믹솔루션,KOSDAQ,기술성장기업부,1292,1,2,0.16,1301,1313,1280,233188,302236483,55903443840,42837888,KSQ,ME006
088280,KR7088280003,쏘닉스,KOSDAQ,기술성장기업부,3250,1,110,3.5,3140,3280,3100,99688,321393805,55899962700,17306490,KSQ,ME006
033230,KR7033230004,인성정보,KOSDAQ,중견기업부,1114,2,-5,-0.45,1119,1132,1101,86882,96694571,55718464140,50515380,KSQ,ME006
443250,KR7443250006,레뷰코퍼레이션,KOSDAQ,벤처기업부,5200,1,40,0.78,5200,5200,5110,3478,18139750,55670557550,10809817,KSQ,ME006
333620,KR7333620003,엔시스,KOSDAQ,벤처기업부,5000,3,0,0.0,5090,5090,5000,13070,65720660,55539445500,10997910,KSQ,ME006
317530,KR7317530004,에피소드컴퍼니,KOSDAQ,기술성장기업부,3310,1,65,2.0,3270,3310,3160,10547,34135333,55371301530,17494882,KSQ,ME006
365660,KR7365660000,레몬헬스케어,KOSDAQ,기술성장기업부,4085,2,-35,-0.85,4165,4195,4085,165432,682582884,55302347490,13455559,KSQ,ME006
321820,KR7321820003,아티스트컴퍼니,KOSDAQ,기술성장기업부,3625,1,225,6.62,3550,3690,3410,106838,378442851,55271427920,15591376,KSQ,ME006
145170,KR7145170007,노브랜드,KOSDAQ,중견기업부,3300,2,-255,-7.17,3545,3545,3265,346331,1168433446,55205942325,16908405,KSQ,ME006
109080,KR7109080002,옵티시스,KOSDAQ,벤처기업부,9670,1,280,2.98,9400,9950,9400,33931,330912620,55120080000,5636000,KSQ,ME006
419080,KR7419080007,엔젯,KOSDAQ,기술성장기업부,5070,1,110,2.22,5100,5110,4770,26199,130051470,54793957680,10871817,KSQ,ME006
0013V0,KR70013V0002,삼진식품,KOSDAQ,중견기업부,5430,1,30,0.56,5400,5620,5270,80336,435781685,54552608000,9918656,KSQ,ME006
238090,KR7238090005,앤디포스,KOSDAQ,벤처기업부,1782,2,-6,-0.34,1825,1825,1755,13485,23996286,54547397160,30490440,KSQ,ME006
040610,KR7040610008,SG&G,KOSDAQ,중견기업부,3210,1,50,1.58,3175,3205,3140,15930,50790125,54539513600,17043598,KSQ,ME006
036120,KR7036120004,서울평가정보,KOSDAQ,중견기업부,1555,2,-45,-2.81,1608,1630,1539,116034,180812952,54474750000,35145000,KSQ,ME006
036670,KR7036670008,삼양케이씨아이,KOSDAQ,우량기업부,5050,1,10,0.2,5040,5070,5010,5293,26633460,54446612000,10760200,KSQ,ME006
459100,KR7459100004,위츠,KOSDAQ,중견기업부,4015,1,45,1.13,4010,4020,3940,19146,76515485,53999061000,13466100,KSQ,ME006
024910,KR7024910002,경창산업,KOSDAQ,중견기업부,1525,1,53,3.6,1476,1514,1476,40127,60364155,53943421530,35819005,KSQ,ME006
317830,KR7317830008,에스피시스템스,KOSDAQ,벤처기업부,4995,1,220,4.61,4825,4980,4695,46830,229005272,53653613640,10773818,KSQ,ME006
391710,KR7391710001,코닉오토메이션,KOSDAQ,벤처기업부,1265,2,-1,-0.08,1290,1290,1198,129829,163369311,53573930790,42620470,KSQ,ME006
393210,KR7393210000,토마토시스템,KOSDAQ,기술성장기업부,3430,3,0,0.0,3520,3570,3350,406994,1393855574,53557885920,15614544,KSQ,ME006
061250,KR7061250007,화일약품,KOSDAQ,우량기업부,6400,2,-30,-0.47,6430,6490,6330,11869,75461365,53451658400,8417584,KSQ,ME006
170790,KR7170790000,파이오링크,KOSDAQ,우량기업부,8420,1,120,1.45,8320,8390,8230,7916,65776170,53417747250,6397335,KSQ,ME006
105760,KR7105760003,포스뱅크,KOSDAQ,우량기업부,5240,1,190,3.76,5090,5260,5050,37400,193537080,53298339010,10190887,KSQ,ME006
092300,KR7092300003,현우산업,KOSDAQ,우량기업부,2635,1,45,1.74,2575,2690,2575,82081,217833885,53296408795,20149871,KSQ,ME006
053270,KR7053270005,구영테크,KOSDAQ,우량기업부,1953,1,3,0.15,1940,1969,1932,21038,40825787,53231006510,27410405,KSQ,ME006
043710,KR7043710003,코스리거글로벌,KOSDAQ,중견기업부,3105,1,115,3.85,2990,3100,2990,1272,3860840,53062818630,17312502,KSQ,ME006
435570,KR7435570007,에르코스,KOSDAQ,벤처기업부,7070,1,30,0.43,7010,7130,6850,4356,30089640,53014201680,7616983,KSQ,ME006
071670,KR7071670004,에이테크솔루션,KOSDAQ,중견기업부,5280,1,50,0.96,5300,5360,5130,20250,107004560,53000000000,10000000,KSQ,ME006
054930,KR7054930003,유신,KOSDAQ,우량기업부,17780,1,330,1.89,17640,17800,17510,3462,60994385,52920000000,3000000,KSQ,ME006
420570,KR7420570004,제이투케이바이오,KOSDAQ,벤처기업부,9060,2,-390,-4.13,9480,9480,8900,32587,295006660,52919721150,5847483,KSQ,ME006
033170,KR7033170002,시그네틱스,KOSDAQ,중견기업부,3085,2,-75,-2.37,3135,3295,3025,296521,930508470,52808642040,17145663,KSQ,ME006
370090,KR7370090003,퓨런티어,KOSDAQ,기술성장기업부,6180,1,10,0.16,6170,6220,6080,14928,91787960,52795641100,8556830,KSQ,ME006
064800,KR7064800006,포니링크,KOSDAQ,중견기업부,2085,1,5,0.24,2185,2185,2030,18703,38847275,52784412835,25561459,KSQ,ME006
457600,KR7457600005,벡트,KOSDAQ,벤처기업부,3905,1,215,5.83,3685,4045,3540,226979,871307210,52773875000,13707500,KSQ,ME006
104620,KR7104620000,노랑풍선,KOSDAQ,중견기업부,3150,1,40,1.29,3165,3180,3080,53702,168242660,52701080520,16810552,KSQ,ME006
039240,KR7039240007,경남스틸,KOSDAQ,우량기업부,1947,1,33,1.72,1950,1965,1921,39780,77326247,52583248196,26979604,KSQ,ME006
246690,KR7246690002,TS인베스트먼트,KOSDAQ,중견기업부,2235,1,5,0.22,2235,2240,2180,50741,111780306,52549764540,23778174,KSQ,ME006
163280,KR7163280001,에어레인,KOSDAQ,기술성장기업부,3845,2,-15,-0.39,3835,3900,3830,26922,103817310,52235819520,13603078,KSQ,ME006
053160,KR7053160008,프리엠스,KOSDAQ,중견기업부,8640,2,-90,-1.03,8730,8730,8320,6107,51737600,52200000000,6000000,KSQ,ME006
094940,KR7094940004,푸른로보틱스,KOSDAQ,벤처기업부,6220,1,70,1.14,6170,6290,6100,34033,211652380,52175048640,8361386,KSQ,ME006
317850,KR7317850006,대모,KOSDAQ,벤처기업부,6270,2,-20,-0.32,6250,6320,6200,55172,344402480,51944380800,8324420,KSQ,ME006
459550,KR7459550000,알트,KOSDAQ,중견기업부,2060,2,-35,-1.67,2095,2120,2035,418298,865074342,51828663855,25220761,KSQ,ME006
024950,KR7024950008,삼천리자전거,KOSDAQ,중견기업부,4230,1,35,0.83,4200,4225,4155,1722,7206885,51770000000,12400000,KSQ,ME006
015710,KR7015710007,코콤,KOSDAQ,우량기업부,2910,1,5,0.17,2965,2965,2900,9982,29209365,51714975000,17530500,KSQ,ME006
052790,KR7052790003,액토즈소프트,KOSDAQ,중견기업부,4730,2,-50,-1.05,4750,4800,4605,33364,156990518,51673107310,10924547,KSQ,ME006
044340,KR7044340008,위닉스,KOSDAQ,중견기업부,2900,1,135,4.88,2790,2945,2780,102304,294382592,51654198250,17873425,KSQ,ME006
355690,KR7355690009,에이텀,KOSDAQ,기술성장기업부,5390,1,80,1.51,5270,5530,5270,84519,457675635,51584396710,9570389,KSQ,ME006
217500,KR7217500008,러셀,KOSDAQ,벤처기업부,1620,1,34,2.14,1586,1633,1563,141573,228739266,51535440000,31812000,KSQ,ME006
027050,KR7027050004,코리아나,KOSDAQ,중견기업부,1294,1,19,1.49,1282,1302,1265,49655,63797572,51160000000,40000000,KSQ,ME006
019990,KR7019990001,에너토크,KOSDAQ,중견기업부,5220,1,40,0.77,5210,5370,5120,33789,176702435,50926779360,9756088,KSQ,ME006
256630,KR7256630005,포인트엔지니어링,KOSDAQ,벤처기업부,4435,1,35,0.8,4365,4400,4330,3070,13408735,50457450900,11599414,KSQ,ME006
321260,KR7321260002,프로이천,KOSDAQ,벤처기업부,1789,1,52,2.99,1728,1829,1723,222474,400205095,50379254108,28192084,KSQ,ME006
088910,KR7088910005,동우팜투테이블,KOSDAQ,우량기업부,1963,2,-6,-0.3,1967,1983,1948,70453,138014200,50363213912,25721764,KSQ,ME006
278650,KR7278650007,HLB바이오스텝,KOSDAQ,중견기업부,2875,2,-180,-5.89,3030,3030,2870,166831,486337647,50118138500,17432396,KSQ,ME006
